    0.000000E+00    1.289888E+00    2.731500E+02    1.013862E+05    1.716079E-05    0.000000E+00    1.000000E+02    6.107800E+02    6.107800E+02    0.000000E+00    3.757104E-03    9.901600E-01
    3.000000E+00    1.289495E+00    2.731314E+02    1.013482E+05    1.715987E-05    1.788672E-04    1.000000E+02    6.099537E+02    6.098446E+02    0.000000E+00    3.753420E-03    9.893993E-01
    6.000000E+00    1.289102E+00    2.731128E+02    1.013102E+05    1.715895E-05    3.577690E-04    1.000000E+02    6.091284E+02    6.089105E+02    0.000000E+00    3.749739E-03    9.886384E-01
    9.000000E+00    1.288709E+00    2.730942E+02    1.012722E+05    1.715803E-05    5.367052E-04    1.000000E+02    6.083041E+02    6.079778E+02    0.000000E+00    3.746061E-03    9.878775E-01
    1.200000E+01    1.288316E+00    2.730756E+02    1.012342E+05    1.715711E-05    7.156759E-04    1.000000E+02    6.074807E+02    6.070463E+02    0.000000E+00    3.742386E-03    9.871165E-01
    1.500000E+01    1.287924E+00    2.730570E+02    1.011962E+05    1.715619E-05    8.946812E-04    1.000000E+02    6.066584E+02    6.061161E+02    0.000000E+00    3.738714E-03    9.863556E-01
    1.800000E+01    1.287531E+00    2.730384E+02    1.011583E+05    1.715527E-05    1.073721E-03    1.000000E+02    6.058370E+02    6.051872E+02    0.000000E+00    3.735044E-03    9.850347E-01
    2.100000E+01    1.287139E+00    2.730198E+02    1.011203E+05    1.715435E-05    1.252795E-03    1.000000E+02    6.050167E+02    6.042596E+02    0.000000E+00    3.731377E-03    9.833754E-01
    2.400000E+01    1.286747E+00    2.730012E+02    1.010824E+05    1.715343E-05    1.431904E-03    1.000000E+02    6.041973E+02    6.033333E+02    0.000000E+00    3.727713E-03    9.817161E-01
    2.700000E+01    1.286355E+00    2.729826E+02    1.010445E+05    1.715251E-05    1.611047E-03    1.000000E+02    6.033788E+02    6.024083E+02    0.000000E+00    3.724052E-03    9.800568E-01
    3.000000E+01    1.285963E+00    2.729640E+02    1.010066E+05    1.715159E-05    1.790225E-03    1.000000E+02    6.025614E+02    6.014846E+02    0.000000E+00    3.720394E-03    9.783975E-01
    3.300000E+01    1.285571E+00    2.729454E+02    1.009688E+05    1.715066E-05    1.969438E-03    1.000000E+02    6.017450E+02    6.005622E+02    0.000000E+00    3.716739E-03    9.767382E-01
    3.600000E+01    1.285180E+00    2.729268E+02    1.009309E+05    1.714974E-05    2.148685E-03    1.000000E+02    6.009295E+02    5.996410E+02    0.000000E+00    3.713086E-03    9.750789E-01
    3.900000E+01    1.284788E+00    2.729082E+02    1.008930E+05    1.714882E-05    2.327966E-03    1.000000E+02    6.001150E+02    5.987212E+02    0.000000E+00    3.709436E-03    9.734196E-01
    4.200000E+01    1.284397E+00    2.728896E+02    1.008552E+05    1.714790E-05    2.507282E-03    1.000000E+02    5.993015E+02    5.978026E+02    0.000000E+00    3.705789E-03    9.717603E-01
    4.500000E+01    1.284005E+00    2.728710E+02    1.008174E+05    1.714698E-05    2.686633E-03    1.000000E+02    5.984889E+02    5.968853E+02    0.000000E+00    3.702145E-03    9.701010E-01
    4.800000E+01    1.283614E+00    2.728524E+02    1.007795E+05    1.714606E-05    2.866018E-03    1.000000E+02    5.976773E+02    5.959693E+02    0.000000E+00    3.698504E-03    9.684416E-01
    5.100000E+01    1.283222E+00    2.728338E+02    1.007417E+05    1.714514E-05    3.045437E-03    1.000000E+02    5.968667E+02    5.950545E+02    0.000000E+00    3.694867E-03    9.667822E-01
    5.400000E+01    1.282831E+00    2.728152E+02    1.007039E+05    1.714422E-05    3.224892E-03    1.000000E+02    5.960571E+02    5.941411E+02    0.000000E+00    3.691232E-03    9.651227E-01
    5.700000E+01    1.282440E+00    2.727966E+02    1.006661E+05    1.714330E-05    3.404380E-03    1.000000E+02    5.952484E+02    5.932289E+02    0.000000E+00    3.687600E-03    9.634632E-01
    6.000000E+01    1.282049E+00    2.727780E+02    1.006284E+05    1.714237E-05    3.583904E-03    1.000000E+02    5.944408E+02    5.923180E+02    0.000000E+00    3.683970E-03    9.618037E-01
    6.300000E+01    1.281658E+00    2.727594E+02    1.005906E+05    1.714145E-05    3.763461E-03    1.000000E+02    5.936340E+02    5.914083E+02    0.000000E+00    3.680344E-03    9.601442E-01
    6.600000E+01    1.281267E+00    2.727408E+02    1.005528E+05    1.714053E-05    3.943054E-03    1.000000E+02    5.928283E+02    5.904999E+02    0.000000E+00    3.676720E-03    9.585354E-01
    6.900000E+01    1.280877E+00    2.727222E+02    1.005151E+05    1.713961E-05    4.122681E-03    1.000000E+02    5.920235E+02    5.895928E+02    0.000000E+00    3.673099E-03    9.569784E-01
    7.200000E+01    1.280486E+00    2.727036E+02    1.004774E+05    1.713869E-05    4.302342E-03    1.000000E+02    5.912197E+02    5.886870E+02    0.000000E+00    3.669481E-03    9.554214E-01
    7.500000E+01    1.280096E+00    2.726850E+02    1.004397E+05    1.713777E-05    4.482038E-03    1.000000E+02    5.904169E+02    5.877824E+02    0.000000E+00    3.665866E-03    9.538644E-01
    7.800000E+01    1.279705E+00    2.726664E+02    1.004020E+05    1.713685E-05    4.661769E-03    1.000000E+02    5.896150E+02    5.868791E+02    0.000000E+00    3.662254E-03    9.523074E-01
    8.100000E+01    1.279314E+00    2.726478E+02    1.003643E+05    1.713593E-05    4.841534E-03    1.000000E+02    5.888140E+02    5.859770E+02    0.000000E+00    3.658646E-03    9.507546E-01
    8.400000E+01    1.278924E+00    2.726292E+02    1.003266E+05    1.713500E-05    5.021334E-03    1.000000E+02    5.880141E+02    5.850762E+02    0.000000E+00    3.655040E-03    9.492341E-01
    8.700000E+01    1.278534E+00    2.726106E+02    1.002889E+05    1.713408E-05    5.201168E-03    1.000000E+02    5.872151E+02    5.841767E+02    0.000000E+00    3.651437E-03    9.477135E-01
    9.000000E+01    1.278144E+00    2.725920E+02    1.002512E+05    1.713316E-05    5.381037E-03    1.000000E+02    5.864171E+02    5.832784E+02    0.000000E+00    3.647836E-03    9.461930E-01
    9.300000E+01    1.277753E+00    2.725734E+02    1.002136E+05    1.713224E-05    5.560941E-03    1.000000E+02    5.856200E+02    5.823814E+02    0.000000E+00    3.644239E-03    9.446724E-01
    9.600000E+01    1.277364E+00    2.725548E+02    1.001759E+05    1.713132E-05    5.740879E-03    1.000000E+02    5.848239E+02    5.814856E+02    0.000000E+00    3.640644E-03    9.431519E-01
    9.900000E+01    1.276974E+00    2.725362E+02    1.001383E+05    1.713040E-05    5.920851E-03    1.000000E+02    5.840287E+02    5.805911E+02    0.000000E+00    3.637052E-03    9.416312E-01
    1.020000E+02    1.276584E+00    2.725176E+02    1.001007E+05    1.712947E-05    6.100858E-03    1.000000E+02    5.832345E+02    5.796978E+02    0.000000E+00    3.633462E-03    9.401105E-01
    1.050000E+02    1.276195E+00    2.724990E+02    1.000631E+05    1.712855E-05    6.280900E-03    1.000000E+02    5.824412E+02    5.788058E+02    0.000000E+00    3.629876E-03    9.385897E-01
    1.080000E+02    1.275805E+00    2.724804E+02    1.000255E+05    1.712763E-05    6.460976E-03    1.000000E+02    5.816489E+02    5.779150E+02    0.000000E+00    3.626293E-03    9.370690E-01
    1.110000E+02    1.275415E+00    2.724618E+02    9.998791E+04    1.712671E-05    6.641087E-03    1.000000E+02    5.808576E+02    5.770255E+02    0.000000E+00    3.622713E-03    9.355483E-01
    1.140000E+02    1.275026E+00    2.724432E+02    9.995034E+04    1.712579E-05    6.821233E-03    1.000000E+02    5.800672E+02    5.761372E+02    0.000000E+00    3.619136E-03    9.340276E-01
    1.170000E+02    1.274636E+00    2.724246E+02    9.991277E+04    1.712487E-05    7.001413E-03    1.000000E+02    5.792778E+02    5.752502E+02    0.000000E+00    3.615562E-03    9.325070E-01
    1.200000E+02    1.274247E+00    2.724060E+02    9.987522E+04    1.712394E-05    7.181628E-03    1.000000E+02    5.784893E+02    5.743644E+02    0.000000E+00    3.611990E-03    9.309865E-01
    1.230000E+02    1.273858E+00    2.723874E+02    9.983769E+04    1.712302E-05    7.361877E-03    1.000000E+02    5.777017E+02    5.734799E+02    0.000000E+00    3.608421E-03    9.294659E-01
    1.260000E+02    1.273469E+00    2.723688E+02    9.980016E+04    1.712210E-05    7.542161E-03    1.000000E+02    5.769152E+02    5.725965E+02    0.000000E+00    3.604855E-03    9.279454E-01
    1.290000E+02    1.273080E+00    2.723502E+02    9.976266E+04    1.712118E-05    7.722480E-03    1.000000E+02    5.761295E+02    5.717145E+02    0.000000E+00    3.601292E-03    9.264248E-01
    1.320000E+02    1.272691E+00    2.723316E+02    9.972516E+04    1.712026E-05    7.902833E-03    1.000000E+02    5.753448E+02    5.708336E+02    0.000000E+00    3.597731E-03    9.249759E-01
    1.350000E+02    1.272302E+00    2.723130E+02    9.968768E+04    1.711933E-05    8.083220E-03    1.000000E+02    5.745611E+02    5.699540E+02    0.000000E+00    3.594173E-03    9.235277E-01
    1.380000E+02    1.271913E+00    2.722944E+02    9.965019E+04    1.711841E-05    8.263643E-03    1.000000E+02    5.737783E+02    5.690756E+02    0.000000E+00    3.590619E-03    9.220795E-01
    1.410000E+02    1.271525E+00    2.722758E+02    9.961271E+04    1.711749E-05    8.444100E-03    1.000000E+02    5.729964E+02    5.681985E+02    0.000000E+00    3.587068E-03    9.206313E-01
    1.440000E+02    1.271136E+00    2.722572E+02    9.957525E+04    1.711657E-05    8.624591E-03    1.000000E+02    5.722155E+02    5.673226E+02    0.000000E+00    3.583519E-03    9.191831E-01
    1.470000E+02    1.270747E+00    2.722386E+02    9.953780E+04    1.711565E-05    8.805117E-03    1.000000E+02    5.714355E+02    5.664479E+02    0.000000E+00    3.579973E-03    9.178518E-01
    1.500000E+02    1.270359E+00    2.722200E+02    9.950036E+04    1.711472E-05    8.985678E-03    1.000000E+02    5.706565E+02    5.655744E+02    0.000000E+00    3.576430E-03    9.165944E-01
    1.530000E+02    1.269971E+00    2.722014E+02    9.946294E+04    1.711380E-05    9.166273E-03    1.000000E+02    5.698784E+02    5.647021E+02    0.000000E+00    3.572890E-03    9.153371E-01
    1.560000E+02    1.269583E+00    2.721828E+02    9.942553E+04    1.711288E-05    9.346903E-03    1.000000E+02    5.691012E+02    5.638311E+02    0.000000E+00    3.569352E-03    9.140797E-01
    1.590000E+02    1.269194E+00    2.721642E+02    9.938813E+04    1.711196E-05    9.527568E-03    1.000000E+02    5.683250E+02    5.629613E+02    0.000000E+00    3.565817E-03    9.128223E-01
    1.620000E+02    1.268807E+00    2.721456E+02    9.935075E+04    1.711104E-05    9.708267E-03    1.000000E+02    5.675497E+02    5.620928E+02    0.000000E+00    3.562285E-03    9.115650E-01
    1.650000E+02    1.268419E+00    2.721270E+02    9.931339E+04    1.711011E-05    9.889001E-03    1.000000E+02    5.667754E+02    5.612254E+02    0.000000E+00    3.558755E-03    9.103076E-01
    1.680000E+02    1.268031E+00    2.721084E+02    9.927601E+04    1.710919E-05    1.006977E-02    1.000000E+02    5.660019E+02    5.603592E+02    0.000000E+00    3.555230E-03    9.090503E-01
    1.710000E+02    1.267643E+00    2.720898E+02    9.923864E+04    1.710827E-05    1.025057E-02    1.000000E+02    5.652295E+02    5.594943E+02    0.000000E+00    3.551707E-03    9.077929E-01
    1.740000E+02    1.267255E+00    2.720712E+02    9.920129E+04    1.710735E-05    1.043141E-02    1.000000E+02    5.644579E+02    5.586306E+02    0.000000E+00    3.548187E-03    9.065355E-01
    1.770000E+02    1.266867E+00    2.720526E+02    9.916395E+04    1.710642E-05    1.061228E-02    1.000000E+02    5.636873E+02    5.577681E+02    0.000000E+00    3.544669E-03    9.052782E-01
    1.800000E+02    1.266480E+00    2.720340E+02    9.912663E+04    1.710550E-05    1.079319E-02    1.000000E+02    5.629176E+02    5.569068E+02    0.000000E+00    3.541154E-03    9.040210E-01
    1.830000E+02    1.266092E+00    2.720154E+02    9.908932E+04    1.710458E-05    1.097413E-02    1.000000E+02    5.621489E+02    5.560467E+02    0.000000E+00    3.537642E-03    9.027638E-01
    1.860000E+02    1.265705E+00    2.719968E+02    9.905202E+04    1.710366E-05    1.115511E-02    1.000000E+02    5.613810E+02    5.551879E+02    0.000000E+00    3.534133E-03    9.015066E-01
    1.890000E+02    1.265318E+00    2.719782E+02    9.901474E+04    1.710273E-05    1.133612E-02    1.000000E+02    5.606141E+02    5.543302E+02    0.000000E+00    3.530626E-03    9.002495E-01
    1.920000E+02    1.264931E+00    2.719596E+02    9.897747E+04    1.710181E-05    1.151716E-02    1.000000E+02    5.598482E+02    5.534737E+02    0.000000E+00    3.527122E-03    8.989923E-01
    1.950000E+02    1.264544E+00    2.719410E+02    9.894022E+04    1.710089E-05    1.169824E-02    1.000000E+02    5.590831E+02    5.526185E+02    0.000000E+00    3.523621E-03    8.977342E-01
    1.980000E+02    1.264157E+00    2.719224E+02    9.890295E+04    1.709997E-05    1.187936E-02    1.000000E+02    5.583190E+02    5.517644E+02    0.000000E+00    3.520124E-03    8.964752E-01
    2.010000E+02    1.263770E+00    2.719038E+02    9.886570E+04    1.709904E-05    1.206051E-02    1.000000E+02    5.575558E+02    5.509115E+02    0.000000E+00    3.516629E-03    8.952161E-01
    2.040000E+02    1.263383E+00    2.718852E+02    9.882846E+04    1.709812E-05    1.224169E-02    1.000000E+02    5.567935E+02    5.500599E+02    0.000000E+00    3.513137E-03    8.939571E-01
    2.070000E+02    1.262996E+00    2.718666E+02    9.879124E+04    1.709720E-05    1.242291E-02    1.000000E+02    5.560322E+02    5.492094E+02    0.000000E+00    3.509648E-03    8.926981E-01
    2.100000E+02    1.262609E+00    2.718480E+02    9.875403E+04    1.709628E-05    1.260416E-02    1.000000E+02    5.552718E+02    5.483601E+02    0.000000E+00    3.506161E-03    8.913927E-01
    2.130000E+02    1.262223E+00    2.718294E+02    9.871683E+04    1.709535E-05    1.278545E-02    1.000000E+02    5.545123E+02    5.475121E+02    0.000000E+00    3.502678E-03    8.897018E-01
    2.160000E+02    1.261836E+00    2.718108E+02    9.867965E+04    1.709443E-05    1.296678E-02    1.000000E+02    5.537537E+02    5.466652E+02    0.000000E+00    3.499196E-03    8.880109E-01
    2.190000E+02    1.261450E+00    2.717922E+02    9.864248E+04    1.709351E-05    1.314813E-02    1.000000E+02    5.529960E+02    5.458195E+02    0.000000E+00    3.495718E-03    8.863200E-01
    2.220000E+02    1.261064E+00    2.717736E+02    9.860533E+04    1.709259E-05    1.332953E-02    1.000000E+02    5.522392E+02    5.449750E+02    0.000000E+00    3.492242E-03    8.846290E-01
    2.250000E+02    1.260678E+00    2.717550E+02    9.856819E+04    1.709166E-05    1.351095E-02    1.000000E+02    5.514834E+02    5.441317E+02    0.000000E+00    3.488769E-03    8.829381E-01
    2.280000E+02    1.260292E+00    2.717364E+02    9.853103E+04    1.709074E-05    1.369241E-02    1.000000E+02    5.507285E+02    5.432895E+02    0.000000E+00    3.485300E-03    8.812472E-01
    2.310000E+02    1.259905E+00    2.717178E+02    9.849389E+04    1.708982E-05    1.387391E-02    1.000000E+02    5.499745E+02    5.424486E+02    0.000000E+00    3.481833E-03    8.795563E-01
    2.340000E+02    1.259519E+00    2.716992E+02    9.845677E+04    1.708889E-05    1.405544E-02    1.000000E+02    5.492214E+02    5.416088E+02    0.000000E+00    3.478369E-03    8.778653E-01
    2.370000E+02    1.259133E+00    2.716806E+02    9.841965E+04    1.708797E-05    1.423701E-02    1.000000E+02    5.484692E+02    5.407703E+02    0.000000E+00    3.474908E-03    8.761744E-01
    2.400000E+02    1.258748E+00    2.716620E+02    9.838256E+04    1.708705E-05    1.441861E-02    1.000000E+02    5.477179E+02    5.399329E+02    0.000000E+00    3.471450E-03    8.744835E-01
    2.430000E+02    1.258362E+00    2.716434E+02    9.834547E+04    1.708612E-05    1.460024E-02    1.000000E+02    5.469676E+02    5.390966E+02    0.000000E+00    3.467994E-03    8.727926E-01
    2.460000E+02    1.257976E+00    2.716248E+02    9.830840E+04    1.708520E-05    1.478191E-02    1.000000E+02    5.462181E+02    5.382616E+02    0.000000E+00    3.464541E-03    8.711019E-01
    2.490000E+02    1.257591E+00    2.716062E+02    9.827135E+04    1.708428E-05    1.496361E-02    1.000000E+02    5.454696E+02    5.374277E+02    0.000000E+00    3.461090E-03    8.694111E-01
    2.520000E+02    1.257206E+00    2.715876E+02    9.823430E+04    1.708336E-05    1.514535E-02    1.000000E+02    5.447220E+02    5.365950E+02    0.000000E+00    3.457642E-03    8.677204E-01
    2.550000E+02    1.256820E+00    2.715690E+02    9.819728E+04    1.708243E-05    1.532713E-02    1.000000E+02    5.439752E+02    5.357635E+02    0.000000E+00    3.454197E-03    8.660297E-01
    2.580000E+02    1.256435E+00    2.715504E+02    9.816024E+04    1.708151E-05    1.550893E-02    1.000000E+02    5.432294E+02    5.349332E+02    0.000000E+00    3.450756E-03    8.643389E-01
    2.610000E+02    1.256050E+00    2.715318E+02    9.812321E+04    1.708059E-05    1.569078E-02    1.000000E+02    5.424845E+02    5.341040E+02    0.000000E+00    3.447317E-03    8.626480E-01
    2.640000E+02    1.255665E+00    2.715132E+02    9.808619E+04    1.707966E-05    1.587265E-02    1.000000E+02    5.417405E+02    5.332760E+02    0.000000E+00    3.443881E-03    8.609571E-01
    2.670000E+02    1.255280E+00    2.714946E+02    9.804920E+04    1.707874E-05    1.605457E-02    1.000000E+02    5.409974E+02    5.324492E+02    0.000000E+00    3.440448E-03    8.592661E-01
    2.700000E+02    1.254895E+00    2.714760E+02    9.801221E+04    1.707782E-05    1.623651E-02    1.000000E+02    5.402552E+02    5.316235E+02    0.000000E+00    3.437017E-03    8.575752E-01
    2.730000E+02    1.254510E+00    2.714574E+02    9.797524E+04    1.707689E-05    1.641850E-02    1.000000E+02    5.395139E+02    5.307990E+02    0.000000E+00    3.433589E-03    8.558843E-01
    2.760000E+02    1.254125E+00    2.714388E+02    9.793828E+04    1.707597E-05    1.660051E-02    1.000000E+02    5.387735E+02    5.299756E+02    0.000000E+00    3.430164E-03    8.541896E-01
    2.790000E+02    1.253741E+00    2.714202E+02    9.790134E+04    1.707505E-05    1.678256E-02    1.000000E+02    5.380340E+02    5.291534E+02    0.000000E+00    3.426741E-03    8.524923E-01
    2.820000E+02    1.253356E+00    2.714016E+02    9.786441E+04    1.707412E-05    1.696465E-02    1.000000E+02    5.372954E+02    5.283324E+02    0.000000E+00    3.423321E-03    8.507951E-01
    2.850000E+02    1.252972E+00    2.713830E+02    9.782749E+04    1.707320E-05    1.714677E-02    1.000000E+02    5.365577E+02    5.275125E+02    0.000000E+00    3.419904E-03    8.490978E-01
    2.880000E+02    1.252587E+00    2.713644E+02    9.779056E+04    1.707228E-05    1.732892E-02    1.000000E+02    5.358209E+02    5.266938E+02    0.000000E+00    3.416491E-03    8.474006E-01
    2.910000E+02    1.252203E+00    2.713458E+02    9.775365E+04    1.707135E-05    1.751111E-02    1.000000E+02    5.350850E+02    5.258763E+02    0.000000E+00    3.413080E-03    8.457026E-01
    2.940000E+02    1.251819E+00    2.713272E+02    9.771675E+04    1.707043E-05    1.769334E-02    1.000000E+02    5.343499E+02    5.250599E+02    0.000000E+00    3.409671E-03    8.440020E-01
    2.970000E+02    1.251434E+00    2.713086E+02    9.767986E+04    1.706951E-05    1.787560E-02    1.000000E+02    5.336158E+02    5.242446E+02    0.000000E+00    3.406266E-03    8.423014E-01
    3.000000E+02    1.251050E+00    2.712900E+02    9.764299E+04    1.706858E-05    1.805789E-02    1.000000E+02    5.328826E+02    5.234305E+02    0.000000E+00    3.402863E-03    8.406008E-01
    3.030000E+02    1.250666E+00    2.712714E+02    9.760613E+04    1.706766E-05    1.824022E-02    1.000000E+02    5.321502E+02    5.226176E+02    0.000000E+00    3.399462E-03    8.389002E-01
    3.060000E+02    1.250283E+00    2.712528E+02    9.756928E+04    1.706673E-05    1.842258E-02    1.000000E+02    5.314188E+02    5.218058E+02    0.000000E+00    3.396065E-03    8.371996E-01
    3.090000E+02    1.249899E+00    2.712342E+02    9.753245E+04    1.706581E-05    1.860498E-02    1.000000E+02    5.306882E+02    5.209951E+02    0.000000E+00    3.392670E-03    8.354988E-01
    3.120000E+02    1.249515E+00    2.712156E+02    9.749564E+04    1.706489E-05    1.878741E-02    1.000000E+02    5.299586E+02    5.201856E+02    0.000000E+00    3.389277E-03    8.337980E-01
    3.150000E+02    1.249132E+00    2.711970E+02    9.745883E+04    1.706396E-05    1.896988E-02    1.000000E+02    5.292298E+02    5.193773E+02    0.000000E+00    3.385888E-03    8.320972E-01
    3.180000E+02    1.248748E+00    2.711784E+02    9.742202E+04    1.706304E-05    1.915238E-02    1.000000E+02    5.285019E+02    5.185700E+02    0.000000E+00    3.382502E-03    8.303965E-01
    3.210000E+02    1.248365E+00    2.711598E+02    9.738521E+04    1.706212E-05    1.933492E-02    1.000000E+02    5.277749E+02    5.177640E+02    0.000000E+00    3.379118E-03    8.286957E-01
    3.240000E+02    1.247981E+00    2.711412E+02    9.734842E+04    1.706119E-05    1.951749E-02    1.000000E+02    5.270488E+02    5.169590E+02    0.000000E+00    3.375738E-03    8.269950E-01
    3.270000E+02    1.247598E+00    2.711226E+02    9.731165E+04    1.706027E-05    1.970010E-02    1.000000E+02    5.263235E+02    5.161552E+02    0.000000E+00    3.372360E-03    8.252944E-01
    3.300000E+02    1.247215E+00    2.711040E+02    9.727489E+04    1.705934E-05    1.988274E-02    1.000000E+02    5.255992E+02    5.153525E+02    0.000000E+00    3.368984E-03    8.235938E-01
    3.330000E+02    1.246832E+00    2.710854E+02    9.723814E+04    1.705842E-05    2.006542E-02    1.000000E+02    5.248757E+02    5.145510E+02    0.000000E+00    3.365611E-03    8.218932E-01
    3.360000E+02    1.246449E+00    2.710668E+02    9.720141E+04    1.705750E-05    2.024813E-02    1.000000E+02    5.241531E+02    5.137506E+02    0.000000E+00    3.362241E-03    8.201926E-01
    3.390000E+02    1.246066E+00    2.710482E+02    9.716469E+04    1.705657E-05    2.043087E-02    1.000000E+02    5.234314E+02    5.129513E+02    0.000000E+00    3.358874E-03    8.184852E-01
    3.420000E+02    1.245683E+00    2.710296E+02    9.712798E+04    1.705565E-05    2.061365E-02    1.000000E+02    5.227106E+02    5.121532E+02    0.000000E+00    3.355509E-03    8.167145E-01
    3.450000E+02    1.245301E+00    2.710110E+02    9.709129E+04    1.705472E-05    2.079647E-02    1.000000E+02    5.219906E+02    5.113562E+02    0.000000E+00    3.352147E-03    8.149438E-01
    3.480000E+02    1.244918E+00    2.709924E+02    9.705459E+04    1.705380E-05    2.097932E-02    1.000000E+02    5.212715E+02    5.105603E+02    0.000000E+00    3.348788E-03    8.131731E-01
    3.510000E+02    1.244535E+00    2.709738E+02    9.701790E+04    1.705288E-05    2.116220E-02    1.000000E+02    5.205533E+02    5.097656E+02    0.000000E+00    3.345432E-03    8.114023E-01
    3.540000E+02    1.244153E+00    2.709552E+02    9.698122E+04    1.705195E-05    2.134512E-02    1.000000E+02    5.198360E+02    5.089719E+02    0.000000E+00    3.342079E-03    8.096316E-01
    3.570000E+02    1.243770E+00    2.709366E+02    9.694456E+04    1.705103E-05    2.152807E-02    1.000000E+02    5.191196E+02    5.081794E+02    0.000000E+00    3.338728E-03    8.077254E-01
    3.600000E+02    1.243388E+00    2.709180E+02    9.690791E+04    1.705010E-05    2.171106E-02    1.000000E+02    5.184040E+02    5.073881E+02    0.000000E+00    3.335380E-03    8.057664E-01
    3.630000E+02    1.243006E+00    2.708994E+02    9.687127E+04    1.704918E-05    2.189408E-02    1.000000E+02    5.176893E+02    5.065978E+02    0.000000E+00    3.332035E-03    8.038075E-01
    3.660000E+02    1.242624E+00    2.708808E+02    9.683465E+04    1.704826E-05    2.207714E-02    1.000000E+02    5.169755E+02    5.058087E+02    0.000000E+00    3.328692E-03    8.018485E-01
    3.690000E+02    1.242242E+00    2.708622E+02    9.679804E+04    1.704733E-05    2.226024E-02    1.000000E+02    5.162625E+02    5.050206E+02    0.000000E+00    3.325352E-03    7.998895E-01
    3.720000E+02    1.241860E+00    2.708436E+02    9.676145E+04    1.704641E-05    2.244336E-02    1.000000E+02    5.155504E+02    5.042337E+02    0.000000E+00    3.322014E-03    7.979305E-01
    3.750000E+02    1.241478E+00    2.708250E+02    9.672487E+04    1.704548E-05    2.262652E-02    1.000000E+02    5.148392E+02    5.034479E+02    0.000000E+00    3.318679E-03    7.959714E-01
    3.780000E+02    1.241096E+00    2.708064E+02    9.668828E+04    1.704456E-05    2.280972E-02    1.000000E+02    5.141289E+02    5.026633E+02    0.000000E+00    3.315348E-03    7.940123E-01
    3.810000E+02    1.240714E+00    2.707878E+02    9.665170E+04    1.704363E-05    2.299295E-02    1.000000E+02    5.134194E+02    5.018797E+02    0.000000E+00    3.312019E-03    7.920531E-01
    3.840000E+02    1.240333E+00    2.707692E+02    9.661513E+04    1.704271E-05    2.317622E-02    1.000000E+02    5.127108E+02    5.010973E+02    0.000000E+00    3.308693E-03    7.900940E-01
    3.870000E+02    1.239951E+00    2.707506E+02    9.657858E+04    1.704178E-05    2.335952E-02    1.000000E+02    5.120030E+02    5.003159E+02    0.000000E+00    3.305370E-03    7.881348E-01
    3.900000E+02    1.239570E+00    2.707320E+02    9.654204E+04    1.704086E-05    2.354286E-02    1.000000E+02    5.112962E+02    4.995357E+02    0.000000E+00    3.302049E-03    7.872793E-01
    3.930000E+02    1.239188E+00    2.707134E+02    9.650552E+04    1.703994E-05    2.372623E-02    1.000000E+02    5.105902E+02    4.987565E+02    0.000000E+00    3.298731E-03    7.864609E-01
    3.960000E+02    1.238807E+00    2.706948E+02    9.646901E+04    1.703901E-05    2.390963E-02    1.000000E+02    5.098850E+02    4.979785E+02    0.000000E+00    3.295415E-03    7.856425E-01
    3.990000E+02    1.238426E+00    2.706762E+02    9.643251E+04    1.703809E-05    2.409307E-02    1.000000E+02    5.091807E+02    4.972016E+02    0.000000E+00    3.292102E-03    7.848241E-01
    4.020000E+02    1.238045E+00    2.706576E+02    9.639603E+04    1.703716E-05    2.427655E-02    1.000000E+02    5.084773E+02    4.964258E+02    0.000000E+00    3.288792E-03    7.840057E-01
    4.050000E+02    1.237664E+00    2.706390E+02    9.635956E+04    1.703624E-05    2.446006E-02    1.000000E+02    5.077747E+02    4.956511E+02    0.000000E+00    3.285484E-03    7.831873E-01
    4.080000E+02    1.237283E+00    2.706204E+02    9.632308E+04    1.703531E-05    2.464360E-02    1.000000E+02    5.070730E+02    4.948774E+02    0.000000E+00    3.282180E-03    7.823689E-01
    4.110000E+02    1.236902E+00    2.706018E+02    9.628661E+04    1.703439E-05    2.482718E-02    1.000000E+02    5.063722E+02    4.941049E+02    0.000000E+00    3.278878E-03    7.815309E-01
    4.140000E+02    1.236521E+00    2.705832E+02    9.625016E+04    1.703346E-05    2.501080E-02    1.000000E+02    5.056722E+02    4.933335E+02    0.000000E+00    3.275579E-03    7.788361E-01
    4.170000E+02    1.236141E+00    2.705646E+02    9.621372E+04    1.703254E-05    2.519445E-02    1.000000E+02    5.049730E+02    4.925632E+02    0.000000E+00    3.272282E-03    7.761414E-01
    4.200000E+02    1.235760E+00    2.705460E+02    9.617729E+04    1.703161E-05    2.537813E-02    1.000000E+02    5.042748E+02    4.917939E+02    0.000000E+00    3.268989E-03    7.734466E-01
    4.230000E+02    1.235380E+00    2.705274E+02    9.614088E+04    1.703069E-05    2.556185E-02    1.000000E+02    5.035773E+02    4.910258E+02    0.000000E+00    3.265697E-03    7.707518E-01
    4.260000E+02    1.234999E+00    2.705088E+02    9.610448E+04    1.702976E-05    2.574560E-02    1.000000E+02    5.028808E+02    4.902588E+02    0.000000E+00    3.262409E-03    7.680570E-01
    4.290000E+02    1.234619E+00    2.704902E+02    9.606810E+04    1.702884E-05    2.592939E-02    1.000000E+02    5.021851E+02    4.894928E+02    0.000000E+00    3.259123E-03    7.653623E-01
    4.320000E+02    1.234239E+00    2.704716E+02    9.603173E+04    1.702791E-05    2.611321E-02    1.000000E+02    5.014902E+02    4.887279E+02    0.000000E+00    3.255839E-03    7.626675E-01
    4.350000E+02    1.233859E+00    2.704530E+02    9.599537E+04    1.702699E-05    2.629707E-02    1.000000E+02    5.007962E+02    4.879642E+02    0.000000E+00    3.252559E-03    7.599727E-01
    4.380000E+02    1.233479E+00    2.704344E+02    9.595900E+04    1.702606E-05    2.648096E-02    1.000000E+02    5.001030E+02    4.872015E+02    0.000000E+00    3.249281E-03    7.572779E-01
    4.410000E+02    1.233099E+00    2.704158E+02    9.592264E+04    1.702514E-05    2.666489E-02    1.000000E+02    4.994107E+02    4.864398E+02    0.000000E+00    3.246007E-03    7.546911E-01
    4.440000E+02    1.232719E+00    2.703972E+02    9.588630E+04    1.702421E-05    2.684885E-02    1.000000E+02    4.987192E+02    4.856793E+02    0.000000E+00    3.242734E-03    7.529113E-01
    4.470000E+02    1.232339E+00    2.703786E+02    9.584997E+04    1.702329E-05    2.703285E-02    1.000000E+02    4.980286E+02    4.849199E+02    0.000000E+00    3.239465E-03    7.511316E-01
    4.500000E+02    1.231959E+00    2.703600E+02    9.581366E+04    1.702236E-05    2.721688E-02    1.000000E+02    4.973389E+02    4.841615E+02    0.000000E+00    3.236198E-03    7.493519E-01
    4.530000E+02    1.231580E+00    2.703414E+02    9.577736E+04    1.702144E-05    2.740095E-02    1.000000E+02    4.966499E+02    4.834042E+02    0.000000E+00    3.232934E-03    7.475721E-01
    4.560000E+02    1.231200E+00    2.703228E+02    9.574107E+04    1.702051E-05    2.758505E-02    1.000000E+02    4.959619E+02    4.826480E+02    0.000000E+00    3.229672E-03    7.457924E-01
    4.590000E+02    1.230821E+00    2.703042E+02    9.570480E+04    1.701959E-05    2.776918E-02    1.000000E+02    4.952746E+02    4.818929E+02    0.000000E+00    3.226413E-03    7.440127E-01
    4.620000E+02    1.230442E+00    2.702856E+02    9.566854E+04    1.701866E-05    2.795335E-02    1.000000E+02    4.945882E+02    4.811388E+02    0.000000E+00    3.223156E-03    7.422329E-01
    4.650000E+02    1.230063E+00    2.702670E+02    9.563229E+04    1.701774E-05    2.813756E-02    1.000000E+02    4.939027E+02    4.803858E+02    0.000000E+00    3.219902E-03    7.404532E-01
    4.680000E+02    1.229683E+00    2.702484E+02    9.559603E+04    1.701681E-05    2.832180E-02    1.000000E+02    4.932180E+02    4.796339E+02    0.000000E+00    3.216652E-03    7.386735E-01
    4.710000E+02    1.229304E+00    2.702298E+02    9.555979E+04    1.701589E-05    2.850607E-02    1.000000E+02    4.925341E+02    4.788831E+02    0.000000E+00    3.213404E-03    7.368937E-01
    4.740000E+02    1.228925E+00    2.702112E+02    9.552355E+04    1.701496E-05    2.869038E-02    1.000000E+02    4.918511E+02    4.781333E+02    0.000000E+00    3.210158E-03    7.357979E-01
    4.770000E+02    1.228546E+00    2.701926E+02    9.548734E+04    1.701404E-05    2.887473E-02    1.000000E+02    4.911689E+02    4.773846E+02    0.000000E+00    3.206915E-03    7.373714E-01
    4.800000E+02    1.228167E+00    2.701740E+02    9.545113E+04    1.701311E-05    2.905911E-02    1.000000E+02    4.904876E+02    4.766369E+02    0.000000E+00    3.203675E-03    7.389448E-01
    4.830000E+02    1.227788E+00    2.701554E+02    9.541494E+04    1.701219E-05    2.924352E-02    1.000000E+02    4.898071E+02    4.758904E+02    0.000000E+00    3.200438E-03    7.405183E-01
    4.860000E+02    1.227410E+00    2.701368E+02    9.537877E+04    1.701126E-05    2.942797E-02    1.000000E+02    4.891274E+02    4.751448E+02    0.000000E+00    3.197202E-03    7.420917E-01
    4.890000E+02    1.227031E+00    2.701182E+02    9.534260E+04    1.701034E-05    2.961246E-02    1.000000E+02    4.884486E+02    4.744004E+02    0.000000E+00    3.193970E-03    7.436651E-01
    4.920000E+02    1.226653E+00    2.700996E+02    9.530645E+04    1.700941E-05    2.979698E-02    1.000000E+02    4.877706E+02    4.736570E+02    0.000000E+00    3.190740E-03    7.452386E-01
    4.950000E+02    1.226275E+00    2.700810E+02    9.527032E+04    1.700848E-05    2.998153E-02    1.000000E+02    4.870934E+02    4.729147E+02    0.000000E+00    3.187513E-03    7.468120E-01
    4.980000E+02    1.225896E+00    2.700624E+02    9.523417E+04    1.700756E-05    3.016612E-02    1.000000E+02    4.864171E+02    4.721734E+02    0.000000E+00    3.184289E-03    7.483854E-01
    5.010000E+02    1.225518E+00    2.700438E+02    9.519804E+04    1.700663E-05    3.035074E-02    1.000000E+02    4.857415E+02    4.714332E+02    0.000000E+00    3.181067E-03    7.499589E-01
    5.040000E+02    1.225140E+00    2.700252E+02    9.516191E+04    1.700571E-05    3.053540E-02    1.000000E+02    4.850669E+02    4.706940E+02    0.000000E+00    3.177849E-03    7.515323E-01
    5.070000E+02    1.224762E+00    2.700066E+02    9.512581E+04    1.700478E-05    3.072009E-02    1.000000E+02    4.843930E+02    4.699559E+02    0.000000E+00    3.174632E-03    7.531058E-01
    5.100000E+02    1.224384E+00    2.699880E+02    9.508971E+04    1.700386E-05    3.090482E-02    1.000000E+02    4.837200E+02    4.692189E+02    0.000000E+00    3.171419E-03    7.556668E-01
    5.130000E+02    1.224006E+00    2.699694E+02    9.505364E+04    1.700293E-05    3.108958E-02    1.000000E+02    4.830478E+02    4.684829E+02    0.000000E+00    3.168208E-03    7.586539E-01
    5.160000E+02    1.223628E+00    2.699508E+02    9.501757E+04    1.700200E-05    3.127438E-02    1.000000E+02    4.823765E+02    4.677479E+02    0.000000E+00    3.164999E-03    7.616411E-01
    5.190000E+02    1.223250E+00    2.699322E+02    9.498152E+04    1.700108E-05    3.145921E-02    1.000000E+02    4.817059E+02    4.670140E+02    0.000000E+00    3.161793E-03    7.646282E-01
    5.220000E+02    1.222873E+00    2.699136E+02    9.494548E+04    1.700015E-05    3.164408E-02    1.000000E+02    4.810362E+02    4.662812E+02    0.000000E+00    3.158589E-03    7.676153E-01
    5.250000E+02    1.222495E+00    2.698950E+02    9.490945E+04    1.699923E-05    3.182898E-02    1.000000E+02    4.803674E+02    4.655494E+02    0.000000E+00    3.155389E-03    7.706025E-01
    5.280000E+02    1.222118E+00    2.698764E+02    9.487342E+04    1.699830E-05    3.201392E-02    1.000000E+02    4.796993E+02    4.648186E+02    0.000000E+00    3.152191E-03    7.735896E-01
    5.310000E+02    1.221740E+00    2.698578E+02    9.483739E+04    1.699738E-05    3.219889E-02    1.000000E+02    4.790321E+02    4.640889E+02    0.000000E+00    3.148996E-03    7.765767E-01
    5.340000E+02    1.221363E+00    2.698392E+02    9.480138E+04    1.699645E-05    3.238389E-02    1.000000E+02    4.783657E+02    4.633602E+02    0.000000E+00    3.145804E-03    7.795639E-01
    5.370000E+02    1.220986E+00    2.698206E+02    9.476539E+04    1.699552E-05    3.256894E-02    1.000000E+02    4.777001E+02    4.626326E+02    0.000000E+00    3.142614E-03    7.825510E-01
    5.400000E+02    1.220609E+00    2.698020E+02    9.472940E+04    1.699460E-05    3.275401E-02    1.000000E+02    4.770353E+02    4.619060E+02    0.000000E+00    3.139427E-03    7.855381E-01
    5.430000E+02    1.220232E+00    2.697834E+02    9.469343E+04    1.699367E-05    3.293912E-02    1.000000E+02    4.763713E+02    4.611805E+02    0.000000E+00    3.136242E-03    7.885253E-01
    5.460000E+02    1.219855E+00    2.697648E+02    9.465748E+04    1.699275E-05    3.312427E-02    1.000000E+02    4.757082E+02    4.604559E+02    0.000000E+00    3.133060E-03    7.915124E-01
    5.490000E+02    1.219478E+00    2.697462E+02    9.462154E+04    1.699182E-05    3.330945E-02    1.000000E+02    4.750459E+02    4.597325E+02    0.000000E+00    3.129880E-03    7.944995E-01
    5.520000E+02    1.219101E+00    2.697276E+02    9.458561E+04    1.699089E-05    3.349466E-02    1.000000E+02    4.743844E+02    4.590100E+02    0.000000E+00    3.126703E-03    7.976953E-01
    5.550000E+02    1.218725E+00    2.697090E+02    9.454969E+04    1.698997E-05    3.367991E-02    1.000000E+02    4.737237E+02    4.582886E+02    0.000000E+00    3.123528E-03    8.010956E-01
    5.580000E+02    1.218348E+00    2.696904E+02    9.451377E+04    1.698904E-05    3.386520E-02    1.000000E+02    4.730639E+02    4.575682E+02    0.000000E+00    3.120357E-03    8.044958E-01
    5.610000E+02    1.217972E+00    2.696718E+02    9.447785E+04    1.698811E-05    3.405052E-02    1.000000E+02    4.724048E+02    4.568489E+02    0.000000E+00    3.117189E-03    8.078961E-01
    5.640000E+02    1.217595E+00    2.696532E+02    9.444195E+04    1.698719E-05    3.423587E-02    1.000000E+02    4.717466E+02    4.561305E+02    0.000000E+00    3.114022E-03    8.112963E-01
    5.670000E+02    1.217219E+00    2.696346E+02    9.440607E+04    1.698626E-05    3.442126E-02    1.000000E+02    4.710891E+02    4.554132E+02    0.000000E+00    3.110859E-03    8.146966E-01
    5.700000E+02    1.216843E+00    2.696160E+02    9.437020E+04    1.698534E-05    3.460669E-02    1.000000E+02    4.704325E+02    4.546970E+02    0.000000E+00    3.107698E-03    8.180968E-01
    5.730000E+02    1.216466E+00    2.695974E+02    9.433434E+04    1.698441E-05    3.479215E-02    1.000000E+02    4.697767E+02    4.539817E+02    0.000000E+00    3.104539E-03    8.214971E-01
    5.760000E+02    1.216090E+00    2.695788E+02    9.429849E+04    1.698348E-05    3.497764E-02    1.000000E+02    4.691217E+02    4.532675E+02    0.000000E+00    3.101383E-03    8.248974E-01
    5.790000E+02    1.215714E+00    2.695602E+02    9.426266E+04    1.698256E-05    3.516317E-02    1.000000E+02    4.684676E+02    4.525543E+02    0.000000E+00    3.098230E-03    8.282976E-01
    5.820000E+02    1.215339E+00    2.695416E+02    9.422684E+04    1.698163E-05    3.534873E-02    1.000000E+02    4.678142E+02    4.518421E+02    0.000000E+00    3.095079E-03    8.316612E-01
    5.850000E+02    1.214963E+00    2.695230E+02    9.419104E+04    1.698070E-05    3.553433E-02    1.000000E+02    4.671616E+02    4.511310E+02    0.000000E+00    3.091930E-03    8.349549E-01
    5.880000E+02    1.214587E+00    2.695044E+02    9.415522E+04    1.697978E-05    3.571997E-02    1.000000E+02    4.665098E+02    4.504208E+02    0.000000E+00    3.088785E-03    8.382486E-01
    5.910000E+02    1.214211E+00    2.694858E+02    9.411942E+04    1.697885E-05    3.590563E-02    1.000000E+02    4.658589E+02    4.497117E+02    0.000000E+00    3.085643E-03    8.415422E-01
    5.940000E+02    1.213836E+00    2.694672E+02    9.408363E+04    1.697792E-05    3.609134E-02    1.000000E+02    4.652087E+02    4.490036E+02    0.000000E+00    3.082503E-03    8.448359E-01
    5.970000E+02    1.213460E+00    2.694486E+02    9.404785E+04    1.697700E-05    3.627707E-02    1.000000E+02    4.645594E+02    4.482965E+02    0.000000E+00    3.079365E-03    8.481296E-01
    6.000000E+02    1.213085E+00    2.694300E+02    9.401209E+04    1.697607E-05    3.646285E-02    1.000000E+02    4.639109E+02    4.475904E+02    0.000000E+00    3.076230E-03    8.514233E-01
    6.030000E+02    1.212710E+00    2.694114E+02    9.397634E+04    1.697514E-05    3.664866E-02    1.000000E+02    4.632631E+02    4.468854E+02    0.000000E+00    3.073098E-03    8.547169E-01
    6.060000E+02    1.212335E+00    2.693928E+02    9.394061E+04    1.697422E-05    3.683450E-02    1.000000E+02    4.626162E+02    4.461813E+02    0.000000E+00    3.069968E-03    8.580106E-01
    6.090000E+02    1.211960E+00    2.693742E+02    9.390488E+04    1.697329E-05    3.702038E-02    1.000000E+02    4.619700E+02    4.454783E+02    0.000000E+00    3.066840E-03    8.613043E-01
    6.120000E+02    1.211585E+00    2.693556E+02    9.386918E+04    1.697236E-05    3.720629E-02    1.000000E+02    4.613247E+02    4.447762E+02    0.000000E+00    3.063715E-03    8.645980E-01
    6.150000E+02    1.211210E+00    2.693370E+02    9.383348E+04    1.697144E-05    3.739224E-02    1.000000E+02    4.606802E+02    4.440752E+02    0.000000E+00    3.060593E-03    8.682041E-01
    6.180000E+02    1.210835E+00    2.693184E+02    9.379777E+04    1.697051E-05    3.757822E-02    1.000000E+02    4.600364E+02    4.433752E+02    0.000000E+00    3.057474E-03    8.721440E-01
    6.210000E+02    1.210460E+00    2.692998E+02    9.376208E+04    1.696958E-05    3.776423E-02    1.000000E+02    4.593935E+02    4.426761E+02    0.000000E+00    3.054357E-03    8.760839E-01
    6.240000E+02    1.210085E+00    2.692812E+02    9.372640E+04    1.696866E-05    3.795029E-02    1.000000E+02    4.587513E+02    4.419781E+02    0.000000E+00    3.051243E-03    8.800238E-01
    6.270000E+02    1.209711E+00    2.692626E+02    9.369074E+04    1.696773E-05    3.813637E-02    1.000000E+02    4.581100E+02    4.412811E+02    0.000000E+00    3.048132E-03    8.839636E-01
    6.300000E+02    1.209336E+00    2.692440E+02    9.365508E+04    1.696680E-05    3.832249E-02    1.000000E+02    4.574694E+02    4.405851E+02    0.000000E+00    3.045022E-03    8.879035E-01
    6.330000E+02    1.208962E+00    2.692254E+02    9.361944E+04    1.696588E-05    3.850865E-02    1.000000E+02    4.568297E+02    4.398901E+02    0.000000E+00    3.041916E-03    8.918434E-01
    6.360000E+02    1.208587E+00    2.692068E+02    9.358382E+04    1.696495E-05    3.869484E-02    1.000000E+02    4.561907E+02    4.391961E+02    0.000000E+00    3.038812E-03    8.957833E-01
    6.390000E+02    1.208213E+00    2.691882E+02    9.354821E+04    1.696402E-05    3.888107E-02    1.000000E+02    4.555525E+02    4.385030E+02    0.000000E+00    3.035710E-03    8.997232E-01
    6.420000E+02    1.207839E+00    2.691696E+02    9.351261E+04    1.696310E-05    3.906733E-02    1.000000E+02    4.549151E+02    4.378110E+02    0.000000E+00    3.032611E-03    9.036631E-01
    6.450000E+02    1.207465E+00    2.691510E+02    9.347702E+04    1.696217E-05    3.925363E-02    1.000000E+02    4.542785E+02    4.371200E+02    0.000000E+00    3.029515E-03    9.076030E-01
    6.480000E+02    1.207091E+00    2.691324E+02    9.344143E+04    1.696124E-05    3.943996E-02    1.000000E+02    4.536427E+02    4.364299E+02    0.000000E+00    3.026421E-03    9.116785E-01
    6.510000E+02    1.206717E+00    2.691138E+02    9.340584E+04    1.696032E-05    3.962632E-02    1.000000E+02    4.530077E+02    4.357409E+02    0.000000E+00    3.023330E-03    9.158360E-01
    6.540000E+02    1.206343E+00    2.690952E+02    9.337027E+04    1.695939E-05    3.981272E-02    1.000000E+02    4.523735E+02    4.350528E+02    0.000000E+00    3.020242E-03    9.199936E-01
    6.570000E+02    1.205969E+00    2.690766E+02    9.333472E+04    1.695846E-05    3.999916E-02    1.000000E+02    4.517400E+02    4.343657E+02    0.000000E+00    3.017156E-03    9.241511E-01
    6.600000E+02    1.205596E+00    2.690580E+02    9.329917E+04    1.695753E-05    4.018563E-02    1.000000E+02    4.511074E+02    4.336797E+02    0.000000E+00    3.014073E-03    9.283087E-01
    6.630000E+02    1.205222E+00    2.690394E+02    9.326364E+04    1.695661E-05    4.037213E-02    1.000000E+02    4.504755E+02    4.329946E+02    0.000000E+00    3.010992E-03    9.324662E-01
    6.660000E+02    1.204849E+00    2.690208E+02    9.322813E+04    1.695568E-05    4.055867E-02    1.000000E+02    4.498444E+02    4.323105E+02    0.000000E+00    3.007914E-03    9.366237E-01
    6.690000E+02    1.204475E+00    2.690022E+02    9.319263E+04    1.695475E-05    4.074525E-02    1.000000E+02    4.492141E+02    4.316273E+02    0.000000E+00    3.004838E-03    9.407813E-01
    6.720000E+02    1.204102E+00    2.689836E+02    9.315714E+04    1.695382E-05    4.093186E-02    1.000000E+02    4.485846E+02    4.309452E+02    0.000000E+00    3.001764E-03    9.449388E-01
    6.750000E+02    1.203729E+00    2.689650E+02    9.312166E+04    1.695290E-05    4.111850E-02    1.000000E+02    4.479558E+02    4.302640E+02    0.000000E+00    2.998693E-03    9.490964E-01
    6.780000E+02    1.203356E+00    2.689464E+02    9.308617E+04    1.695197E-05    4.130518E-02    1.000000E+02    4.473279E+02    4.295838E+02    0.000000E+00    2.995626E-03    9.530412E-01
    6.810000E+02    1.202983E+00    2.689278E+02    9.305070E+04    1.695104E-05    4.149190E-02    1.000000E+02    4.467007E+02    4.289046E+02    0.000000E+00    2.992561E-03    9.565986E-01
    6.840000E+02    1.202610E+00    2.689092E+02    9.301524E+04    1.695012E-05    4.167865E-02    1.000000E+02    4.460743E+02    4.282264E+02    0.000000E+00    2.989498E-03    9.601561E-01
    6.870000E+02    1.202237E+00    2.688906E+02    9.297979E+04    1.694919E-05    4.186543E-02    1.000000E+02    4.454487E+02    4.275491E+02    0.000000E+00    2.986438E-03    9.637136E-01
    6.900000E+02    1.201864E+00    2.688720E+02    9.294436E+04    1.694826E-05    4.205225E-02    1.000000E+02    4.448238E+02    4.268729E+02    0.000000E+00    2.983380E-03    9.672710E-01
    6.930000E+02    1.201491E+00    2.688534E+02    9.290894E+04    1.694733E-05    4.223911E-02    1.000000E+02    4.441998E+02    4.261976E+02    0.000000E+00    2.980325E-03    9.708285E-01
    6.960000E+02    1.201119E+00    2.688348E+02    9.287353E+04    1.694641E-05    4.242599E-02    1.000000E+02    4.435765E+02    4.255232E+02    0.000000E+00    2.977272E-03    9.743859E-01
    6.990000E+02    1.200746E+00    2.688162E+02    9.283814E+04    1.694548E-05    4.261292E-02    1.000000E+02    4.429540E+02    4.248499E+02    0.000000E+00    2.974222E-03    9.793372E-01
    7.020000E+02    1.200374E+00    2.687976E+02    9.280276E+04    1.694455E-05    4.279988E-02    1.000000E+02    4.423322E+02    4.241775E+02    0.000000E+00    2.971174E-03    9.867104E-01
    7.050000E+02    1.200002E+00    2.687790E+02    9.276739E+04    1.694362E-05    4.298687E-02    1.000000E+02    4.417112E+02    4.235060E+02    0.000000E+00    2.968128E-03    9.940836E-01
    7.080000E+02    1.199629E+00    2.687604E+02    9.273201E+04    1.694269E-05    4.317390E-02    1.000000E+02    4.410910E+02    4.228356E+02    0.000000E+00    2.965086E-03    1.001457E+00
    7.110000E+02    1.199257E+00    2.687418E+02    9.269665E+04    1.694177E-05    4.336096E-02    1.000000E+02    4.404716E+02    4.221661E+02    0.000000E+00    2.962046E-03    1.008830E+00
    7.140000E+02    1.198885E+00    2.687232E+02    9.266130E+04    1.694084E-05    4.354806E-02    1.000000E+02    4.398530E+02    4.214976E+02    0.000000E+00    2.959009E-03    1.014690E+00
    7.170000E+02    1.198513E+00    2.687046E+02    9.262596E+04    1.693991E-05    4.373519E-02    1.000000E+02    4.392351E+02    4.208300E+02    0.000000E+00    2.955974E-03    1.017919E+00
    7.200000E+02    1.198141E+00    2.686860E+02    9.259064E+04    1.693898E-05    4.392236E-02    1.000000E+02    4.386180E+02    4.201634E+02    0.000000E+00    2.952942E-03    1.021149E+00
    7.230000E+02    1.197769E+00    2.686674E+02    9.255532E+04    1.693806E-05    4.410957E-02    1.000000E+02    4.380016E+02    4.194978E+02    0.000000E+00    2.949912E-03    1.024379E+00
    7.260000E+02    1.197397E+00    2.686488E+02    9.252003E+04    1.693713E-05    4.429680E-02    1.000000E+02    4.373861E+02    4.188331E+02    0.000000E+00    2.946885E-03    1.027720E+00
    7.290000E+02    1.197026E+00    2.686302E+02    9.248474E+04    1.693620E-05    4.448408E-02    1.000000E+02    4.367713E+02    4.181694E+02    0.000000E+00    2.943860E-03    1.041627E+00
    7.320000E+02    1.196654E+00    2.686116E+02    9.244947E+04    1.693527E-05    4.467139E-02    1.000000E+02    4.361572E+02    4.175066E+02    0.000000E+00    2.940837E-03    1.055533E+00
    7.350000E+02    1.196283E+00    2.685930E+02    9.241421E+04    1.693434E-05    4.485873E-02    1.000000E+02    4.355439E+02    4.168448E+02    0.000000E+00    2.937817E-03    1.069410E+00
    7.380000E+02    1.195912E+00    2.685744E+02    9.237895E+04    1.693342E-05    4.504611E-02    1.000000E+02    4.349314E+02    4.161840E+02    0.000000E+00    2.934800E-03    1.083038E+00
    7.410000E+02    1.195540E+00    2.685558E+02    9.234369E+04    1.693249E-05    4.523352E-02    1.000000E+02    4.343197E+02    4.155241E+02    0.000000E+00    2.931786E-03    1.096667E+00
    7.440000E+02    1.195169E+00    2.685372E+02    9.230845E+04    1.693156E-05    4.542097E-02    1.000000E+02    4.337087E+02    4.148651E+02    0.000000E+00    2.928774E-03    1.109993E+00
    7.470000E+02    1.194798E+00    2.685186E+02    9.227322E+04    1.693063E-05    4.560845E-02    1.000000E+02    4.330985E+02    4.142071E+02    0.000000E+00    2.925765E-03    1.123182E+00
    7.500000E+02    1.194427E+00    2.685000E+02    9.223800E+04    1.692970E-05    4.579597E-02    1.000000E+02    4.324890E+02    4.135501E+02    0.000000E+00    2.922758E-03    1.136371E+00
    7.530000E+02    1.194056E+00    2.684814E+02    9.220280E+04    1.692878E-05    4.598352E-02    1.000000E+02    4.318803E+02    4.128940E+02    0.000000E+00    2.919753E-03    1.149560E+00
    7.560000E+02    1.193685E+00    2.684628E+02    9.216761E+04    1.692785E-05    4.617110E-02    1.000000E+02    4.312724E+02    4.122388E+02    0.000000E+00    2.916751E-03    1.162748E+00
    7.590000E+02    1.193314E+00    2.684442E+02    9.213244E+04    1.692692E-05    4.635873E-02    1.000000E+02    4.306652E+02    4.115846E+02    0.000000E+00    2.913751E-03    1.175733E+00
    7.620000E+02    1.192943E+00    2.684256E+02    9.209727E+04    1.692599E-05    4.654638E-02    1.000000E+02    4.300588E+02    4.109314E+02    0.000000E+00    2.910754E-03    1.188266E+00
    7.650000E+02    1.192573E+00    2.684070E+02    9.206213E+04    1.692506E-05    4.673408E-02    1.000000E+02    4.294531E+02    4.102791E+02    0.000000E+00    2.907759E-03    1.200799E+00
    7.680000E+02    1.192202E+00    2.683884E+02    9.202697E+04    1.692413E-05    4.692180E-02    1.000000E+02    4.288482E+02    4.096277E+02    0.000000E+00    2.904767E-03    1.213332E+00
    7.710000E+02    1.191832E+00    2.683698E+02    9.199182E+04    1.692321E-05    4.710956E-02    1.000000E+02    4.282440E+02    4.089773E+02    0.000000E+00    2.901778E-03    1.225865E+00
    7.740000E+02    1.191461E+00    2.683512E+02    9.195669E+04    1.692228E-05    4.729736E-02    1.000000E+02    4.276406E+02    4.083278E+02    0.000000E+00    2.898791E-03    1.238398E+00
    7.770000E+02    1.191091E+00    2.683326E+02    9.192156E+04    1.692135E-05    4.748519E-02    1.000000E+02    4.270380E+02    4.076792E+02    0.000000E+00    2.895807E-03    1.250266E+00
    7.800000E+02    1.190721E+00    2.683140E+02    9.188646E+04    1.692042E-05    4.767306E-02    1.000000E+02    4.264361E+02    4.070316E+02    0.000000E+00    2.892825E-03    1.262087E+00
    7.830000E+02    1.190351E+00    2.682954E+02    9.185136E+04    1.691949E-05    4.786096E-02    1.000000E+02    4.258349E+02    4.063850E+02    0.000000E+00    2.889845E-03    1.273909E+00
    7.860000E+02    1.189981E+00    2.682768E+02    9.181628E+04    1.691856E-05    4.804890E-02    1.000000E+02    4.252345E+02    4.057392E+02    0.000000E+00    2.886868E-03    1.285730E+00
    7.890000E+02    1.189611E+00    2.682582E+02    9.178122E+04    1.691764E-05    4.823687E-02    1.000000E+02    4.246349E+02    4.050944E+02    0.000000E+00    2.883894E-03    1.297552E+00
    7.920000E+02    1.189241E+00    2.682396E+02    9.174616E+04    1.691671E-05    4.842487E-02    1.000000E+02    4.240360E+02    4.044505E+02    0.000000E+00    2.880921E-03    1.308948E+00
    7.950000E+02    1.188871E+00    2.682210E+02    9.171112E+04    1.691578E-05    4.861292E-02    1.000000E+02    4.234379E+02    4.038076E+02    0.000000E+00    2.877952E-03    1.320008E+00
    7.980000E+02    1.188502E+00    2.682024E+02    9.167607E+04    1.691485E-05    4.880099E-02    1.000000E+02    4.228405E+02    4.031656E+02    0.000000E+00    2.874985E-03    1.331068E+00
    8.010000E+02    1.188132E+00    2.681838E+02    9.164103E+04    1.691392E-05    4.898910E-02    1.000000E+02    4.222438E+02    4.025245E+02    0.000000E+00    2.872021E-03    1.342128E+00
    8.040000E+02    1.187762E+00    2.681652E+02    9.160601E+04    1.691299E-05    4.917725E-02    1.000000E+02    4.216479E+02    4.018844E+02    0.000000E+00    2.869059E-03    1.353188E+00
    8.070000E+02    1.187393E+00    2.681466E+02    9.157100E+04    1.691206E-05    4.936543E-02    1.000000E+02    4.210528E+02    4.012451E+02    0.000000E+00    2.866100E-03    1.364101E+00
    8.100000E+02    1.187023E+00    2.681280E+02    9.153600E+04    1.691114E-05    4.955365E-02    1.000000E+02    4.204584E+02    4.006068E+02    0.000000E+00    2.863143E-03    1.374357E+00
    8.130000E+02    1.186654E+00    2.681094E+02    9.150101E+04    1.691021E-05    4.974190E-02    1.000000E+02    4.198647E+02    3.999695E+02    0.000000E+00    2.860188E-03    1.384613E+00
    8.160000E+02    1.186285E+00    2.680908E+02    9.146604E+04    1.690928E-05    4.993018E-02    1.000000E+02    4.192718E+02    3.993330E+02    0.000000E+00    2.857236E-03    1.394870E+00
    8.190000E+02    1.185916E+00    2.680722E+02    9.143108E+04    1.690835E-05    5.011850E-02    1.000000E+02    4.186796E+02    3.986975E+02    0.000000E+00    2.854286E-03    1.405126E+00
    8.220000E+02    1.185547E+00    2.680536E+02    9.139614E+04    1.690742E-05    5.030686E-02    1.000000E+02    4.180882E+02    3.980629E+02    0.000000E+00    2.851339E-03    1.415382E+00
    8.250000E+02    1.185178E+00    2.680350E+02    9.136121E+04    1.690649E-05    5.049525E-02    1.000000E+02    4.174975E+02    3.974292E+02    0.000000E+00    2.848394E-03    1.424961E+00
    8.280000E+02    1.184809E+00    2.680164E+02    9.132626E+04    1.690556E-05    5.068367E-02    1.000000E+02    4.169075E+02    3.967964E+02    0.000000E+00    2.845452E-03    1.434377E+00
    8.310000E+02    1.184441E+00    2.679978E+02    9.129133E+04    1.690463E-05    5.087213E-02    1.000000E+02    4.163183E+02    3.961646E+02    0.000000E+00    2.842513E-03    1.443793E+00
    8.340000E+02    1.184072E+00    2.679792E+02    9.125642E+04    1.690371E-05    5.106063E-02    1.000000E+02    4.157298E+02    3.955336E+02    0.000000E+00    2.839576E-03    1.453209E+00
    8.370000E+02    1.183703E+00    2.679606E+02    9.122151E+04    1.690278E-05    5.124916E-02    1.000000E+02    4.151421E+02    3.949036E+02    0.000000E+00    2.836641E-03    1.462626E+00
    8.400000E+02    1.183335E+00    2.679420E+02    9.118662E+04    1.690185E-05    5.143772E-02    1.000000E+02    4.145551E+02    3.942745E+02    0.000000E+00    2.833709E-03    1.471669E+00
    8.430000E+02    1.182966E+00    2.679234E+02    9.115175E+04    1.690092E-05    5.162632E-02    1.000000E+02    4.139688E+02    3.936463E+02    0.000000E+00    2.830779E-03    1.480216E+00
    8.460000E+02    1.182598E+00    2.679048E+02    9.111688E+04    1.689999E-05    5.181496E-02    1.000000E+02    4.133833E+02    3.930190E+02    0.000000E+00    2.827852E-03    1.488763E+00
    8.490000E+02    1.182230E+00    2.678862E+02    9.108203E+04    1.689906E-05    5.200363E-02    1.000000E+02    4.127985E+02    3.923926E+02    0.000000E+00    2.824927E-03    1.497311E+00
    8.520000E+02    1.181862E+00    2.678676E+02    9.104720E+04    1.689813E-05    5.219233E-02    1.000000E+02    4.122144E+02    3.917672E+02    0.000000E+00    2.822004E-03    1.505858E+00
    8.550000E+02    1.181494E+00    2.678490E+02    9.101237E+04    1.689720E-05    5.238107E-02    1.000000E+02    4.116311E+02    3.911426E+02    0.000000E+00    2.819084E-03    1.514358E+00
    8.580000E+02    1.181126E+00    2.678304E+02    9.097754E+04    1.689627E-05    5.256985E-02    1.000000E+02    4.110485E+02    3.905189E+02    0.000000E+00    2.816167E-03    1.522016E+00
    8.610000E+02    1.180758E+00    2.678118E+02    9.094272E+04    1.689534E-05    5.275866E-02    1.000000E+02    4.104666E+02    3.898962E+02    0.000000E+00    2.813252E-03    1.529673E+00
    8.640000E+02    1.180390E+00    2.677932E+02    9.090791E+04    1.689441E-05    5.294750E-02    1.000000E+02    4.098855E+02    3.892744E+02    0.000000E+00    2.810340E-03    1.537330E+00
    8.670000E+02    1.180022E+00    2.677746E+02    9.087311E+04    1.689348E-05    5.313638E-02    1.000000E+02    4.093051E+02    3.886534E+02    0.000000E+00    2.807430E-03    1.544988E+00
    8.700000E+02    1.179655E+00    2.677560E+02    9.083833E+04    1.689256E-05    5.332530E-02    1.000000E+02    4.087254E+02    3.880334E+02    0.000000E+00    2.804523E-03    1.552645E+00
    8.730000E+02    1.179287E+00    2.677374E+02    9.080356E+04    1.689163E-05    5.351425E-02    1.000000E+02    4.081464E+02    3.874142E+02    0.000000E+00    2.801618E-03    1.559690E+00
    8.760000E+02    1.178920E+00    2.677188E+02    9.076880E+04    1.689070E-05    5.370323E-02    1.000000E+02    4.075682E+02    3.867960E+02    0.000000E+00    2.798715E-03    1.566443E+00
    8.790000E+02    1.178552E+00    2.677002E+02    9.073406E+04    1.688977E-05    5.389225E-02    1.000000E+02    4.069907E+02    3.861787E+02    0.000000E+00    2.795814E-03    1.573196E+00
    8.820000E+02    1.178185E+00    2.676816E+02    9.069933E+04    1.688884E-05    5.408130E-02    1.000000E+02    4.064139E+02    3.855622E+02    0.000000E+00    2.792916E-03    1.579949E+00
    8.850000E+02    1.177818E+00    2.676630E+02    9.066462E+04    1.688791E-05    5.427039E-02    1.000000E+02    4.058379E+02    3.849467E+02    0.000000E+00    2.790021E-03    1.586702E+00
    8.880000E+02    1.177451E+00    2.676444E+02    9.062989E+04    1.688698E-05    5.445952E-02    1.000000E+02    4.052626E+02    3.843320E+02    0.000000E+00    2.787128E-03    1.593181E+00
    8.910000E+02    1.177084E+00    2.676258E+02    9.059518E+04    1.688605E-05    5.464868E-02    1.000000E+02    4.046880E+02    3.837183E+02    0.000000E+00    2.784238E-03    1.599022E+00
    8.940000E+02    1.176717E+00    2.676072E+02    9.056048E+04    1.688512E-05    5.483787E-02    1.000000E+02    4.041141E+02    3.831054E+02    0.000000E+00    2.781350E-03    1.604864E+00
    8.970000E+02    1.176350E+00    2.675886E+02    9.052579E+04    1.688419E-05    5.502710E-02    1.000000E+02    4.035409E+02    3.824934E+02    0.000000E+00    2.778465E-03    1.610705E+00
    9.000000E+02    1.175983E+00    2.675700E+02    9.049111E+04    1.688326E-05    5.521636E-02    1.000000E+02    4.029685E+02    3.818824E+02    0.000000E+00    2.775582E-03    1.616547E+00
    9.030000E+02    1.175616E+00    2.675514E+02    9.045645E+04    1.688233E-05    5.540566E-02    1.000000E+02    4.023968E+02    3.812722E+02    0.000000E+00    2.772701E-03    1.622388E+00
    9.060000E+02    1.175250E+00    2.675328E+02    9.042180E+04    1.688140E-05    5.559500E-02    1.000000E+02    4.018258E+02    3.806629E+02    0.000000E+00    2.769823E-03    1.627388E+00
    9.090000E+02    1.174884E+00    2.675142E+02    9.038717E+04    1.688047E-05    5.578436E-02    1.000000E+02    4.012555E+02    3.800544E+02    0.000000E+00    2.766947E-03    1.632318E+00
    9.120000E+02    1.174517E+00    2.674956E+02    9.035255E+04    1.687954E-05    5.597377E-02    1.000000E+02    4.006860E+02    3.794469E+02    0.000000E+00    2.764073E-03    1.637249E+00
    9.150000E+02    1.174151E+00    2.674770E+02    9.031794E+04    1.687861E-05    5.616321E-02    1.000000E+02    4.001171E+02    3.788403E+02    0.000000E+00    2.761202E-03    1.642179E+00
    9.180000E+02    1.173785E+00    2.674584E+02    9.028332E+04    1.687768E-05    5.635268E-02    1.000000E+02    3.995490E+02    3.782345E+02    0.000000E+00    2.758334E-03    1.647110E+00
    9.210000E+02    1.173418E+00    2.674398E+02    9.024871E+04    1.687675E-05    5.654219E-02    1.000000E+02    3.989816E+02    3.776296E+02    0.000000E+00    2.755468E-03    1.651545E+00
    9.240000E+02    1.173052E+00    2.674212E+02    9.021412E+04    1.687582E-05    5.673173E-02    1.000000E+02    3.984149E+02    3.770256E+02    0.000000E+00    2.752605E-03    1.655572E+00
    9.270000E+02    1.172686E+00    2.674026E+02    9.017954E+04    1.687489E-05    5.692131E-02    1.000000E+02    3.978489E+02    3.764225E+02    0.000000E+00    2.749744E-03    1.659598E+00
    9.300000E+02    1.172320E+00    2.673840E+02    9.014497E+04    1.687396E-05    5.711093E-02    1.000000E+02    3.972837E+02    3.758202E+02    0.000000E+00    2.746885E-03    1.663625E+00
    9.330000E+02    1.171954E+00    2.673654E+02    9.011042E+04    1.687303E-05    5.730057E-02    1.000000E+02    3.967191E+02    3.752189E+02    0.000000E+00    2.744029E-03    1.667652E+00
    9.360000E+02    1.171589E+00    2.673468E+02    9.007588E+04    1.687210E-05    5.749026E-02    1.000000E+02    3.961553E+02    3.746184E+02    0.000000E+00    2.741175E-03    1.671526E+00
    9.390000E+02    1.171223E+00    2.673282E+02    9.004135E+04    1.687117E-05    5.767998E-02    1.000000E+02    3.955921E+02    3.740188E+02    0.000000E+00    2.738323E-03    1.674663E+00
    9.420000E+02    1.170858E+00    2.673096E+02    9.000684E+04    1.687024E-05    5.786973E-02    1.000000E+02    3.950297E+02    3.734200E+02    0.000000E+00    2.735474E-03    1.677799E+00
    9.450000E+02    1.170492E+00    2.672910E+02    8.997234E+04    1.686931E-05    5.805952E-02    1.000000E+02    3.944680E+02    3.728221E+02    0.000000E+00    2.732627E-03    1.680936E+00
    9.480000E+02    1.170127E+00    2.672724E+02    8.993783E+04    1.686838E-05    5.824934E-02    1.000000E+02    3.939070E+02    3.722251E+02    0.000000E+00    2.729783E-03    1.684073E+00
    9.510000E+02    1.169761E+00    2.672538E+02    8.990333E+04    1.686745E-05    5.843920E-02    1.000000E+02    3.933467E+02    3.716290E+02    0.000000E+00    2.726942E-03    1.687210E+00
    9.540000E+02    1.169396E+00    2.672352E+02    8.986884E+04    1.686652E-05    5.862909E-02    1.000000E+02    3.927871E+02    3.710338E+02    0.000000E+00    2.724102E-03    1.689656E+00
    9.570000E+02    1.169031E+00    2.672166E+02    8.983437E+04    1.686559E-05    5.881902E-02    1.000000E+02    3.922283E+02    3.704394E+02    0.000000E+00    2.721266E-03    1.691923E+00
    9.600000E+02    1.168666E+00    2.671980E+02    8.979991E+04    1.686466E-05    5.900898E-02    1.000000E+02    3.916701E+02    3.698459E+02    0.000000E+00    2.718431E-03    1.694191E+00
    9.630000E+02    1.168301E+00    2.671794E+02    8.976546E+04    1.686373E-05    5.919898E-02    1.000000E+02    3.911126E+02    3.692532E+02    0.000000E+00    2.715599E-03    1.696459E+00
    9.660000E+02    1.167936E+00    2.671608E+02    8.973103E+04    1.686280E-05    5.938901E-02    1.000000E+02    3.905558E+02    3.686614E+02    0.000000E+00    2.712769E-03    1.698727E+00
    9.690000E+02    1.167571E+00    2.671422E+02    8.969661E+04    1.686187E-05    5.957908E-02    1.000000E+02    3.899998E+02    3.680705E+02    0.000000E+00    2.709942E-03    1.700641E+00
    9.720000E+02    1.167207E+00    2.671236E+02    8.966220E+04    1.686094E-05    5.976918E-02    1.000000E+02    3.894444E+02    3.674804E+02    0.000000E+00    2.707116E-03    1.702066E+00
    9.750000E+02    1.166842E+00    2.671050E+02    8.962781E+04    1.686001E-05    5.995932E-02    1.000000E+02    3.888898E+02    3.668912E+02    0.000000E+00    2.704294E-03    1.703491E+00
    9.780000E+02    1.166477E+00    2.670864E+02    8.959340E+04    1.685908E-05    6.014949E-02    1.000000E+02    3.883358E+02    3.663029E+02    0.000000E+00    2.701474E-03    1.704917E+00
    9.810000E+02    1.166113E+00    2.670678E+02    8.955901E+04    1.685815E-05    6.033970E-02    1.000000E+02    3.877826E+02    3.657154E+02    0.000000E+00    2.698656E-03    1.706342E+00
    9.840000E+02    1.165748E+00    2.670492E+02    8.952463E+04    1.685722E-05    6.052995E-02    1.000000E+02    3.872300E+02    3.651288E+02    0.000000E+00    2.695841E-03    1.707732E+00
    9.870000E+02    1.165384E+00    2.670306E+02    8.949027E+04    1.685629E-05    6.072022E-02    1.000000E+02    3.866781E+02    3.645430E+02    0.000000E+00    2.693029E-03    1.708347E+00
    9.900000E+02    1.165020E+00    2.670120E+02    8.945592E+04    1.685536E-05    6.091054E-02    1.000000E+02    3.861270E+02    3.639581E+02    0.000000E+00    2.690218E-03    1.708962E+00
    9.930000E+02    1.164656E+00    2.669934E+02    8.942158E+04    1.685443E-05    6.110088E-02    1.000000E+02    3.855765E+02    3.633740E+02    0.000000E+00    2.687410E-03    1.709577E+00
    9.960000E+02    1.164292E+00    2.669748E+02    8.938725E+04    1.685350E-05    6.129127E-02    1.000000E+02    3.850267E+02    3.627908E+02    0.000000E+00    2.684604E-03    1.710192E+00
    9.990000E+02    1.163928E+00    2.669562E+02    8.935294E+04    1.685257E-05    6.148168E-02    1.000000E+02    3.844777E+02    3.622085E+02    0.000000E+00    2.681801E-03    1.710807E+00
    1.002000E+03    1.163564E+00    2.669376E+02    8.931864E+04    1.685164E-05    6.167214E-02    1.000000E+02    3.839293E+02    3.616270E+02    0.000000E+00    2.678999E-03    1.710907E+00
    1.005000E+03    1.163201E+00    2.669190E+02    8.928435E+04    1.685071E-05    6.186262E-02    1.000000E+02    3.833816E+02    3.610463E+02    0.000000E+00    2.676200E-03    1.710749E+00
    1.008000E+03    1.162837E+00    2.669004E+02    8.925005E+04    1.684978E-05    6.205315E-02    1.000000E+02    3.828346E+02    3.604665E+02    0.000000E+00    2.673405E-03    1.710592E+00
    1.011000E+03    1.162473E+00    2.668818E+02    8.921577E+04    1.684884E-05    6.224370E-02    1.000000E+02    3.822883E+02    3.598876E+02    0.000000E+00    2.670611E-03    1.710434E+00
    1.014000E+03    1.162109E+00    2.668632E+02    8.918150E+04    1.684791E-05    6.243430E-02    1.000000E+02    3.817427E+02    3.593095E+02    0.000000E+00    2.667820E-03    1.710277E+00
    1.017000E+03    1.161746E+00    2.668446E+02    8.914724E+04    1.684698E-05    6.262492E-02    1.000000E+02    3.811978E+02    3.587322E+02    0.000000E+00    2.665031E-03    1.709908E+00
    1.020000E+03    1.161383E+00    2.668260E+02    8.911299E+04    1.684605E-05    6.281559E-02    1.000000E+02    3.806536E+02    3.581558E+02    0.000000E+00    2.662244E-03    1.709020E+00
    1.023000E+03    1.161019E+00    2.668074E+02    8.907876E+04    1.684512E-05    6.300628E-02    1.000000E+02    3.801100E+02    3.575802E+02    0.000000E+00    2.659460E-03    1.708132E+00
    1.026000E+03    1.160656E+00    2.667888E+02    8.904454E+04    1.684419E-05    6.319701E-02    1.000000E+02    3.795672E+02    3.570055E+02    0.000000E+00    2.656678E-03    1.707244E+00
    1.029000E+03    1.160293E+00    2.667702E+02    8.901033E+04    1.684326E-05    6.338778E-02    1.000000E+02    3.790250E+02    3.564316E+02    0.000000E+00    2.653898E-03    1.706356E+00
    1.032000E+03    1.159930E+00    2.667516E+02    8.897614E+04    1.684233E-05    6.357858E-02    1.000000E+02    3.784836E+02    3.558586E+02    0.000000E+00    2.651121E-03    1.705469E+00
    1.035000E+03    1.159568E+00    2.667330E+02    8.894196E+04    1.684140E-05    6.376942E-02    1.000000E+02    3.779428E+02    3.552864E+02    0.000000E+00    2.648346E-03    1.703956E+00
    1.038000E+03    1.159205E+00    2.667144E+02    8.890777E+04    1.684047E-05    6.396029E-02    1.000000E+02    3.774027E+02    3.547150E+02    0.000000E+00    2.645574E-03    1.702385E+00
    1.041000E+03    1.158842E+00    2.666958E+02    8.887359E+04    1.683954E-05    6.415120E-02    1.000000E+02    3.768633E+02    3.541445E+02    0.000000E+00    2.642804E-03    1.700814E+00
    1.044000E+03    1.158479E+00    2.666772E+02    8.883943E+04    1.683860E-05    6.434214E-02    1.000000E+02    3.763245E+02    3.535748E+02    0.000000E+00    2.640037E-03    1.699242E+00
    1.047000E+03    1.158116E+00    2.666586E+02    8.880527E+04    1.683767E-05    6.453312E-02    1.000000E+02    3.757865E+02    3.530059E+02    0.000000E+00    2.637272E-03    1.697671E+00
    1.050000E+03    1.157754E+00    2.666400E+02    8.877114E+04    1.683674E-05    6.472413E-02    1.000000E+02    3.752491E+02    3.524379E+02    0.000000E+00    2.634509E-03    1.695759E+00
    1.053000E+03    1.157391E+00    2.666214E+02    8.873701E+04    1.683581E-05    6.491518E-02    1.000000E+02    3.747124E+02    3.518707E+02    0.000000E+00    2.631748E-03    1.693554E+00
    1.056000E+03    1.157029E+00    2.666028E+02    8.870290E+04    1.683488E-05    6.510626E-02    1.000000E+02    3.741764E+02    3.513043E+02    0.000000E+00    2.628990E-03    1.691350E+00
    1.059000E+03    1.156667E+00    2.665842E+02    8.866880E+04    1.683395E-05    6.529738E-02    1.000000E+02    3.736411E+02    3.507388E+02    0.000000E+00    2.626234E-03    1.689145E+00
    1.062000E+03    1.156305E+00    2.665656E+02    8.863471E+04    1.683302E-05    6.548853E-02    1.000000E+02    3.731065E+02    3.501741E+02    0.000000E+00    2.623480E-03    1.686940E+00
    1.065000E+03    1.155943E+00    2.665470E+02    8.860064E+04    1.683209E-05    6.567972E-02    1.000000E+02    3.725725E+02    3.496102E+02    0.000000E+00    2.620729E-03    1.684642E+00
    1.068000E+03    1.155581E+00    2.665284E+02    8.856655E+04    1.683115E-05    6.587094E-02    1.000000E+02    3.720392E+02    3.490472E+02    0.000000E+00    2.617980E-03    1.681857E+00
    1.071000E+03    1.155219E+00    2.665098E+02    8.853248E+04    1.683022E-05    6.606219E-02    1.000000E+02    3.715066E+02    3.484849E+02    0.000000E+00    2.615234E-03    1.679072E+00
    1.074000E+03    1.154857E+00    2.664912E+02    8.849842E+04    1.682929E-05    6.625349E-02    1.000000E+02    3.709747E+02    3.479235E+02    0.000000E+00    2.612490E-03    1.676287E+00
    1.077000E+03    1.154495E+00    2.664726E+02    8.846438E+04    1.682836E-05    6.644481E-02    1.000000E+02    3.704434E+02    3.473630E+02    0.000000E+00    2.609749E-03    1.673502E+00
    1.080000E+03    1.154133E+00    2.664540E+02    8.843034E+04    1.682743E-05    6.663617E-02    1.000000E+02    3.699129E+02    3.468032E+02    0.000000E+00    2.607010E-03    1.670717E+00
    1.083000E+03    1.153772E+00    2.664354E+02    8.839633E+04    1.682650E-05    6.682757E-02    1.000000E+02    3.693830E+02    3.462443E+02    0.000000E+00    2.604273E-03    1.667520E+00
    1.086000E+03    1.153410E+00    2.664168E+02    8.836232E+04    1.682557E-05    6.701900E-02    1.000000E+02    3.688537E+02    3.456862E+02    0.000000E+00    2.601538E-03    1.664211E+00
    1.089000E+03    1.153049E+00    2.663982E+02    8.832833E+04    1.682463E-05    6.721047E-02    1.000000E+02    3.683252E+02    3.451289E+02    0.000000E+00    2.598805E-03    1.660901E+00
    1.092000E+03    1.152688E+00    2.663796E+02    8.829435E+04    1.682370E-05    6.740197E-02    1.000000E+02    3.677973E+02    3.445724E+02    0.000000E+00    2.596075E-03    1.657592E+00
    1.095000E+03    1.152327E+00    2.663610E+02    8.826038E+04    1.682277E-05    6.759351E-02    1.000000E+02    3.672701E+02    3.440168E+02    0.000000E+00    2.593347E-03    1.654282E+00
    1.098000E+03    1.151966E+00    2.663424E+02    8.822640E+04    1.682184E-05    6.778508E-02    1.000000E+02    3.667435E+02    3.434619E+02    0.000000E+00    2.590622E-03    1.650782E+00
    1.101000E+03    1.151604E+00    2.663238E+02    8.819243E+04    1.682091E-05    6.797669E-02    1.000000E+02    3.662177E+02    3.429079E+02    0.000000E+00    2.587900E-03    1.647005E+00
    1.104000E+03    1.151243E+00    2.663052E+02    8.815848E+04    1.681998E-05    6.816833E-02    1.000000E+02    3.656925E+02    3.423547E+02    0.000000E+00    2.585179E-03    1.643228E+00
    1.107000E+03    1.150883E+00    2.662866E+02    8.812454E+04    1.681904E-05    6.836000E-02    1.000000E+02    3.651679E+02    3.418023E+02    0.000000E+00    2.582461E-03    1.639451E+00
    1.110000E+03    1.150522E+00    2.662680E+02    8.809062E+04    1.681811E-05    6.855171E-02    1.000000E+02    3.646441E+02    3.412507E+02    0.000000E+00    2.579745E-03    1.635673E+00
    1.113000E+03    1.150161E+00    2.662494E+02    8.805670E+04    1.681718E-05    6.874346E-02    1.000000E+02    3.641209E+02    3.407000E+02    0.000000E+00    2.577032E-03    1.631883E+00
    1.116000E+03    1.149800E+00    2.662308E+02    8.802280E+04    1.681625E-05    6.893524E-02    1.000000E+02    3.635983E+02    3.401500E+02    0.000000E+00    2.574320E-03    1.627697E+00
    1.119000E+03    1.149440E+00    2.662122E+02    8.798892E+04    1.681532E-05    6.912706E-02    1.000000E+02    3.630765E+02    3.396009E+02    0.000000E+00    2.571611E-03    1.623511E+00
    1.122000E+03    1.149080E+00    2.661936E+02    8.795504E+04    1.681439E-05    6.931891E-02    1.000000E+02    3.625553E+02    3.390525E+02    0.000000E+00    2.568904E-03    1.619324E+00
    1.125000E+03    1.148719E+00    2.661750E+02    8.792118E+04    1.681345E-05    6.951080E-02    1.000000E+02    3.620347E+02    3.385050E+02    0.000000E+00    2.566200E-03    1.615138E+00
    1.128000E+03    1.148359E+00    2.661564E+02    8.788731E+04    1.681252E-05    6.970272E-02    1.000000E+02    3.615149E+02    3.379582E+02    0.000000E+00    2.563498E-03    1.610952E+00
    1.131000E+03    1.147999E+00    2.661378E+02    8.785345E+04    1.681159E-05    6.989467E-02    1.000000E+02    3.609956E+02    3.374123E+02    0.000000E+00    2.560799E-03    1.606536E+00
    1.134000E+03    1.147638E+00    2.661192E+02    8.781960E+04    1.681066E-05    7.008666E-02    1.000000E+02    3.604771E+02    3.368672E+02    0.000000E+00    2.558102E-03    1.601999E+00
    1.137000E+03    1.147278E+00    2.661006E+02    8.778577E+04    1.680973E-05    7.027869E-02    1.000000E+02    3.599592E+02    3.363229E+02    0.000000E+00    2.555407E-03    1.597463E+00
    1.140000E+03    1.146918E+00    2.660820E+02    8.775195E+04    1.680879E-05    7.047075E-02    1.000000E+02    3.594420E+02    3.357794E+02    0.000000E+00    2.552714E-03    1.592926E+00
    1.143000E+03    1.146559E+00    2.660634E+02    8.771814E+04    1.680786E-05    7.066285E-02    1.000000E+02    3.589254E+02    3.352366E+02    0.000000E+00    2.550024E-03    1.588390E+00
    1.146000E+03    1.146199E+00    2.660448E+02    8.768435E+04    1.680693E-05    7.085498E-02    1.000000E+02    3.584095E+02    3.346947E+02    0.000000E+00    2.547336E-03    1.583772E+00
    1.149000E+03    1.145839E+00    2.660262E+02    8.765056E+04    1.680600E-05    7.104715E-02    1.000000E+02    3.578942E+02    3.341536E+02    0.000000E+00    2.544650E-03    1.578943E+00
    1.152000E+03    1.145480E+00    2.660076E+02    8.761680E+04    1.680507E-05    7.123935E-02    1.000000E+02    3.573797E+02    3.336133E+02    0.000000E+00    2.541967E-03    1.574114E+00
    1.155000E+03    1.145120E+00    2.659890E+02    8.758304E+04    1.680413E-05    7.143158E-02    1.000000E+02    3.568657E+02    3.330737E+02    0.000000E+00    2.539285E-03    1.569285E+00
    1.158000E+03    1.144761E+00    2.659704E+02    8.754927E+04    1.680320E-05    7.162385E-02    1.000000E+02    3.563524E+02    3.325350E+02    0.000000E+00    2.536607E-03    1.564456E+00
    1.161000E+03    1.144401E+00    2.659518E+02    8.751552E+04    1.680227E-05    7.181616E-02    1.000000E+02    3.558398E+02    3.319971E+02    0.000000E+00    2.533931E-03    1.559627E+00
    1.164000E+03    1.144042E+00    2.659332E+02    8.748178E+04    1.680134E-05    7.200850E-02    1.000000E+02    3.553278E+02    3.314599E+02    0.000000E+00    2.531257E-03    1.554586E+00
    1.167000E+03    1.143683E+00    2.659146E+02    8.744805E+04    1.680040E-05    7.220088E-02    1.000000E+02    3.548165E+02    3.309236E+02    0.000000E+00    2.528585E-03    1.549523E+00
    1.170000E+03    1.143324E+00    2.658960E+02    8.741434E+04    1.679947E-05    7.239329E-02    1.000000E+02    3.543059E+02    3.303880E+02    0.000000E+00    2.525916E-03    1.544460E+00
    1.173000E+03    1.142965E+00    2.658774E+02    8.738064E+04    1.679854E-05    7.258573E-02    1.000000E+02    3.537959E+02    3.298532E+02    0.000000E+00    2.523248E-03    1.539396E+00
    1.176000E+03    1.142606E+00    2.658588E+02    8.734695E+04    1.679761E-05    7.277821E-02    1.000000E+02    3.532865E+02    3.293192E+02    0.000000E+00    2.520583E-03    1.534333E+00
    1.179000E+03    1.142247E+00    2.658402E+02    8.731327E+04    1.679668E-05    7.297073E-02    1.000000E+02    3.527778E+02    3.287860E+02    0.000000E+00    2.517921E-03    1.529176E+00
    1.182000E+03    1.141888E+00    2.658216E+02    8.727961E+04    1.679574E-05    7.316328E-02    1.000000E+02    3.522697E+02    3.282536E+02    0.000000E+00    2.515260E-03    1.523934E+00
    1.185000E+03    1.141530E+00    2.658030E+02    8.724596E+04    1.679481E-05    7.335587E-02    1.000000E+02    3.517623E+02    3.277220E+02    0.000000E+00    2.512602E-03    1.518692E+00
    1.188000E+03    1.141171E+00    2.657844E+02    8.721230E+04    1.679388E-05    7.354849E-02    1.000000E+02    3.512556E+02    3.271912E+02    0.000000E+00    2.509946E-03    1.513450E+00
    1.191000E+03    1.140812E+00    2.657658E+02    8.717865E+04    1.679295E-05    7.374114E-02    1.000000E+02    3.507495E+02    3.266611E+02    0.000000E+00    2.507293E-03    1.508208E+00
    1.194000E+03    1.140454E+00    2.657472E+02    8.714501E+04    1.679201E-05    7.393383E-02    1.000000E+02    3.502440E+02    3.261318E+02    0.000000E+00    2.504642E-03    1.502947E+00
    1.197000E+03    1.140096E+00    2.657286E+02    8.711139E+04    1.679108E-05    7.412656E-02    1.000000E+02    3.497392E+02    3.256033E+02    0.000000E+00    2.501994E-03    1.497580E+00
    1.200000E+03    1.139737E+00    2.657100E+02    8.707778E+04    1.679015E-05    7.431932E-02    1.000000E+02    3.492350E+02    3.250756E+02    0.000000E+00    2.499347E-03    1.492213E+00
    1.203000E+03    1.139379E+00    2.656914E+02    8.704419E+04    1.678921E-05    7.451211E-02    1.000000E+02    3.487315E+02    3.245487E+02    0.000000E+00    2.496703E-03    1.486846E+00
    1.206000E+03    1.139021E+00    2.656728E+02    8.701060E+04    1.678828E-05    7.470494E-02    1.000000E+02    3.482286E+02    3.240225E+02    0.000000E+00    2.494061E-03    1.481479E+00
    1.209000E+03    1.138663E+00    2.656542E+02    8.697703E+04    1.678735E-05    7.489781E-02    1.000000E+02    3.477264E+02    3.234972E+02    0.000000E+00    2.491421E-03    1.476113E+00
    1.212000E+03    1.138305E+00    2.656356E+02    8.694347E+04    1.678642E-05    7.509071E-02    1.000000E+02    3.472248E+02    3.229726E+02    0.000000E+00    2.488783E-03    1.470689E+00
    1.215000E+03    1.137948E+00    2.656170E+02    8.690993E+04    1.678548E-05    7.528365E-02    1.000000E+02    3.467238E+02    3.224487E+02    0.000000E+00    2.486148E-03    1.465248E+00
    1.218000E+03    1.137590E+00    2.655984E+02    8.687637E+04    1.678455E-05    7.547662E-02    1.000000E+02    3.462235E+02    3.219257E+02    0.000000E+00    2.483516E-03    1.459808E+00
    1.221000E+03    1.137232E+00    2.655798E+02    8.684283E+04    1.678362E-05    7.566962E-02    1.000000E+02    3.457239E+02    3.214034E+02    0.000000E+00    2.480885E-03    1.454367E+00
    1.224000E+03    1.136874E+00    2.655612E+02    8.680930E+04    1.678268E-05    7.586266E-02    1.000000E+02    3.452248E+02    3.208819E+02    0.000000E+00    2.478257E-03    1.448927E+00
    1.227000E+03    1.136517E+00    2.655426E+02    8.677579E+04    1.678175E-05    7.605574E-02    1.000000E+02    3.447265E+02    3.203611E+02    0.000000E+00    2.475631E-03    1.443476E+00
    1.230000E+03    1.136159E+00    2.655240E+02    8.674228E+04    1.678082E-05    7.624885E-02    1.000000E+02    3.442287E+02    3.198412E+02    0.000000E+00    2.473008E-03    1.438010E+00
    1.233000E+03    1.135802E+00    2.655054E+02    8.670879E+04    1.677989E-05    7.644199E-02    1.000000E+02    3.437316E+02    3.193220E+02    0.000000E+00    2.470386E-03    1.432543E+00
    1.236000E+03    1.135445E+00    2.654868E+02    8.667531E+04    1.677895E-05    7.663517E-02    1.000000E+02    3.432351E+02    3.188036E+02    0.000000E+00    2.467767E-03    1.427077E+00
    1.239000E+03    1.135088E+00    2.654682E+02    8.664185E+04    1.677802E-05    7.682839E-02    1.000000E+02    3.427393E+02    3.182859E+02    0.000000E+00    2.465150E-03    1.421611E+00
    1.242000E+03    1.134731E+00    2.654496E+02    8.660839E+04    1.677709E-05    7.702164E-02    1.000000E+02    3.422441E+02    3.177690E+02    0.000000E+00    2.462535E-03    1.416145E+00
    1.245000E+03    1.134374E+00    2.654310E+02    8.657496E+04    1.677615E-05    7.721492E-02    1.000000E+02    3.417495E+02    3.172529E+02    0.000000E+00    2.459923E-03    1.410697E+00
    1.248000E+03    1.134017E+00    2.654124E+02    8.654150E+04    1.677522E-05    7.740824E-02    1.000000E+02    3.412556E+02    3.167375E+02    0.000000E+00    2.457313E-03    1.405249E+00
    1.251000E+03    1.133660E+00    2.653938E+02    8.650807E+04    1.677429E-05    7.760160E-02    1.000000E+02    3.407623E+02    3.162229E+02    0.000000E+00    2.454705E-03    1.399801E+00
    1.254000E+03    1.133303E+00    2.653752E+02    8.647464E+04    1.677335E-05    7.779499E-02    1.000000E+02    3.402696E+02    3.157091E+02    0.000000E+00    2.452100E-03    1.394354E+00
    1.257000E+03    1.132947E+00    2.653566E+02    8.644123E+04    1.677242E-05    7.798841E-02    1.000000E+02    3.397776E+02    3.151960E+02    0.000000E+00    2.449497E-03    1.388906E+00
    1.260000E+03    1.132590E+00    2.653380E+02    8.640783E+04    1.677149E-05    7.818187E-02    1.000000E+02    3.392862E+02    3.146837E+02    0.000000E+00    2.446896E-03    1.383496E+00
    1.263000E+03    1.132234E+00    2.653194E+02    8.637444E+04    1.677055E-05    7.837537E-02    1.000000E+02    3.387954E+02    3.141721E+02    0.000000E+00    2.444297E-03    1.378106E+00
    1.266000E+03    1.131877E+00    2.653008E+02    8.634107E+04    1.676962E-05    7.856890E-02    1.000000E+02    3.383053E+02    3.136613E+02    0.000000E+00    2.441700E-03    1.372717E+00
    1.269000E+03    1.131521E+00    2.652822E+02    8.630771E+04    1.676869E-05    7.876246E-02    1.000000E+02    3.378158E+02    3.131512E+02    0.000000E+00    2.439106E-03    1.367328E+00
    1.272000E+03    1.131165E+00    2.652636E+02    8.627436E+04    1.676775E-05    7.895606E-02    1.000000E+02    3.373269E+02    3.126420E+02    0.000000E+00    2.436514E-03    1.361938E+00
    1.275000E+03    1.130809E+00    2.652450E+02    8.624103E+04    1.676682E-05    7.914970E-02    1.000000E+02    3.368387E+02    3.121334E+02    0.000000E+00    2.433924E-03    1.356574E+00
    1.278000E+03    1.130453E+00    2.652264E+02    8.620768E+04    1.676589E-05    7.934337E-02    1.000000E+02    3.363511E+02    3.116256E+02    0.000000E+00    2.431337E-03    1.351279E+00
    1.281000E+03    1.130097E+00    2.652078E+02    8.617435E+04    1.676495E-05    7.953707E-02    1.000000E+02    3.358641E+02    3.111186E+02    0.000000E+00    2.428752E-03    1.345984E+00
    1.284000E+03    1.129741E+00    2.651892E+02    8.614103E+04    1.676402E-05    7.973081E-02    1.000000E+02    3.353777E+02    3.106123E+02    0.000000E+00    2.426169E-03    1.340689E+00
    1.287000E+03    1.129385E+00    2.651706E+02    8.610772E+04    1.676309E-05    7.992458E-02    1.000000E+02    3.348920E+02    3.101068E+02    0.000000E+00    2.423588E-03    1.335394E+00
    1.290000E+03    1.129029E+00    2.651520E+02    8.607443E+04    1.676215E-05    8.011839E-02    1.000000E+02    3.344068E+02    3.096020E+02    0.000000E+00    2.421010E-03    1.330099E+00
    1.293000E+03    1.128674E+00    2.651334E+02    8.604115E+04    1.676122E-05    8.031224E-02    1.000000E+02    3.339224E+02    3.090980E+02    0.000000E+00    2.418434E-03    1.324916E+00
    1.296000E+03    1.128318E+00    2.651148E+02    8.600788E+04    1.676029E-05    8.050612E-02    1.000000E+02    3.334385E+02    3.085947E+02    0.000000E+00    2.415859E-03    1.319746E+00
    1.299000E+03    1.127963E+00    2.650962E+02    8.597462E+04    1.675935E-05    8.070003E-02    1.000000E+02    3.329552E+02    3.080922E+02    0.000000E+00    2.413288E-03    1.314575E+00
    1.302000E+03    1.127607E+00    2.650776E+02    8.594138E+04    1.675842E-05    8.089398E-02    1.000000E+02    3.324726E+02    3.075904E+02    0.000000E+00    2.410718E-03    1.309405E+00
    1.305000E+03    1.127252E+00    2.650590E+02    8.590815E+04    1.675749E-05    8.108797E-02    1.000000E+02    3.319906E+02    3.070894E+02    0.000000E+00    2.408150E-03    1.304235E+00
    1.308000E+03    1.126897E+00    2.650404E+02    8.587491E+04    1.675655E-05    8.128198E-02    1.000000E+02    3.315092E+02    3.065891E+02    0.000000E+00    2.405586E-03    1.299143E+00
    1.311000E+03    1.126542E+00    2.650218E+02    8.584168E+04    1.675562E-05    8.147604E-02    1.000000E+02    3.310285E+02    3.060895E+02    0.000000E+00    2.403023E-03    1.294124E+00
    1.314000E+03    1.126187E+00    2.650032E+02    8.580847E+04    1.675468E-05    8.167013E-02    1.000000E+02    3.305483E+02    3.055907E+02    0.000000E+00    2.400463E-03    1.289105E+00
    1.317000E+03    1.125832E+00    2.649846E+02    8.577526E+04    1.675375E-05    8.186425E-02    1.000000E+02    3.300688E+02    3.050926E+02    0.000000E+00    2.397904E-03    1.284085E+00
    1.320000E+03    1.125477E+00    2.649660E+02    8.574207E+04    1.675282E-05    8.205841E-02    1.000000E+02    3.295899E+02    3.045953E+02    0.000000E+00    2.395348E-03    1.279066E+00
    1.323000E+03    1.125122E+00    2.649474E+02    8.570890E+04    1.675188E-05    8.225261E-02    1.000000E+02    3.291116E+02    3.040987E+02    0.000000E+00    2.392794E-03    1.274071E+00
    1.326000E+03    1.124767E+00    2.649288E+02    8.567573E+04    1.675095E-05    8.244683E-02    1.000000E+02    3.286339E+02    3.036028E+02    0.000000E+00    2.390243E-03    1.269223E+00
    1.329000E+03    1.124413E+00    2.649102E+02    8.564258E+04    1.675001E-05    8.264110E-02    1.000000E+02    3.281569E+02    3.031077E+02    0.000000E+00    2.387693E-03    1.264374E+00
    1.332000E+03    1.124058E+00    2.648916E+02    8.560944E+04    1.674908E-05    8.283540E-02    1.000000E+02    3.276804E+02    3.026133E+02    0.000000E+00    2.385146E-03    1.259526E+00
    1.335000E+03    1.123704E+00    2.648730E+02    8.557632E+04    1.674815E-05    8.302973E-02    1.000000E+02    3.272046E+02    3.021197E+02    0.000000E+00    2.382601E-03    1.254678E+00
    1.338000E+03    1.123350E+00    2.648544E+02    8.554318E+04    1.674721E-05    8.322410E-02    1.000000E+02    3.267294E+02    3.016268E+02    0.000000E+00    2.380058E-03    1.249829E+00
    1.341000E+03    1.122995E+00    2.648358E+02    8.551006E+04    1.674628E-05    8.341850E-02    1.000000E+02    3.262548E+02    3.011346E+02    0.000000E+00    2.377518E-03    1.245123E+00
    1.344000E+03    1.122641E+00    2.648172E+02    8.547695E+04    1.674534E-05    8.361294E-02    1.000000E+02    3.257808E+02    3.006431E+02    0.000000E+00    2.374980E-03    1.240462E+00
    1.347000E+03    1.122287E+00    2.647986E+02    8.544385E+04    1.674441E-05    8.380742E-02    1.000000E+02    3.253074E+02    3.001524E+02    0.000000E+00    2.372444E-03    1.235800E+00
    1.350000E+03    1.121933E+00    2.647800E+02    8.541076E+04    1.674348E-05    8.400193E-02    1.000000E+02    3.248347E+02    2.996624E+02    0.000000E+00    2.369910E-03    1.231138E+00
    1.353000E+03    1.121579E+00    2.647614E+02    8.537769E+04    1.674254E-05    8.419647E-02    1.000000E+02    3.243625E+02    2.991732E+02    0.000000E+00    2.367378E-03    1.226476E+00
    1.356000E+03    1.121225E+00    2.647428E+02    8.534463E+04    1.674161E-05    8.439105E-02    1.000000E+02    3.238910E+02    2.986847E+02    0.000000E+00    2.364849E-03    1.221890E+00
    1.359000E+03    1.120871E+00    2.647242E+02    8.531158E+04    1.674067E-05    8.458566E-02    1.000000E+02    3.234200E+02    2.981969E+02    0.000000E+00    2.362321E-03    1.217424E+00
    1.362000E+03    1.120518E+00    2.647056E+02    8.527855E+04    1.673974E-05    8.478031E-02    1.000000E+02    3.229497E+02    2.977098E+02    0.000000E+00    2.359796E-03    1.212958E+00
    1.365000E+03    1.120164E+00    2.646870E+02    8.524553E+04    1.673880E-05    8.497499E-02    1.000000E+02    3.224800E+02    2.972234E+02    0.000000E+00    2.357273E-03    1.208492E+00
    1.368000E+03    1.119811E+00    2.646684E+02    8.521250E+04    1.673787E-05    8.516971E-02    1.000000E+02    3.220109E+02    2.967378E+02    0.000000E+00    2.354753E-03    1.204026E+00
    1.371000E+03    1.119457E+00    2.646498E+02    8.517948E+04    1.673694E-05    8.536446E-02    1.000000E+02    3.215424E+02    2.962529E+02    0.000000E+00    2.352235E-03    1.199563E+00
    1.374000E+03    1.119104E+00    2.646312E+02    8.514647E+04    1.673600E-05    8.555925E-02    1.000000E+02    3.210745E+02    2.957687E+02    0.000000E+00    2.349719E-03    1.195296E+00
    1.377000E+03    1.118750E+00    2.646126E+02    8.511348E+04    1.673507E-05    8.575408E-02    1.000000E+02    3.206072E+02    2.952853E+02    0.000000E+00    2.347205E-03    1.191030E+00
    1.380000E+03    1.118397E+00    2.645940E+02    8.508049E+04    1.673413E-05    8.594893E-02    1.000000E+02    3.201405E+02    2.948025E+02    0.000000E+00    2.344693E-03    1.186764E+00
    1.383000E+03    1.118044E+00    2.645754E+02    8.504753E+04    1.673320E-05    8.614383E-02    1.000000E+02    3.196744E+02    2.943205E+02    0.000000E+00    2.342184E-03    1.182498E+00
    1.386000E+03    1.117691E+00    2.645568E+02    8.501457E+04    1.673226E-05    8.633876E-02    1.000000E+02    3.192089E+02    2.938392E+02    0.000000E+00    2.339676E-03    1.178232E+00
    1.389000E+03    1.117338E+00    2.645382E+02    8.498163E+04    1.673133E-05    8.653372E-02    1.000000E+02    3.187440E+02    2.933586E+02    0.000000E+00    2.337171E-03    1.174092E+00
    1.392000E+03    1.116985E+00    2.645196E+02    8.494870E+04    1.673039E-05    8.672872E-02    1.000000E+02    3.182797E+02    2.928787E+02    0.000000E+00    2.334668E-03    1.170025E+00
    1.395000E+03    1.116633E+00    2.645010E+02    8.491578E+04    1.672946E-05    8.692375E-02    1.000000E+02    3.178161E+02    2.923996E+02    0.000000E+00    2.332167E-03    1.165958E+00
    1.398000E+03    1.116280E+00    2.644824E+02    8.488285E+04    1.672852E-05    8.711882E-02    1.000000E+02    3.173530E+02    2.919212E+02    0.000000E+00    2.329668E-03    1.161890E+00
    1.401000E+03    1.115927E+00    2.644638E+02    8.484994E+04    1.672759E-05    8.731392E-02    1.000000E+02    3.168905E+02    2.914434E+02    0.000000E+00    2.327172E-03    1.157823E+00
    1.404000E+03    1.115575E+00    2.644452E+02    8.481703E+04    1.672666E-05    8.750906E-02    1.000000E+02    3.164286E+02    2.909664E+02    0.000000E+00    2.324678E-03    1.153805E+00
    1.407000E+03    1.115222E+00    2.644266E+02    8.478414E+04    1.672572E-05    8.770423E-02    1.000000E+02    3.159673E+02    2.904901E+02    0.000000E+00    2.322186E-03    1.149930E+00
    1.410000E+03    1.114870E+00    2.644080E+02    8.475126E+04    1.672479E-05    8.789944E-02    1.000000E+02    3.155067E+02    2.900145E+02    0.000000E+00    2.319697E-03    1.146055E+00
    1.413000E+03    1.114518E+00    2.643894E+02    8.471840E+04    1.672385E-05    8.809468E-02    1.000000E+02    3.150466E+02    2.895397E+02    0.000000E+00    2.317209E-03    1.142180E+00
    1.416000E+03    1.114166E+00    2.643708E+02    8.468555E+04    1.672292E-05    8.828996E-02    1.000000E+02    3.145871E+02    2.890655E+02    0.000000E+00    2.314724E-03    1.138305E+00
    1.419000E+03    1.113814E+00    2.643522E+02    8.465271E+04    1.672198E-05    8.848527E-02    1.000000E+02    3.141282E+02    2.885920E+02    0.000000E+00    2.312240E-03    1.134430E+00
    1.422000E+03    1.113462E+00    2.643336E+02    8.461988E+04    1.672105E-05    8.868062E-02    1.000000E+02    3.136699E+02    2.881193E+02    0.000000E+00    2.309759E-03    1.130714E+00
    1.425000E+03    1.113110E+00    2.643150E+02    8.458707E+04    1.672011E-05    8.887600E-02    1.000000E+02    3.132122E+02    2.876472E+02    0.000000E+00    2.307280E-03    1.127019E+00
    1.428000E+03    1.112758E+00    2.642964E+02    8.455424E+04    1.671918E-05    8.907142E-02    1.000000E+02    3.127551E+02    2.871759E+02    0.000000E+00    2.304803E-03    1.123325E+00
    1.431000E+03    1.112406E+00    2.642778E+02    8.452143E+04    1.671824E-05    8.926687E-02    1.000000E+02    3.122985E+02    2.867053E+02    0.000000E+00    2.302329E-03    1.119630E+00
    1.434000E+03    1.112054E+00    2.642592E+02    8.448863E+04    1.671731E-05    8.946236E-02    1.000000E+02    3.118426E+02    2.862353E+02    0.000000E+00    2.299857E-03    1.115936E+00
    1.437000E+03    1.111703E+00    2.642406E+02    8.445585E+04    1.671637E-05    8.965788E-02    1.000000E+02    3.113873E+02    2.857661E+02    0.000000E+00    2.297387E-03    1.112324E+00
    1.440000E+03    1.111351E+00    2.642220E+02    8.442307E+04    1.671544E-05    8.985344E-02    1.000000E+02    3.109325E+02    2.852976E+02    0.000000E+00    2.294919E-03    1.108794E+00
    1.443000E+03    1.111000E+00    2.642034E+02    8.439031E+04    1.671450E-05    9.004903E-02    1.000000E+02    3.104784E+02    2.848297E+02    0.000000E+00    2.292453E-03    1.105264E+00
    1.446000E+03    1.110648E+00    2.641848E+02    8.435756E+04    1.671357E-05    9.024465E-02    1.000000E+02    3.100248E+02    2.843626E+02    0.000000E+00    2.289989E-03    1.101734E+00
    1.449000E+03    1.110297E+00    2.641662E+02    8.432483E+04    1.671263E-05    9.044032E-02    1.000000E+02    3.095718E+02    2.838962E+02    0.000000E+00    2.287528E-03    1.098204E+00
    1.452000E+03    1.109946E+00    2.641476E+02    8.429210E+04    1.671170E-05    9.063601E-02    1.000000E+02    3.091194E+02    2.834304E+02    0.000000E+00    2.285068E-03    1.094692E+00
    1.455000E+03    1.109595E+00    2.641290E+02    8.425939E+04    1.671076E-05    9.083174E-02    1.000000E+02    3.086676E+02    2.829654E+02    0.000000E+00    2.282611E-03    1.091305E+00
    1.458000E+03    1.109244E+00    2.641104E+02    8.422667E+04    1.670983E-05    9.102751E-02    1.000000E+02    3.082164E+02    2.825010E+02    0.000000E+00    2.280156E-03    1.087919E+00
    1.461000E+03    1.108893E+00    2.640918E+02    8.419396E+04    1.670889E-05    9.122331E-02    1.000000E+02    3.077658E+02    2.820374E+02    0.000000E+00    2.277703E-03    1.084532E+00
    1.464000E+03    1.108542E+00    2.640732E+02    8.416127E+04    1.670795E-05    9.141915E-02    1.000000E+02    3.073157E+02    2.815744E+02    0.000000E+00    2.275253E-03    1.081145E+00
    1.467000E+03    1.108191E+00    2.640546E+02    8.412858E+04    1.670702E-05    9.161502E-02    1.000000E+02    3.068663E+02    2.811122E+02    0.000000E+00    2.272805E-03    1.077759E+00
    1.470000E+03    1.107841E+00    2.640360E+02    8.409591E+04    1.670608E-05    9.181093E-02    1.000000E+02    3.064174E+02    2.806506E+02    0.000000E+00    2.270358E-03    1.074461E+00
    1.473000E+03    1.107490E+00    2.640174E+02    8.406326E+04    1.670515E-05    9.200687E-02    1.000000E+02    3.059691E+02    2.801897E+02    0.000000E+00    2.267914E-03    1.071193E+00
    1.476000E+03    1.107140E+00    2.639988E+02    8.403061E+04    1.670421E-05    9.220284E-02    1.000000E+02    3.055214E+02    2.797295E+02    0.000000E+00    2.265472E-03    1.067924E+00
    1.479000E+03    1.106789E+00    2.639802E+02    8.399798E+04    1.670328E-05    9.239885E-02    1.000000E+02    3.050743E+02    2.792700E+02    0.000000E+00    2.263032E-03    1.064656E+00
    1.482000E+03    1.106439E+00    2.639616E+02    8.396536E+04    1.670234E-05    9.259490E-02    1.000000E+02    3.046277E+02    2.788112E+02    0.000000E+00    2.260594E-03    1.061387E+00
    1.485000E+03    1.106089E+00    2.639430E+02    8.393275E+04    1.670141E-05    9.279098E-02    1.000000E+02    3.041818E+02    2.783531E+02    0.000000E+00    2.258158E-03    1.058153E+00
    1.488000E+03    1.105739E+00    2.639244E+02    8.390013E+04    1.670047E-05    9.298710E-02    1.000000E+02    3.037364E+02    2.778957E+02    0.000000E+00    2.255725E-03    1.054975E+00
    1.491000E+03    1.105389E+00    2.639058E+02    8.386753E+04    1.669954E-05    9.318325E-02    1.000000E+02    3.032916E+02    2.774389E+02    0.000000E+00    2.253294E-03    1.051796E+00
    1.494000E+03    1.105039E+00    2.638872E+02    8.383494E+04    1.669860E-05    9.337943E-02    1.000000E+02    3.028474E+02    2.769829E+02    0.000000E+00    2.250865E-03    1.048618E+00
    1.497000E+03    1.104689E+00    2.638686E+02    8.380236E+04    1.669766E-05    9.357565E-02    1.000000E+02    3.024037E+02    2.765275E+02    0.000000E+00    2.248438E-03    1.045439E+00
    1.500000E+03    1.104339E+00    2.638500E+02    8.376979E+04    1.669673E-05    9.377191E-02    1.000000E+02    3.019606E+02    2.760728E+02    0.000000E+00    2.246014E-03    1.042261E+00
    1.503000E+03    1.103989E+00    2.638314E+02    8.373723E+04    1.669579E-05    9.396820E-02    1.000000E+02    3.015181E+02    2.756188E+02    0.000000E+00    2.243591E-03    1.039140E+00
    1.506000E+03    1.103639E+00    2.638128E+02    8.370469E+04    1.669486E-05    9.416452E-02    1.000000E+02    3.010762E+02    2.751654E+02    0.000000E+00    2.241170E-03    1.036020E+00
    1.509000E+03    1.103290E+00    2.637942E+02    8.367216E+04    1.669392E-05    9.436088E-02    1.000000E+02    3.006349E+02    2.747128E+02    0.000000E+00    2.238752E-03    1.032899E+00
    1.512000E+03    1.102941E+00    2.637756E+02    8.363965E+04    1.669298E-05    9.455728E-02    1.000000E+02    3.001941E+02    2.742608E+02    0.000000E+00    2.236335E-03    1.029778E+00
    1.515000E+03    1.102591E+00    2.637570E+02    8.360714E+04    1.669205E-05    9.475371E-02    1.000000E+02    2.997539E+02    2.738095E+02    0.000000E+00    2.233921E-03    1.026657E+00
    1.518000E+03    1.102242E+00    2.637384E+02    8.357463E+04    1.669111E-05    9.495017E-02    1.000000E+02    2.993143E+02    2.733589E+02    0.000000E+00    2.231509E-03    1.023551E+00
    1.521000E+03    1.101893E+00    2.637198E+02    8.354212E+04    1.669018E-05    9.514667E-02    1.000000E+02    2.988753E+02    2.729089E+02    0.000000E+00    2.229100E-03    1.020454E+00
    1.524000E+03    1.101543E+00    2.637012E+02    8.350963E+04    1.668924E-05    9.534321E-02    1.000000E+02    2.984368E+02    2.724596E+02    0.000000E+00    2.226692E-03    1.017357E+00
    1.527000E+03    1.101194E+00    2.636826E+02    8.347716E+04    1.668831E-05    9.553978E-02    1.000000E+02    2.979989E+02    2.720110E+02    0.000000E+00    2.224287E-03    1.014260E+00
    1.530000E+03    1.100845E+00    2.636640E+02    8.344469E+04    1.668737E-05    9.573638E-02    1.000000E+02    2.975616E+02    2.715631E+02    0.000000E+00    2.221883E-03    1.011162E+00
    1.533000E+03    1.100496E+00    2.636454E+02    8.341224E+04    1.668643E-05    9.593302E-02    1.000000E+02    2.971248E+02    2.711159E+02    0.000000E+00    2.219482E-03    1.007653E+00
    1.536000E+03    1.100148E+00    2.636268E+02    8.337980E+04    1.668550E-05    9.612970E-02    1.000000E+02    2.966886E+02    2.706693E+02    0.000000E+00    2.217083E-03    1.002887E+00
    1.539000E+03    1.099799E+00    2.636082E+02    8.334738E+04    1.668456E-05    9.632641E-02    1.000000E+02    2.962530E+02    2.702234E+02    0.000000E+00    2.214686E-03    9.981211E-01
    1.542000E+03    1.099450E+00    2.635896E+02    8.331496E+04    1.668362E-05    9.652315E-02    1.000000E+02    2.958180E+02    2.697781E+02    0.000000E+00    2.212290E-03    9.933553E-01
    1.545000E+03    1.099102E+00    2.635710E+02    8.328256E+04    1.668269E-05    9.671993E-02    1.000000E+02    2.953835E+02    2.693336E+02    0.000000E+00    2.209897E-03    9.885894E-01
    1.548000E+03    1.098753E+00    2.635524E+02    8.325015E+04    1.668175E-05    9.691674E-02    1.000000E+02    2.949496E+02    2.688897E+02    0.000000E+00    2.207507E-03    9.838235E-01
    1.551000E+03    1.098405E+00    2.635338E+02    8.321775E+04    1.668082E-05    9.711359E-02    1.000000E+02    2.945162E+02    2.684464E+02    0.000000E+00    2.205119E-03    9.782222E-01
    1.554000E+03    1.098056E+00    2.635152E+02    8.318536E+04    1.667988E-05    9.731048E-02    1.000000E+02    2.940834E+02    2.680039E+02    0.000000E+00    2.202732E-03    9.724967E-01
    1.557000E+03    1.097708E+00    2.634966E+02    8.315299E+04    1.667894E-05    9.750739E-02    1.000000E+02    2.936512E+02    2.675620E+02    0.000000E+00    2.200348E-03    9.667713E-01
    1.560000E+03    1.097360E+00    2.634780E+02    8.312063E+04    1.667801E-05    9.770435E-02    1.000000E+02    2.932196E+02    2.671207E+02    0.000000E+00    2.197966E-03    9.610458E-01
    1.563000E+03    1.097012E+00    2.634594E+02    8.308828E+04    1.667707E-05    9.790134E-02    1.000000E+02    2.927885E+02    2.666801E+02    0.000000E+00    2.195586E-03    9.553204E-01
    1.566000E+03    1.096664E+00    2.634408E+02    8.305594E+04    1.667613E-05    9.809836E-02    1.000000E+02    2.923580E+02    2.662402E+02    0.000000E+00    2.193208E-03    9.495949E-01
    1.569000E+03    1.096316E+00    2.634222E+02    8.302362E+04    1.667520E-05    9.829542E-02    1.000000E+02    2.919280E+02    2.658010E+02    0.000000E+00    2.190832E-03    9.438695E-01
    1.572000E+03    1.095968E+00    2.634036E+02    8.299130E+04    1.667426E-05    9.849251E-02    1.000000E+02    2.914986E+02    2.653624E+02    0.000000E+00    2.188458E-03    9.381440E-01
    1.575000E+03    1.095621E+00    2.633850E+02    8.295901E+04    1.667333E-05    9.868964E-02    1.000000E+02    2.910698E+02    2.649245E+02    0.000000E+00    2.186086E-03    9.324186E-01
    1.578000E+03    1.095273E+00    2.633664E+02    8.292670E+04    1.667239E-05    9.888680E-02    1.000000E+02    2.906415E+02    2.644872E+02    0.000000E+00    2.183717E-03    9.266931E-01
    1.581000E+03    1.094925E+00    2.633478E+02    8.289440E+04    1.667145E-05    9.908400E-02    1.000000E+02    2.902138E+02    2.640506E+02    0.000000E+00    2.181350E-03    9.209475E-01
    1.584000E+03    1.094578E+00    2.633292E+02    8.286212E+04    1.667052E-05    9.928123E-02    1.000000E+02    2.897866E+02    2.636146E+02    0.000000E+00    2.178984E-03    9.150509E-01
    1.587000E+03    1.094230E+00    2.633106E+02    8.282984E+04    1.666958E-05    9.947850E-02    1.000000E+02    2.893600E+02    2.631793E+02    0.000000E+00    2.176621E-03    9.091543E-01
    1.590000E+03    1.093883E+00    2.632920E+02    8.279758E+04    1.666864E-05    9.967580E-02    1.000000E+02    2.889340E+02    2.627447E+02    0.000000E+00    2.174260E-03    9.032578E-01
    1.593000E+03    1.093536E+00    2.632734E+02    8.276534E+04    1.666771E-05    9.987314E-02    1.000000E+02    2.885085E+02    2.623107E+02    0.000000E+00    2.171901E-03    8.973612E-01
    1.596000E+03    1.093189E+00    2.632548E+02    8.273310E+04    1.666677E-05    9.999725E-02    9.999334E+01    2.880836E+02    2.618774E+02    0.000000E+00    2.169400E-03    8.914646E-01
    1.599000E+03    1.092842E+00    2.632362E+02    8.270088E+04    1.666583E-05    9.999790E-02    9.997546E+01    2.876592E+02    2.614447E+02    0.000000E+00    2.166657E-03    8.855643E-01
    1.602000E+03    1.092496E+00    2.632176E+02    8.266867E+04    1.666490E-05    9.999882E-02    9.995761E+01    2.872354E+02    2.610127E+02    0.000000E+00    2.163917E-03    8.796627E-01
    1.605000E+03    1.092149E+00    2.631990E+02    8.263648E+04    1.666396E-05    1.000000E-01    9.993978E+01    2.868121E+02    2.605813E+02    0.000000E+00    2.161182E-03    8.737611E-01
    1.608000E+03    1.091802E+00    2.631804E+02    8.260427E+04    1.666302E-05    9.999882E-02    9.992174E+01    2.863894E+02    2.601506E+02    0.000000E+00    2.158445E-03    8.678596E-01
    1.611000E+03    1.091456E+00    2.631618E+02    8.257207E+04    1.666209E-05    9.999790E-02    9.990373E+01    2.859673E+02    2.597205E+02    0.000000E+00    2.155711E-03    8.619580E-01
    1.614000E+03    1.091109E+00    2.631432E+02    8.253989E+04    1.666115E-05    9.999724E-02    9.988575E+01    2.855457E+02    2.592911E+02    0.000000E+00    2.152981E-03    8.562793E-01
    1.617000E+03    1.090763E+00    2.631246E+02    8.250772E+04    1.666021E-05    9.999685E-02    9.986779E+01    2.851247E+02    2.588623E+02    0.000000E+00    2.150254E-03    8.509879E-01
    1.620000E+03    1.090417E+00    2.631060E+02    8.247557E+04    1.665927E-05    9.999671E-02    9.984986E+01    2.847042E+02    2.584341E+02    0.000000E+00    2.147531E-03    8.456966E-01
    1.623000E+03    1.090071E+00    2.630874E+02    8.244342E+04    1.665834E-05    9.999685E-02    9.983196E+01    2.842842E+02    2.580067E+02    0.000000E+00    2.144812E-03    8.404053E-01
    1.626000E+03    1.089725E+00    2.630688E+02    8.241129E+04    1.665740E-05    9.999724E-02    9.981408E+01    2.838648E+02    2.575798E+02    0.000000E+00    2.142095E-03    8.351140E-01
    1.629000E+03    1.089379E+00    2.630502E+02    8.237917E+04    1.665646E-05    9.999790E-02    9.979623E+01    2.834460E+02    2.571536E+02    0.000000E+00    2.139383E-03    8.298226E-01
    1.632000E+03    1.089033E+00    2.630316E+02    8.234706E+04    1.665553E-05    9.999882E-02    9.977841E+01    2.830277E+02    2.567281E+02    0.000000E+00    2.136673E-03    8.251595E-01
    1.635000E+03    1.088687E+00    2.630130E+02    8.231497E+04    1.665459E-05    1.000000E-01    9.976062E+01    2.826100E+02    2.563031E+02    0.000000E+00    2.133967E-03    8.205033E-01
    1.638000E+03    1.088341E+00    2.629944E+02    8.228286E+04    1.665365E-05    9.999881E-02    9.974261E+01    2.821928E+02    2.558789E+02    0.000000E+00    2.131260E-03    8.158472E-01
    1.641000E+03    1.087996E+00    2.629758E+02    8.225077E+04    1.665271E-05    9.999789E-02    9.972463E+01    2.817761E+02    2.554552E+02    0.000000E+00    2.128557E-03    8.111910E-01
    1.644000E+03    1.087650E+00    2.629572E+02    8.221869E+04    1.665178E-05    9.999723E-02    9.970668E+01    2.813600E+02    2.550322E+02    0.000000E+00    2.125857E-03    8.065349E-01
    1.647000E+03    1.087304E+00    2.629386E+02    8.218662E+04    1.665084E-05    9.999684E-02    9.968876E+01    2.809445E+02    2.546099E+02    0.000000E+00    2.123160E-03    8.018948E-01
    1.650000E+03    1.086959E+00    2.629200E+02    8.215457E+04    1.664990E-05    9.999671E-02    9.967086E+01    2.805295E+02    2.541882E+02    0.000000E+00    2.120467E-03    7.972649E-01
    1.653000E+03    1.086614E+00    2.629014E+02    8.212252E+04    1.664897E-05    9.999684E-02    9.965299E+01    2.801150E+02    2.537671E+02    0.000000E+00    2.117777E-03    7.926350E-01
    1.656000E+03    1.086268E+00    2.628828E+02    8.209049E+04    1.664803E-05    9.999723E-02    9.963515E+01    2.797011E+02    2.533467E+02    0.000000E+00    2.115090E-03    7.880051E-01
    1.659000E+03    1.085923E+00    2.628642E+02    8.205848E+04    1.664709E-05    9.999789E-02    9.961733E+01    2.792878E+02    2.529269E+02    0.000000E+00    2.112407E-03    7.833752E-01
    1.662000E+03    1.085578E+00    2.628456E+02    8.202647E+04    1.664615E-05    9.999881E-02    9.959955E+01    2.788749E+02    2.525077E+02    0.000000E+00    2.109728E-03    7.787554E-01
    1.665000E+03    1.085234E+00    2.628270E+02    8.199448E+04    1.664522E-05    1.000000E-01    9.958178E+01    2.784626E+02    2.520891E+02    0.000000E+00    2.107051E-03    7.741685E-01
    1.668000E+03    1.084889E+00    2.628084E+02    8.196248E+04    1.664428E-05    9.999881E-02    9.956381E+01    2.780509E+02    2.516712E+02    0.000000E+00    2.104374E-03    7.695815E-01
    1.671000E+03    1.084544E+00    2.627898E+02    8.193048E+04    1.664334E-05    9.999789E-02    9.954587E+01    2.776397E+02    2.512540E+02    0.000000E+00    2.101700E-03    7.649946E-01
    1.674000E+03    1.084199E+00    2.627712E+02    8.189851E+04    1.664240E-05    9.999723E-02    9.952795E+01    2.772290E+02    2.508373E+02    0.000000E+00    2.099030E-03    7.604076E-01
    1.677000E+03    1.083854E+00    2.627526E+02    8.186654E+04    1.664147E-05    9.999683E-02    9.951006E+01    2.768189E+02    2.504213E+02    0.000000E+00    2.096362E-03    7.558207E-01
    1.680000E+03    1.083510E+00    2.627340E+02    8.183459E+04    1.664053E-05    9.999670E-02    9.949219E+01    2.764093E+02    2.500059E+02    0.000000E+00    2.093699E-03    7.512545E-01
    1.683000E+03    1.083165E+00    2.627154E+02    8.180265E+04    1.663959E-05    9.999683E-02    9.947435E+01    2.760003E+02    2.495912E+02    0.000000E+00    2.091038E-03    7.466918E-01
    1.686000E+03    1.082821E+00    2.626968E+02    8.177072E+04    1.663865E-05    9.999723E-02    9.945654E+01    2.755918E+02    2.491771E+02    0.000000E+00    2.088381E-03    7.421290E-01
    1.689000E+03    1.082476E+00    2.626782E+02    8.173880E+04    1.663772E-05    9.999789E-02    9.943876E+01    2.751838E+02    2.487636E+02    0.000000E+00    2.085728E-03    7.375662E-01
    1.692000E+03    1.082132E+00    2.626596E+02    8.170690E+04    1.663678E-05    9.999881E-02    9.942101E+01    2.747764E+02    2.483507E+02    0.000000E+00    2.083077E-03    7.330035E-01
    1.695000E+03    1.081788E+00    2.626410E+02    8.167501E+04    1.663584E-05    1.000000E-01    9.940328E+01    2.743695E+02    2.479384E+02    0.000000E+00    2.080431E-03    7.290133E-01
    1.698000E+03    1.081444E+00    2.626224E+02    8.164311E+04    1.663490E-05    9.999881E-02    9.938534E+01    2.739632E+02    2.475268E+02    0.000000E+00    2.077783E-03    7.256348E-01
    1.701000E+03    1.081100E+00    2.626038E+02    8.161122E+04    1.663397E-05    9.999788E-02    9.936742E+01    2.735573E+02    2.471158E+02    0.000000E+00    2.075138E-03    7.222563E-01
    1.704000E+03    1.080756E+00    2.625852E+02    8.157934E+04    1.663303E-05    9.999722E-02    9.934954E+01    2.731521E+02    2.467054E+02    0.000000E+00    2.072497E-03    7.188778E-01
    1.707000E+03    1.080412E+00    2.625666E+02    8.154748E+04    1.663209E-05    9.999682E-02    9.933168E+01    2.727473E+02    2.462957E+02    0.000000E+00    2.069859E-03    7.154993E-01
    1.710000E+03    1.080068E+00    2.625480E+02    8.151562E+04    1.663115E-05    9.999669E-02    9.931385E+01    2.723431E+02    2.458866E+02    0.000000E+00    2.067225E-03    7.121208E-01
    1.713000E+03    1.079725E+00    2.625294E+02    8.148378E+04    1.663021E-05    9.999682E-02    9.929604E+01    2.719394E+02    2.454780E+02    0.000000E+00    2.064594E-03    7.087423E-01
    1.716000E+03    1.079381E+00    2.625108E+02    8.145196E+04    1.662928E-05    9.999722E-02    9.927827E+01    2.715362E+02    2.450701E+02    0.000000E+00    2.061966E-03    7.053638E-01
    1.719000E+03    1.079038E+00    2.624922E+02    8.142014E+04    1.662834E-05    9.999788E-02    9.926052E+01    2.711336E+02    2.446629E+02    0.000000E+00    2.059341E-03    7.019853E-01
    1.722000E+03    1.078694E+00    2.624736E+02    8.138834E+04    1.662740E-05    9.999881E-02    9.924279E+01    2.707315E+02    2.442562E+02    0.000000E+00    2.056720E-03    6.986068E-01
    1.725000E+03    1.078351E+00    2.624550E+02    8.135655E+04    1.662646E-05    1.000000E-01    9.922510E+01    2.703300E+02    2.438502E+02    0.000000E+00    2.054103E-03    6.952283E-01
    1.728000E+03    1.078008E+00    2.624364E+02    8.132475E+04    1.662552E-05    9.999881E-02    9.920719E+01    2.699289E+02    2.434447E+02    0.000000E+00    2.051484E-03    6.908557E-01
    1.731000E+03    1.077664E+00    2.624178E+02    8.129296E+04    1.662459E-05    9.999788E-02    9.918931E+01    2.695284E+02    2.430399E+02    0.000000E+00    2.048868E-03    6.861170E-01
    1.734000E+03    1.077321E+00    2.623992E+02    8.126119E+04    1.662365E-05    9.999721E-02    9.917146E+01    2.691285E+02    2.426357E+02    0.000000E+00    2.046256E-03    6.813782E-01
    1.737000E+03    1.076978E+00    2.623806E+02    8.122942E+04    1.662271E-05    9.999682E-02    9.915363E+01    2.687290E+02    2.422321E+02    0.000000E+00    2.043648E-03    6.766395E-01
    1.740000E+03    1.076635E+00    2.623620E+02    8.119767E+04    1.662177E-05    9.999668E-02    9.913583E+01    2.683301E+02    2.418292E+02    0.000000E+00    2.041042E-03    6.719008E-01
    1.743000E+03    1.076293E+00    2.623434E+02    8.116594E+04    1.662083E-05    9.999682E-02    9.911806E+01    2.679317E+02    2.414268E+02    0.000000E+00    2.038440E-03    6.669554E-01
    1.746000E+03    1.075950E+00    2.623248E+02    8.113421E+04    1.661989E-05    9.999721E-02    9.910032E+01    2.675339E+02    2.410251E+02    0.000000E+00    2.035841E-03    6.616338E-01
    1.749000E+03    1.075607E+00    2.623062E+02    8.110250E+04    1.661896E-05    9.999788E-02    9.908260E+01    2.671365E+02    2.406239E+02    0.000000E+00    2.033246E-03    6.563121E-01
    1.752000E+03    1.075265E+00    2.622876E+02    8.107080E+04    1.661802E-05    9.999881E-02    9.906491E+01    2.667397E+02    2.402234E+02    0.000000E+00    2.030654E-03    6.509905E-01
    1.755000E+03    1.074922E+00    2.622690E+02    8.103911E+04    1.661708E-05    1.000000E-01    9.904725E+01    2.663434E+02    2.398235E+02    0.000000E+00    2.028065E-03    6.456688E-01
    1.758000E+03    1.074580E+00    2.622504E+02    8.100741E+04    1.661614E-05    9.999880E-02    9.902937E+01    2.659477E+02    2.394242E+02    0.000000E+00    2.025475E-03    6.403472E-01
    1.761000E+03    1.074237E+00    2.622318E+02    8.097572E+04    1.661520E-05    9.999787E-02    9.901152E+01    2.655524E+02    2.390255E+02    0.000000E+00    2.022888E-03    6.369161E-01
    1.764000E+03    1.073895E+00    2.622132E+02    8.094405E+04    1.661426E-05    9.999721E-02    9.899370E+01    2.651577E+02    2.386274E+02    0.000000E+00    2.020305E-03    6.335272E-01
    1.767000E+03    1.073553E+00    2.621946E+02    8.091238E+04    1.661333E-05    9.999681E-02    9.897591E+01    2.647635E+02    2.382299E+02    0.000000E+00    2.017725E-03    6.301382E-01
    1.770000E+03    1.073211E+00    2.621760E+02    8.088074E+04    1.661239E-05    9.999668E-02    9.895814E+01    2.643698E+02    2.378330E+02    0.000000E+00    2.015148E-03    6.267493E-01
    1.773000E+03    1.072869E+00    2.621574E+02    8.084910E+04    1.661145E-05    9.999681E-02    9.894040E+01    2.639767E+02    2.374367E+02    0.000000E+00    2.012575E-03    6.233604E-01
    1.776000E+03    1.072527E+00    2.621388E+02    8.081747E+04    1.661051E-05    9.999721E-02    9.892269E+01    2.635840E+02    2.370410E+02    0.000000E+00    2.010005E-03    6.200327E-01
    1.779000E+03    1.072185E+00    2.621202E+02    8.078586E+04    1.660957E-05    9.999787E-02    9.890501E+01    2.631919E+02    2.366459E+02    0.000000E+00    2.007438E-03    6.167455E-01
    1.782000E+03    1.071843E+00    2.621016E+02    8.075426E+04    1.660863E-05    9.999880E-02    9.888735E+01    2.628003E+02    2.362514E+02    0.000000E+00    2.004874E-03    6.134583E-01
    1.785000E+03    1.071502E+00    2.620830E+02    8.072267E+04    1.660769E-05    1.000000E-01    9.886972E+01    2.624093E+02    2.358575E+02    0.000000E+00    2.002314E-03    6.101712E-01
    1.788000E+03    1.071160E+00    2.620644E+02    8.069107E+04    1.660676E-05    9.999880E-02    9.885188E+01    2.620187E+02    2.354643E+02    0.000000E+00    1.999753E-03    6.068840E-01
    1.791000E+03    1.070818E+00    2.620458E+02    8.065949E+04    1.660582E-05    9.999787E-02    9.883406E+01    2.616287E+02    2.350716E+02    0.000000E+00    1.997195E-03    6.035932E-01
    1.794000E+03    1.070477E+00    2.620272E+02    8.062792E+04    1.660488E-05    9.999720E-02    9.881627E+01    2.612391E+02    2.346795E+02    0.000000E+00    1.994640E-03    6.002900E-01
    1.797000E+03    1.070135E+00    2.620086E+02    8.059635E+04    1.660394E-05    9.999680E-02    9.879851E+01    2.608501E+02    2.342880E+02    0.000000E+00    1.992089E-03    5.969869E-01
    1.800000E+03    1.069794E+00    2.619900E+02    8.056481E+04    1.660300E-05    9.999667E-02    9.878078E+01    2.604616E+02    2.338971E+02    0.000000E+00    1.989540E-03    5.936837E-01
    1.803000E+03    1.069453E+00    2.619714E+02    8.053327E+04    1.660206E-05    9.999680E-02    9.876307E+01    2.600736E+02    2.335068E+02    0.000000E+00    1.986995E-03    5.903805E-01
    1.806000E+03    1.069112E+00    2.619528E+02    8.050175E+04    1.660112E-05    9.999720E-02    9.874540E+01    2.596862E+02    2.331171E+02    0.000000E+00    1.984454E-03    5.870773E-01
    1.809000E+03    1.068771E+00    2.619342E+02    8.047023E+04    1.660018E-05    9.999787E-02    9.872774E+01    2.592992E+02    2.327280E+02    0.000000E+00    1.981915E-03    5.837074E-01
    1.812000E+03    1.068430E+00    2.619156E+02    8.043873E+04    1.659925E-05    9.999880E-02    9.871012E+01    2.589128E+02    2.323395E+02    0.000000E+00    1.979380E-03    5.803255E-01
    1.815000E+03    1.068089E+00    2.618970E+02    8.040725E+04    1.659831E-05    1.000000E-01    9.869252E+01    2.585269E+02    2.319515E+02    0.000000E+00    1.976848E-03    5.769436E-01
    1.818000E+03    1.067748E+00    2.618784E+02    8.037575E+04    1.659737E-05    9.999880E-02    9.867471E+01    2.581414E+02    2.315642E+02    0.000000E+00    1.974315E-03    5.735618E-01
    1.821000E+03    1.067408E+00    2.618598E+02    8.034426E+04    1.659643E-05    9.999786E-02    9.865693E+01    2.577565E+02    2.311774E+02    0.000000E+00    1.971785E-03    5.701799E-01
    1.824000E+03    1.067067E+00    2.618412E+02    8.031279E+04    1.659549E-05    9.999720E-02    9.863917E+01    2.573722E+02    2.307913E+02    0.000000E+00    1.969259E-03    5.667981E-01
    1.827000E+03    1.066726E+00    2.618226E+02    8.028133E+04    1.659455E-05    9.999679E-02    9.862145E+01    2.569883E+02    2.304057E+02    0.000000E+00    1.966736E-03    5.634162E-01
    1.830000E+03    1.066386E+00    2.618040E+02    8.024988E+04    1.659361E-05    9.999666E-02    9.860375E+01    2.566049E+02    2.300207E+02    0.000000E+00    1.964216E-03    5.600344E-01
    1.833000E+03    1.066045E+00    2.617854E+02    8.021845E+04    1.659267E-05    9.999679E-02    9.858607E+01    2.562220E+02    2.296363E+02    0.000000E+00    1.961699E-03    5.566525E-01
    1.836000E+03    1.065705E+00    2.617668E+02    8.018702E+04    1.659173E-05    9.999719E-02    9.856843E+01    2.558397E+02    2.292525E+02    0.000000E+00    1.959186E-03    5.532707E-01
    1.839000E+03    1.065365E+00    2.617482E+02    8.015561E+04    1.659079E-05    9.999786E-02    9.855081E+01    2.554578E+02    2.288693E+02    0.000000E+00    1.956675E-03    5.499035E-01
    1.842000E+03    1.065025E+00    2.617296E+02    8.012421E+04    1.658985E-05    9.999880E-02    9.853322E+01    2.550765E+02    2.284867E+02    0.000000E+00    1.954168E-03    5.466742E-01
    1.845000E+03    1.064685E+00    2.617110E+02    8.009283E+04    1.658892E-05    1.000000E-01    9.851565E+01    2.546957E+02    2.281046E+02    0.000000E+00    1.951664E-03    5.434449E-01
    1.848000E+03    1.064345E+00    2.616924E+02    8.006143E+04    1.658798E-05    9.999880E-02    9.849787E+01    2.543153E+02    2.277231E+02    0.000000E+00    1.949159E-03    5.402155E-01
    1.851000E+03    1.064005E+00    2.616738E+02    8.003005E+04    1.658704E-05    9.999786E-02    9.848012E+01    2.539355E+02    2.273423E+02    0.000000E+00    1.946658E-03    5.369862E-01
    1.854000E+03    1.063665E+00    2.616552E+02    7.999867E+04    1.658610E-05    9.999719E-02    9.846240E+01    2.535562E+02    2.269620E+02    0.000000E+00    1.944159E-03    5.337569E-01
    1.857000E+03    1.063325E+00    2.616366E+02    7.996731E+04    1.658516E-05    9.999679E-02    9.844471E+01    2.531774E+02    2.265822E+02    0.000000E+00    1.941664E-03    5.307720E-01
    1.860000E+03    1.062986E+00    2.616180E+02    7.993596E+04    1.658422E-05    9.999665E-02    9.842704E+01    2.527991E+02    2.262031E+02    0.000000E+00    1.939172E-03    5.278821E-01
    1.863000E+03    1.062646E+00    2.615994E+02    7.990463E+04    1.658328E-05    9.999679E-02    9.840940E+01    2.524213E+02    2.258245E+02    0.000000E+00    1.936683E-03    5.249922E-01
    1.866000E+03    1.062307E+00    2.615808E+02    7.987331E+04    1.658234E-05    9.999719E-02    9.839178E+01    2.520440E+02    2.254465E+02    0.000000E+00    1.934197E-03    5.221023E-01
    1.869000E+03    1.061967E+00    2.615622E+02    7.984200E+04    1.658140E-05    9.999786E-02    9.837420E+01    2.516672E+02    2.250691E+02    0.000000E+00    1.931715E-03    5.192125E-01
    1.872000E+03    1.061628E+00    2.615436E+02    7.981070E+04    1.658046E-05    9.999879E-02    9.835664E+01    2.512908E+02    2.246923E+02    0.000000E+00    1.929236E-03    5.163241E-01
    1.875000E+03    1.061289E+00    2.615250E+02    7.977941E+04    1.657952E-05    1.000000E-01    9.833911E+01    2.509150E+02    2.243160E+02    0.000000E+00    1.926760E-03    5.134387E-01
    1.878000E+03    1.060950E+00    2.615064E+02    7.974811E+04    1.657858E-05    9.999879E-02    9.832136E+01    2.505397E+02    2.239403E+02    0.000000E+00    1.924283E-03    5.105533E-01
    1.881000E+03    1.060611E+00    2.614878E+02    7.971683E+04    1.657764E-05    9.999785E-02    9.830365E+01    2.501649E+02    2.235652E+02    0.000000E+00    1.921809E-03    5.076679E-01
    1.884000E+03    1.060272E+00    2.614692E+02    7.968556E+04    1.657670E-05    9.999718E-02    9.828596E+01    2.497906E+02    2.231907E+02    0.000000E+00    1.919338E-03    5.047824E-01
    1.887000E+03    1.059933E+00    2.614506E+02    7.965430E+04    1.657576E-05    9.999678E-02    9.826829E+01    2.494168E+02    2.228167E+02    0.000000E+00    1.916871E-03    5.018970E-01
    1.890000E+03    1.059594E+00    2.614320E+02    7.962305E+04    1.657482E-05    9.999665E-02    9.825066E+01    2.490435E+02    2.224433E+02    0.000000E+00    1.914406E-03    4.990812E-01
    1.893000E+03    1.059255E+00    2.614134E+02    7.959181E+04    1.657388E-05    9.999678E-02    9.823305E+01    2.486707E+02    2.220705E+02    0.000000E+00    1.911945E-03    4.962678E-01
    1.896000E+03    1.058916E+00    2.613948E+02    7.956059E+04    1.657294E-05    9.999718E-02    9.821547E+01    2.482984E+02    2.216983E+02    0.000000E+00    1.909487E-03    4.934544E-01
    1.899000E+03    1.058578E+00    2.613762E+02    7.952938E+04    1.657200E-05    9.999785E-02    9.819792E+01    2.479266E+02    2.213266E+02    0.000000E+00    1.907032E-03    4.906409E-01
    1.902000E+03    1.058239E+00    2.613576E+02    7.949818E+04    1.657106E-05    9.999879E-02    9.818039E+01    2.475553E+02    2.209555E+02    0.000000E+00    1.904580E-03    4.878275E-01
    1.905000E+03    1.057901E+00    2.613390E+02    7.946699E+04    1.657012E-05    1.000000E-01    9.816289E+01    2.471845E+02    2.205849E+02    0.000000E+00    1.902132E-03    4.850143E-01
    1.908000E+03    1.057563E+00    2.613204E+02    7.943580E+04    1.656918E-05    9.999879E-02    9.814518E+01    2.468141E+02    2.202149E+02    0.000000E+00    1.899682E-03    4.822012E-01
    1.911000E+03    1.057224E+00    2.613018E+02    7.940461E+04    1.656824E-05    9.999785E-02    9.812750E+01    2.464443E+02    2.198455E+02    0.000000E+00    1.897236E-03    4.793882E-01
    1.914000E+03    1.056886E+00    2.612832E+02    7.937344E+04    1.656730E-05    9.999718E-02    9.810984E+01    2.460750E+02    2.194767E+02    0.000000E+00    1.894793E-03    4.765751E-01
    1.917000E+03    1.056548E+00    2.612646E+02    7.934228E+04    1.656636E-05    9.999677E-02    9.809221E+01    2.457061E+02    2.191084E+02    0.000000E+00    1.892353E-03    4.737620E-01
    1.920000E+03    1.056210E+00    2.612460E+02    7.931113E+04    1.656542E-05    9.999664E-02    9.807461E+01    2.453377E+02    2.187407E+02    0.000000E+00    1.889916E-03    4.710113E-01
    1.923000E+03    1.055872E+00    2.612274E+02    7.928000E+04    1.656448E-05    9.999677E-02    9.805703E+01    2.449699E+02    2.183735E+02    0.000000E+00    1.887482E-03    4.684886E-01
    1.926000E+03    1.055534E+00    2.612088E+02    7.924887E+04    1.656354E-05    9.999718E-02    9.803948E+01    2.446025E+02    2.180070E+02    0.000000E+00    1.885052E-03    4.659659E-01
    1.929000E+03    1.055197E+00    2.611902E+02    7.921776E+04    1.656260E-05    9.999785E-02    9.802196E+01    2.442356E+02    2.176409E+02    0.000000E+00    1.882624E-03    4.634432E-01
    1.932000E+03    1.054859E+00    2.611716E+02    7.918666E+04    1.656166E-05    9.999879E-02    9.800447E+01    2.438692E+02    2.172755E+02    0.000000E+00    1.880200E-03    4.609204E-01
    1.935000E+03    1.054522E+00    2.611530E+02    7.915558E+04    1.656072E-05    1.000000E-01    9.798700E+01    2.435033E+02    2.169106E+02    0.000000E+00    1.877778E-03    4.583977E-01
    1.938000E+03    1.054184E+00    2.611344E+02    7.912448E+04    1.655978E-05    9.999879E-02    9.796932E+01    2.431379E+02    2.165462E+02    0.000000E+00    1.875356E-03    4.561187E-01
    1.941000E+03    1.053846E+00    2.611158E+02    7.909339E+04    1.655884E-05    9.999784E-02    9.795167E+01    2.427730E+02    2.161824E+02    0.000000E+00    1.872937E-03    4.538867E-01
    1.944000E+03    1.053509E+00    2.610972E+02    7.906232E+04    1.655790E-05    9.999717E-02    9.793405E+01    2.424085E+02    2.158192E+02    0.000000E+00    1.870521E-03    4.516547E-01
    1.947000E+03    1.053172E+00    2.610786E+02    7.903126E+04    1.655696E-05    9.999677E-02    9.791645E+01    2.420446E+02    2.154565E+02    0.000000E+00    1.868108E-03    4.494227E-01
    1.950000E+03    1.052834E+00    2.610600E+02    7.900021E+04    1.655602E-05    9.999663E-02    9.789888E+01    2.416811E+02    2.150944E+02    0.000000E+00    1.865699E-03    4.471907E-01
    1.953000E+03    1.052497E+00    2.610414E+02    7.896918E+04    1.655508E-05    9.999676E-02    9.788134E+01    2.413181E+02    2.147328E+02    0.000000E+00    1.863292E-03    4.448883E-01
    1.956000E+03    1.052160E+00    2.610228E+02    7.893815E+04    1.655414E-05    9.999717E-02    9.786382E+01    2.409556E+02    2.143718E+02    0.000000E+00    1.860889E-03    4.425037E-01
    1.959000E+03    1.051823E+00    2.610042E+02    7.890714E+04    1.655320E-05    9.999784E-02    9.784634E+01    2.405936E+02    2.140114E+02    0.000000E+00    1.858488E-03    4.401192E-01
    1.962000E+03    1.051487E+00    2.609856E+02    7.887614E+04    1.655226E-05    9.999879E-02    9.782887E+01    2.402321E+02    2.136515E+02    0.000000E+00    1.856091E-03    4.377347E-01
    1.965000E+03    1.051150E+00    2.609670E+02    7.884516E+04    1.655132E-05    1.000000E-01    9.781144E+01    2.398711E+02    2.132921E+02    0.000000E+00    1.853697E-03    4.353502E-01
    1.968000E+03    1.050813E+00    2.609484E+02    7.881416E+04    1.655038E-05    9.999878E-02    9.779380E+01    2.395105E+02    2.129333E+02    0.000000E+00    1.851301E-03    4.329469E-01
    1.971000E+03    1.050477E+00    2.609298E+02    7.878317E+04    1.654944E-05    9.999784E-02    9.777618E+01    2.391504E+02    2.125751E+02    0.000000E+00    1.848909E-03    4.303429E-01
    1.974000E+03    1.050140E+00    2.609112E+02    7.875220E+04    1.654850E-05    9.999716E-02    9.775858E+01    2.387908E+02    2.122174E+02    0.000000E+00    1.846520E-03    4.277389E-01
    1.977000E+03    1.049803E+00    2.608926E+02    7.872124E+04    1.654756E-05    9.999676E-02    9.774102E+01    2.384317E+02    2.118602E+02    0.000000E+00    1.844134E-03    4.251349E-01
    1.980000E+03    1.049467E+00    2.608740E+02    7.869029E+04    1.654662E-05    9.999662E-02    9.772348E+01    2.380731E+02    2.115036E+02    0.000000E+00    1.841752E-03    4.225309E-01
    1.983000E+03    1.049131E+00    2.608554E+02    7.865935E+04    1.654568E-05    9.999676E-02    9.770597E+01    2.377149E+02    2.111476E+02    0.000000E+00    1.839372E-03    4.199269E-01
    1.986000E+03    1.048795E+00    2.608368E+02    7.862843E+04    1.654473E-05    9.999716E-02    9.768849E+01    2.373572E+02    2.107921E+02    0.000000E+00    1.836995E-03    4.178167E-01
    1.989000E+03    1.048459E+00    2.608182E+02    7.859752E+04    1.654379E-05    9.999784E-02    9.767104E+01    2.370000E+02    2.104371E+02    0.000000E+00    1.834622E-03    4.159089E-01
    1.992000E+03    1.048123E+00    2.607996E+02    7.856662E+04    1.654285E-05    9.999878E-02    9.765361E+01    2.366433E+02    2.100827E+02    0.000000E+00    1.832251E-03    4.140011E-01
    1.995000E+03    1.047787E+00    2.607810E+02    7.853573E+04    1.654191E-05    1.000000E-01    9.763621E+01    2.362871E+02    2.097289E+02    0.000000E+00    1.829884E-03    4.120933E-01
    1.998000E+03    1.047451E+00    2.607624E+02    7.850483E+04    1.654097E-05    9.999878E-02    9.761859E+01    2.359313E+02    2.093755E+02    0.000000E+00    1.827515E-03    4.101855E-01
    2.001000E+03    1.047115E+00    2.607438E+02    7.847394E+04    1.654003E-05    9.999783E-02    9.760101E+01    2.355760E+02    2.090228E+02    0.000000E+00    1.825150E-03    4.082951E-01
    2.004000E+03    1.046779E+00    2.607252E+02    7.844307E+04    1.653909E-05    9.999716E-02    9.758345E+01    2.352212E+02    2.086705E+02    0.000000E+00    1.822788E-03    4.064396E-01
    2.007000E+03    1.046443E+00    2.607066E+02    7.841221E+04    1.653815E-05    9.999675E-02    9.756592E+01    2.348669E+02    2.083188E+02    0.000000E+00    1.820429E-03    4.045840E-01
    2.010000E+03    1.046108E+00    2.606880E+02    7.838136E+04    1.653721E-05    9.999661E-02    9.754841E+01    2.345130E+02    2.079677E+02    0.000000E+00    1.818073E-03    4.027285E-01
    2.013000E+03    1.045772E+00    2.606694E+02    7.835052E+04    1.653627E-05    9.999675E-02    9.753094E+01    2.341597E+02    2.076171E+02    0.000000E+00    1.815720E-03    4.008730E-01
    2.016000E+03    1.045437E+00    2.606508E+02    7.831970E+04    1.653533E-05    9.999716E-02    9.751349E+01    2.338068E+02    2.072670E+02    0.000000E+00    1.813369E-03    3.990174E-01
    2.019000E+03    1.045102E+00    2.606322E+02    7.828888E+04    1.653438E-05    9.999783E-02    9.749607E+01    2.334543E+02    2.069175E+02    0.000000E+00    1.811022E-03    3.971868E-01
    2.022000E+03    1.044767E+00    2.606136E+02    7.825808E+04    1.653344E-05    9.999878E-02    9.747867E+01    2.331024E+02    2.065685E+02    0.000000E+00    1.808679E-03    3.953573E-01
    2.025000E+03    1.044432E+00    2.605950E+02    7.822729E+04    1.653250E-05    1.000000E-01    9.746130E+01    2.327509E+02    2.062200E+02    0.000000E+00    1.806338E-03    3.935278E-01
    2.028000E+03    1.044096E+00    2.605764E+02    7.819649E+04    1.653156E-05    9.999878E-02    9.744372E+01    2.323999E+02    2.058721E+02    0.000000E+00    1.803996E-03    3.916983E-01
    2.031000E+03    1.043761E+00    2.605578E+02    7.816571E+04    1.653062E-05    9.999783E-02    9.742617E+01    2.320493E+02    2.055247E+02    0.000000E+00    1.801657E-03    3.898688E-01
    2.034000E+03    1.043426E+00    2.605392E+02    7.813493E+04    1.652968E-05    9.999715E-02    9.740864E+01    2.316992E+02    2.051779E+02    0.000000E+00    1.799321E-03    3.882114E-01
    2.037000E+03    1.043091E+00    2.605206E+02    7.810417E+04    1.652874E-05    9.999674E-02    9.739114E+01    2.313496E+02    2.048316E+02    0.000000E+00    1.796989E-03    3.866784E-01
    2.040000E+03    1.042757E+00    2.605020E+02    7.807342E+04    1.652780E-05    9.999661E-02    9.737367E+01    2.310005E+02    2.044858E+02    0.000000E+00    1.794659E-03    3.851453E-01
    2.043000E+03    1.042422E+00    2.604834E+02    7.804268E+04    1.652686E-05    9.999674E-02    9.735623E+01    2.306518E+02    2.041405E+02    0.000000E+00    1.792332E-03    3.836123E-01
    2.046000E+03    1.042088E+00    2.604648E+02    7.801195E+04    1.652591E-05    9.999715E-02    9.733881E+01    2.303036E+02    2.037958E+02    0.000000E+00    1.790008E-03    3.820793E-01
    2.049000E+03    1.041753E+00    2.604462E+02    7.798124E+04    1.652497E-05    9.999783E-02    9.732142E+01    2.299559E+02    2.034516E+02    0.000000E+00    1.787688E-03    3.805463E-01
    2.052000E+03    1.041419E+00    2.604276E+02    7.795054E+04    1.652403E-05    9.999878E-02    9.730406E+01    2.296087E+02    2.031080E+02    0.000000E+00    1.785370E-03    3.790133E-01
    2.055000E+03    1.041085E+00    2.604090E+02    7.791985E+04    1.652309E-05    1.000000E-01    9.728672E+01    2.292619E+02    2.027649E+02    0.000000E+00    1.783055E-03    3.774803E-01
    2.058000E+03    1.040750E+00    2.603904E+02    7.788914E+04    1.652215E-05    9.999878E-02    9.726918E+01    2.289155E+02    2.024223E+02    0.000000E+00    1.780740E-03    3.759473E-01
    2.061000E+03    1.040416E+00    2.603718E+02    7.785846E+04    1.652121E-05    9.999782E-02    9.725166E+01    2.285697E+02    2.020802E+02    0.000000E+00    1.778427E-03    3.744143E-01
    2.064000E+03    1.040082E+00    2.603532E+02    7.782778E+04    1.652026E-05    9.999714E-02    9.723416E+01    2.282243E+02    2.017387E+02    0.000000E+00    1.776118E-03    3.728812E-01
    2.067000E+03    1.039748E+00    2.603346E+02    7.779712E+04    1.651932E-05    9.999674E-02    9.721670E+01    2.278793E+02    2.013977E+02    0.000000E+00    1.773811E-03    3.713433E-01
    2.070000E+03    1.039414E+00    2.603160E+02    7.776646E+04    1.651838E-05    9.999660E-02    9.719926E+01    2.275349E+02    2.010572E+02    0.000000E+00    1.771508E-03    3.698043E-01
    2.073000E+03    1.039080E+00    2.602974E+02    7.773582E+04    1.651744E-05    9.999673E-02    9.718185E+01    2.271909E+02    2.007172E+02    0.000000E+00    1.769207E-03    3.682654E-01
    2.076000E+03    1.038746E+00    2.602788E+02    7.770520E+04    1.651650E-05    9.999714E-02    9.716446E+01    2.268473E+02    2.003778E+02    0.000000E+00    1.766910E-03    3.667264E-01
    2.079000E+03    1.038413E+00    2.602602E+02    7.767458E+04    1.651556E-05    9.999782E-02    9.714711E+01    2.265043E+02    2.000389E+02    0.000000E+00    1.764615E-03    3.651875E-01
    2.082000E+03    1.038079E+00    2.602416E+02    7.764398E+04    1.651461E-05    9.999878E-02    9.712978E+01    2.261616E+02    1.997005E+02    0.000000E+00    1.762324E-03    3.636234E-01
    2.085000E+03    1.037746E+00    2.602230E+02    7.761339E+04    1.651367E-05    1.000000E-01    9.711247E+01    2.258195E+02    1.993626E+02    0.000000E+00    1.760035E-03    3.620288E-01
    2.088000E+03    1.037412E+00    2.602044E+02    7.758278E+04    1.651273E-05    9.999877E-02    9.709496E+01    2.254778E+02    1.990253E+02    0.000000E+00    1.757745E-03    3.604342E-01
    2.091000E+03    1.037079E+00    2.601858E+02    7.755219E+04    1.651179E-05    9.999782E-02    9.707747E+01    2.251366E+02    1.986885E+02    0.000000E+00    1.755459E-03    3.588397E-01
    2.094000E+03    1.036745E+00    2.601672E+02    7.752162E+04    1.651085E-05    9.999714E-02    9.706001E+01    2.247958E+02    1.983522E+02    0.000000E+00    1.753175E-03    3.572451E-01
    2.097000E+03    1.036412E+00    2.601486E+02    7.749105E+04    1.650991E-05    9.999673E-02    9.704258E+01    2.244555E+02    1.980164E+02    0.000000E+00    1.750895E-03    3.556505E-01
    2.100000E+03    1.036079E+00    2.601300E+02    7.746050E+04    1.650896E-05    9.999659E-02    9.702517E+01    2.241156E+02    1.976811E+02    0.000000E+00    1.748617E-03    3.540561E-01
    2.103000E+03    1.035746E+00    2.601114E+02    7.742996E+04    1.650802E-05    9.999673E-02    9.700779E+01    2.237762E+02    1.973464E+02    0.000000E+00    1.746343E-03    3.524617E-01
    2.106000E+03    1.035413E+00    2.600928E+02    7.739943E+04    1.650708E-05    9.999714E-02    9.699044E+01    2.234373E+02    1.970122E+02    0.000000E+00    1.744071E-03    3.508673E-01
    2.109000E+03    1.035080E+00    2.600742E+02    7.736891E+04    1.650614E-05    9.999782E-02    9.697312E+01    2.230988E+02    1.966785E+02    0.000000E+00    1.741802E-03    3.492729E-01
    2.112000E+03    1.034747E+00    2.600556E+02    7.733840E+04    1.650520E-05    9.999877E-02    9.695582E+01    2.227608E+02    1.963453E+02    0.000000E+00    1.739536E-03    3.476786E-01
    2.115000E+03    1.034415E+00    2.600370E+02    7.730791E+04    1.650425E-05    1.000000E-01    9.693855E+01    2.224232E+02    1.960126E+02    0.000000E+00    1.737274E-03    3.460842E-01
    2.118000E+03    1.034082E+00    2.600184E+02    7.727741E+04    1.650331E-05    9.999877E-02    9.692107E+01    2.220861E+02    1.956804E+02    0.000000E+00    1.735010E-03    3.444898E-01
    2.121000E+03    1.033749E+00    2.599998E+02    7.724692E+04    1.650237E-05    9.999781E-02    9.690361E+01    2.217495E+02    1.953488E+02    0.000000E+00    1.732749E-03    3.428954E-01
    2.124000E+03    1.033417E+00    2.599812E+02    7.721644E+04    1.650143E-05    9.999713E-02    9.688619E+01    2.214132E+02    1.950176E+02    0.000000E+00    1.730491E-03    3.413010E-01
    2.127000E+03    1.033084E+00    2.599626E+02    7.718597E+04    1.650049E-05    9.999672E-02    9.686879E+01    2.210775E+02    1.946870E+02    0.000000E+00    1.728236E-03    3.397066E-01
    2.130000E+03    1.032752E+00    2.599440E+02    7.715551E+04    1.649954E-05    9.999658E-02    9.685141E+01    2.207422E+02    1.943569E+02    0.000000E+00    1.725985E-03    3.381850E-01
    2.133000E+03    1.032420E+00    2.599254E+02    7.712507E+04    1.649860E-05    9.999672E-02    9.683407E+01    2.204074E+02    1.940273E+02    0.000000E+00    1.723736E-03    3.368164E-01
    2.136000E+03    1.032088E+00    2.599068E+02    7.709464E+04    1.649766E-05    9.999713E-02    9.681675E+01    2.200730E+02    1.936982E+02    0.000000E+00    1.721489E-03    3.354478E-01
    2.139000E+03    1.031756E+00    2.598882E+02    7.706422E+04    1.649672E-05    9.999781E-02    9.679946E+01    2.197390E+02    1.933697E+02    0.000000E+00    1.719246E-03    3.340792E-01
    2.142000E+03    1.031424E+00    2.598696E+02    7.703381E+04    1.649577E-05    9.999877E-02    9.678219E+01    2.194056E+02    1.930416E+02    0.000000E+00    1.717006E-03    3.327106E-01
    2.145000E+03    1.031092E+00    2.598510E+02    7.700342E+04    1.649483E-05    1.000000E-01    9.676496E+01    2.190725E+02    1.927140E+02    0.000000E+00    1.714769E-03    3.313420E-01
    2.148000E+03    1.030760E+00    2.598324E+02    7.697301E+04    1.649389E-05    9.999877E-02    9.674751E+01    2.187399E+02    1.923870E+02    0.000000E+00    1.712531E-03    3.299921E-01
    2.151000E+03    1.030428E+00    2.598138E+02    7.694262E+04    1.649295E-05    9.999781E-02    9.673008E+01    2.184078E+02    1.920604E+02    0.000000E+00    1.710295E-03    3.286432E-01
    2.154000E+03    1.030097E+00    2.597952E+02    7.691224E+04    1.649200E-05    9.999712E-02    9.671269E+01    2.180761E+02    1.917344E+02    0.000000E+00    1.708063E-03    3.272943E-01
    2.157000E+03    1.029765E+00    2.597766E+02    7.688187E+04    1.649106E-05    9.999671E-02    9.669532E+01    2.177449E+02    1.914089E+02    0.000000E+00    1.705834E-03    3.259455E-01
    2.160000E+03    1.029434E+00    2.597580E+02    7.685151E+04    1.649012E-05    9.999658E-02    9.667798E+01    2.174141E+02    1.910838E+02    0.000000E+00    1.703607E-03    3.245966E-01
    2.163000E+03    1.029102E+00    2.597394E+02    7.682117E+04    1.648918E-05    9.999671E-02    9.666067E+01    2.170837E+02    1.907593E+02    0.000000E+00    1.701384E-03    3.232477E-01
    2.166000E+03    1.028771E+00    2.597208E+02    7.679083E+04    1.648823E-05    9.999712E-02    9.664338E+01    2.167539E+02    1.904353E+02    0.000000E+00    1.699163E-03    3.218989E-01
    2.169000E+03    1.028440E+00    2.597022E+02    7.676051E+04    1.648729E-05    9.999781E-02    9.662613E+01    2.164244E+02    1.901118E+02    0.000000E+00    1.696945E-03    3.205500E-01
    2.172000E+03    1.028109E+00    2.596836E+02    7.673020E+04    1.648635E-05    9.999877E-02    9.660889E+01    2.160954E+02    1.897887E+02    0.000000E+00    1.694730E-03    3.192011E-01
    2.175000E+03    1.027778E+00    2.596650E+02    7.669990E+04    1.648541E-05    1.000000E-01    9.659169E+01    2.157668E+02    1.894662E+02    0.000000E+00    1.692518E-03    3.178522E-01
    2.178000E+03    1.027447E+00    2.596464E+02    7.666960E+04    1.648446E-05    9.999876E-02    9.657427E+01    2.154387E+02    1.891442E+02    0.000000E+00    1.690305E-03    3.165382E-01
    2.181000E+03    1.027115E+00    2.596278E+02    7.663930E+04    1.648352E-05    9.999780E-02    9.655688E+01    2.151111E+02    1.888227E+02    0.000000E+00    1.688095E-03    3.153696E-01
    2.184000E+03    1.026785E+00    2.596092E+02    7.660902E+04    1.648258E-05    9.999712E-02    9.653952E+01    2.147838E+02    1.885017E+02    0.000000E+00    1.685888E-03    3.142009E-01
    2.187000E+03    1.026454E+00    2.595906E+02    7.657875E+04    1.648163E-05    9.999671E-02    9.652219E+01    2.144571E+02    1.881812E+02    0.000000E+00    1.683684E-03    3.130323E-01
    2.190000E+03    1.026123E+00    2.595720E+02    7.654849E+04    1.648069E-05    9.999657E-02    9.650488E+01    2.141307E+02    1.878611E+02    0.000000E+00    1.681483E-03    3.118636E-01
    2.193000E+03    1.025792E+00    2.595534E+02    7.651824E+04    1.647975E-05    9.999670E-02    9.648760E+01    2.138048E+02    1.875416E+02    0.000000E+00    1.679285E-03    3.106950E-01
    2.196000E+03    1.025462E+00    2.595348E+02    7.648800E+04    1.647881E-05    9.999712E-02    9.647035E+01    2.134794E+02    1.872226E+02    0.000000E+00    1.677089E-03    3.097997E-01
    2.199000E+03    1.025132E+00    2.595162E+02    7.645778E+04    1.647786E-05    9.999780E-02    9.645312E+01    2.131544E+02    1.869041E+02    0.000000E+00    1.674896E-03    3.089657E-01
    2.202000E+03    1.024801E+00    2.594976E+02    7.642757E+04    1.647692E-05    9.999876E-02    9.643592E+01    2.128298E+02    1.865860E+02    0.000000E+00    1.672707E-03    3.081317E-01
    2.205000E+03    1.024471E+00    2.594790E+02    7.639737E+04    1.647598E-05    1.000000E-01    9.641875E+01    2.125057E+02    1.862685E+02    0.000000E+00    1.670520E-03    3.072976E-01
    2.208000E+03    1.024141E+00    2.594604E+02    7.636716E+04    1.647503E-05    9.999876E-02    9.640137E+01    2.121820E+02    1.859514E+02    0.000000E+00    1.668332E-03    3.064636E-01
    2.211000E+03    1.023811E+00    2.594418E+02    7.633696E+04    1.647409E-05    9.999780E-02    9.638401E+01    2.118587E+02    1.856349E+02    0.000000E+00    1.666147E-03    3.056296E-01
    2.214000E+03    1.023480E+00    2.594232E+02    7.630677E+04    1.647315E-05    9.999711E-02    9.636668E+01    2.115359E+02    1.853188E+02    0.000000E+00    1.663965E-03    3.047956E-01
    2.217000E+03    1.023150E+00    2.594046E+02    7.627660E+04    1.647220E-05    9.999670E-02    9.634938E+01    2.112136E+02    1.850032E+02    0.000000E+00    1.661786E-03    3.039615E-01
    2.220000E+03    1.022821E+00    2.593860E+02    7.624644E+04    1.647126E-05    9.999656E-02    9.633210E+01    2.108916E+02    1.846882E+02    0.000000E+00    1.659609E-03    3.031275E-01
    2.223000E+03    1.022491E+00    2.593674E+02    7.621629E+04    1.647032E-05    9.999670E-02    9.631486E+01    2.105701E+02    1.843736E+02    0.000000E+00    1.657436E-03    3.022935E-01
    2.226000E+03    1.022161E+00    2.593488E+02    7.618615E+04    1.646938E-05    9.999711E-02    9.629764E+01    2.102491E+02    1.840595E+02    0.000000E+00    1.655265E-03    3.014595E-01
    2.229000E+03    1.021832E+00    2.593302E+02    7.615602E+04    1.646843E-05    9.999780E-02    9.628045E+01    2.099284E+02    1.837459E+02    0.000000E+00    1.653097E-03    3.006256E-01
    2.232000E+03    1.021502E+00    2.593116E+02    7.612591E+04    1.646749E-05    9.999876E-02    9.626328E+01    2.096083E+02    1.834327E+02    0.000000E+00    1.650932E-03    2.997918E-01
    2.235000E+03    1.021173E+00    2.592930E+02    7.609581E+04    1.646655E-05    1.000000E-01    9.624614E+01    2.092885E+02    1.831201E+02    0.000000E+00    1.648770E-03    2.989580E-01
    2.238000E+03    1.020843E+00    2.592744E+02    7.606570E+04    1.646560E-05    9.999876E-02    9.622879E+01    2.089692E+02    1.828079E+02    0.000000E+00    1.646607E-03    2.981241E-01
    2.241000E+03    1.020514E+00    2.592558E+02    7.603560E+04    1.646466E-05    9.999779E-02    9.621147E+01    2.086503E+02    1.824963E+02    0.000000E+00    1.644447E-03    2.972903E-01
    2.244000E+03    1.020185E+00    2.592372E+02    7.600551E+04    1.646372E-05    9.999710E-02    9.619417E+01    2.083318E+02    1.821851E+02    0.000000E+00    1.642290E-03    2.965051E-01
    2.247000E+03    1.019855E+00    2.592186E+02    7.597543E+04    1.646277E-05    9.999669E-02    9.617690E+01    2.080138E+02    1.818744E+02    0.000000E+00    1.640135E-03    2.957419E-01
    2.250000E+03    1.019526E+00    2.592000E+02    7.594537E+04    1.646183E-05    9.999655E-02    9.615966E+01    2.076962E+02    1.815642E+02    0.000000E+00    1.637984E-03    2.949788E-01
    2.253000E+03    1.019197E+00    2.591814E+02    7.591531E+04    1.646088E-05    9.999669E-02    9.614244E+01    2.073791E+02    1.812545E+02    0.000000E+00    1.635835E-03    2.942156E-01
    2.256000E+03    1.018868E+00    2.591628E+02    7.588527E+04    1.645994E-05    9.999710E-02    9.612526E+01    2.070624E+02    1.809452E+02    0.000000E+00    1.633689E-03    2.934524E-01
    2.259000E+03    1.018540E+00    2.591442E+02    7.585524E+04    1.645900E-05    9.999779E-02    9.610810E+01    2.067461E+02    1.806365E+02    0.000000E+00    1.631546E-03    2.927254E-01
    2.262000E+03    1.018211E+00    2.591256E+02    7.582523E+04    1.645805E-05    9.999876E-02    9.609097E+01    2.064302E+02    1.803282E+02    0.000000E+00    1.629406E-03    2.920781E-01
    2.265000E+03    1.017882E+00    2.591070E+02    7.579522E+04    1.645711E-05    1.000000E-01    9.607386E+01    2.061148E+02    1.800204E+02    0.000000E+00    1.627268E-03    2.914308E-01
    2.268000E+03    1.017554E+00    2.590884E+02    7.576521E+04    1.645617E-05    9.999876E-02    9.605654E+01    2.057998E+02    1.797131E+02    0.000000E+00    1.625130E-03    2.907835E-01
    2.271000E+03    1.017225E+00    2.590698E+02    7.573520E+04    1.645522E-05    9.999779E-02    9.603925E+01    2.054852E+02    1.794062E+02    0.000000E+00    1.622994E-03    2.901363E-01
    2.274000E+03    1.016897E+00    2.590512E+02    7.570521E+04    1.645428E-05    9.999710E-02    9.602199E+01    2.051711E+02    1.790999E+02    0.000000E+00    1.620861E-03    2.894890E-01
    2.277000E+03    1.016568E+00    2.590326E+02    7.567523E+04    1.645334E-05    9.999668E-02    9.600475E+01    2.048574E+02    1.787940E+02    0.000000E+00    1.618731E-03    2.888415E-01
    2.280000E+03    1.016240E+00    2.590140E+02    7.564526E+04    1.645239E-05    9.999654E-02    9.598754E+01    2.045441E+02    1.784886E+02    0.000000E+00    1.616604E-03    2.881941E-01
    2.283000E+03    1.015912E+00    2.589954E+02    7.561531E+04    1.645145E-05    9.999668E-02    9.597036E+01    2.042312E+02    1.781837E+02    0.000000E+00    1.614480E-03    2.875466E-01
    2.286000E+03    1.015584E+00    2.589768E+02    7.558536E+04    1.645050E-05    9.999710E-02    9.595320E+01    2.039188E+02    1.778792E+02    0.000000E+00    1.612358E-03    2.868991E-01
    2.289000E+03    1.015256E+00    2.589582E+02    7.555543E+04    1.644956E-05    9.999779E-02    9.593608E+01    2.036068E+02    1.775752E+02    0.000000E+00    1.610240E-03    2.862517E-01
    2.292000E+03    1.014928E+00    2.589396E+02    7.552551E+04    1.644862E-05    9.999876E-02    9.591898E+01    2.032952E+02    1.772717E+02    0.000000E+00    1.608124E-03    2.856043E-01
    2.295000E+03    1.014600E+00    2.589210E+02    7.549560E+04    1.644767E-05    1.000000E-01    9.590191E+01    2.029840E+02    1.769687E+02    0.000000E+00    1.606010E-03    2.849570E-01
    2.298000E+03    1.014272E+00    2.589024E+02    7.546569E+04    1.644673E-05    9.999875E-02    9.588462E+01    2.026733E+02    1.766661E+02    0.000000E+00    1.603896E-03    2.843097E-01
    2.301000E+03    1.013944E+00    2.588838E+02    7.543578E+04    1.644578E-05    9.999778E-02    9.586736E+01    2.023630E+02    1.763640E+02    0.000000E+00    1.601785E-03    2.836625E-01
    2.304000E+03    1.013617E+00    2.588652E+02    7.540588E+04    1.644484E-05    9.999709E-02    9.585013E+01    2.020531E+02    1.760624E+02    0.000000E+00    1.599677E-03    2.830152E-01
    2.307000E+03    1.013289E+00    2.588466E+02    7.537600E+04    1.644390E-05    9.999667E-02    9.583293E+01    2.017436E+02    1.757613E+02    0.000000E+00    1.597571E-03    2.823686E-01
    2.310000E+03    1.012962E+00    2.588280E+02    7.534613E+04    1.644295E-05    9.999654E-02    9.581575E+01    2.014346E+02    1.754606E+02    0.000000E+00    1.595468E-03    2.817252E-01
    2.313000E+03    1.012634E+00    2.588094E+02    7.531627E+04    1.644201E-05    9.999667E-02    9.579860E+01    2.011260E+02    1.751604E+02    0.000000E+00    1.593368E-03    2.810819E-01
    2.316000E+03    1.012307E+00    2.587908E+02    7.528642E+04    1.644106E-05    9.999709E-02    9.578148E+01    2.008178E+02    1.748607E+02    0.000000E+00    1.591271E-03    2.804385E-01
    2.319000E+03    1.011980E+00    2.587722E+02    7.525659E+04    1.644012E-05    9.999778E-02    9.576439E+01    2.005100E+02    1.745614E+02    0.000000E+00    1.589176E-03    2.797951E-01
    2.322000E+03    1.011653E+00    2.587536E+02    7.522677E+04    1.643918E-05    9.999875E-02    9.574732E+01    2.002027E+02    1.742626E+02    0.000000E+00    1.587084E-03    2.791517E-01
    2.325000E+03    1.011326E+00    2.587350E+02    7.519695E+04    1.643823E-05    1.000000E-01    9.573028E+01    1.998957E+02    1.739643E+02    0.000000E+00    1.584995E-03    2.788249E-01
    2.328000E+03    1.010999E+00    2.587164E+02    7.516713E+04    1.643729E-05    9.999875E-02    9.571303E+01    1.995892E+02    1.736664E+02    0.000000E+00    1.582905E-03    2.785742E-01
    2.331000E+03    1.010672E+00    2.586978E+02    7.513732E+04    1.643634E-05    9.999778E-02    9.569580E+01    1.992831E+02    1.733690E+02    0.000000E+00    1.580818E-03    2.783234E-01
    2.334000E+03    1.010345E+00    2.586792E+02    7.510753E+04    1.643540E-05    9.999708E-02    9.567860E+01    1.989774E+02    1.730721E+02    0.000000E+00    1.578734E-03    2.780727E-01
    2.337000E+03    1.010018E+00    2.586606E+02    7.507774E+04    1.643445E-05    9.999667E-02    9.566143E+01    1.986722E+02    1.727756E+02    0.000000E+00    1.576652E-03    2.778220E-01
    2.340000E+03    1.009692E+00    2.586420E+02    7.504797E+04    1.643351E-05    9.999653E-02    9.564429E+01    1.983673E+02    1.724796E+02    0.000000E+00    1.574573E-03    2.775712E-01
    2.343000E+03    1.009365E+00    2.586234E+02    7.501820E+04    1.643256E-05    9.999667E-02    9.562717E+01    1.980629E+02    1.721841E+02    0.000000E+00    1.572497E-03    2.773205E-01
    2.346000E+03    1.009038E+00    2.586048E+02    7.498845E+04    1.643162E-05    9.999708E-02    9.561009E+01    1.977589E+02    1.718890E+02    0.000000E+00    1.570424E-03    2.770698E-01
    2.349000E+03    1.008712E+00    2.585862E+02    7.495871E+04    1.643068E-05    9.999778E-02    9.559302E+01    1.974553E+02    1.715944E+02    0.000000E+00    1.568353E-03    2.768191E-01
    2.352000E+03    1.008386E+00    2.585676E+02    7.492899E+04    1.642973E-05    9.999875E-02    9.557599E+01    1.971521E+02    1.713003E+02    0.000000E+00    1.566285E-03    2.765683E-01
    2.355000E+03    1.008060E+00    2.585490E+02    7.489927E+04    1.642879E-05    1.000000E-01    9.555898E+01    1.968493E+02    1.710066E+02    0.000000E+00    1.564220E-03    2.763176E-01
    2.358000E+03    1.007733E+00    2.585304E+02    7.486955E+04    1.642784E-05    9.999875E-02    9.554176E+01    1.965470E+02    1.707133E+02    0.000000E+00    1.562154E-03    2.760669E-01
    2.361000E+03    1.007407E+00    2.585118E+02    7.483983E+04    1.642690E-05    9.999777E-02    9.552457E+01    1.962451E+02    1.704206E+02    0.000000E+00    1.560091E-03    2.758161E-01
    2.364000E+03    1.007081E+00    2.584932E+02    7.481013E+04    1.642595E-05    9.999708E-02    9.550741E+01    1.959435E+02    1.701283E+02    0.000000E+00    1.558030E-03    2.755654E-01
    2.367000E+03    1.006755E+00    2.584746E+02    7.478044E+04    1.642501E-05    9.999666E-02    9.549027E+01    1.956424E+02    1.698364E+02    0.000000E+00    1.555972E-03    2.753147E-01
    2.370000E+03    1.006429E+00    2.584560E+02    7.475076E+04    1.642406E-05    9.999652E-02    9.547316E+01    1.953417E+02    1.695450E+02    0.000000E+00    1.553917E-03    2.750640E-01
    2.373000E+03    1.006104E+00    2.584374E+02    7.472110E+04    1.642312E-05    9.999666E-02    9.545607E+01    1.950415E+02    1.692541E+02    0.000000E+00    1.551865E-03    2.748132E-01
    2.376000E+03    1.005778E+00    2.584188E+02    7.469144E+04    1.642217E-05    9.999708E-02    9.543902E+01    1.947416E+02    1.689636E+02    0.000000E+00    1.549815E-03    2.745625E-01
    2.379000E+03    1.005452E+00    2.584002E+02    7.466180E+04    1.642123E-05    9.999777E-02    9.542199E+01    1.944421E+02    1.686736E+02    0.000000E+00    1.547768E-03    2.743118E-01
    2.382000E+03    1.005127E+00    2.583816E+02    7.463217E+04    1.642028E-05    9.999875E-02    9.540499E+01    1.941431E+02    1.683840E+02    0.000000E+00    1.545724E-03    2.740611E-01
    2.385000E+03    1.004802E+00    2.583630E+02    7.460255E+04    1.641934E-05    1.000000E-01    9.538802E+01    1.938444E+02    1.680949E+02    0.000000E+00    1.543682E-03    2.738103E-01
    2.388000E+03    1.004476E+00    2.583444E+02    7.457292E+04    1.641839E-05    9.999874E-02    9.537083E+01    1.935462E+02    1.678062E+02    0.000000E+00    1.541640E-03    2.736202E-01
    2.391000E+03    1.004151E+00    2.583258E+02    7.454331E+04    1.641745E-05    9.999777E-02    9.535367E+01    1.932484E+02    1.675180E+02    0.000000E+00    1.539600E-03    2.735709E-01
    2.394000E+03    1.003825E+00    2.583072E+02    7.451370E+04    1.641650E-05    9.999707E-02    9.533654E+01    1.929510E+02    1.672302E+02    0.000000E+00    1.537564E-03    2.735216E-01
    2.397000E+03    1.003500E+00    2.582886E+02    7.448411E+04    1.641556E-05    9.999665E-02    9.531943E+01    1.926540E+02    1.669429E+02    0.000000E+00    1.535529E-03    2.734723E-01
    2.400000E+03    1.003175E+00    2.582700E+02    7.445453E+04    1.641461E-05    9.999651E-02    9.530235E+01    1.923574E+02    1.666561E+02    0.000000E+00    1.533498E-03    2.734230E-01
    2.403000E+03    1.002850E+00    2.582514E+02    7.442496E+04    1.641367E-05    9.999665E-02    9.528530E+01    1.920612E+02    1.663697E+02    0.000000E+00    1.531469E-03    2.733737E-01
    2.406000E+03    1.002525E+00    2.582328E+02    7.439540E+04    1.641272E-05    9.999707E-02    9.526828E+01    1.917654E+02    1.660837E+02    0.000000E+00    1.529443E-03    2.734291E-01
    2.409000E+03    1.002201E+00    2.582142E+02    7.436585E+04    1.641178E-05    9.999777E-02    9.525128E+01    1.914700E+02    1.657982E+02    0.000000E+00    1.527419E-03    2.734931E-01
    2.412000E+03    1.001876E+00    2.581956E+02    7.433632E+04    1.641083E-05    9.999874E-02    9.523432E+01    1.911750E+02    1.655131E+02    0.000000E+00    1.525398E-03    2.735571E-01
    2.415000E+03    1.001552E+00    2.581770E+02    7.430679E+04    1.640989E-05    1.000000E-01    9.521738E+01    1.908805E+02    1.652285E+02    0.000000E+00    1.523380E-03    2.736211E-01
    2.418000E+03    1.001227E+00    2.581584E+02    7.427726E+04    1.640894E-05    9.999874E-02    9.520022E+01    1.905863E+02    1.649444E+02    0.000000E+00    1.521361E-03    2.736851E-01
    2.421000E+03    1.000902E+00    2.581398E+02    7.424774E+04    1.640800E-05    9.999776E-02    9.518309E+01    1.902925E+02    1.646606E+02    0.000000E+00    1.519345E-03    2.737491E-01
    2.424000E+03    1.000578E+00    2.581212E+02    7.421823E+04    1.640705E-05    9.999706E-02    9.516599E+01    1.899992E+02    1.643774E+02    0.000000E+00    1.517332E-03    2.738131E-01
    2.427000E+03    1.000253E+00    2.581026E+02    7.418873E+04    1.640611E-05    9.999664E-02    9.514892E+01    1.897062E+02    1.640945E+02    0.000000E+00    1.515321E-03    2.738770E-01
    2.430000E+03    9.999291E-01    2.580840E+02    7.415925E+04    1.640516E-05    9.999650E-02    9.513188E+01    1.894137E+02    1.638122E+02    0.000000E+00    1.513313E-03    2.739410E-01
    2.433000E+03    9.996049E-01    2.580654E+02    7.412977E+04    1.640422E-05    9.999664E-02    9.511486E+01    1.891215E+02    1.635302E+02    0.000000E+00    1.511307E-03    2.740050E-01
    2.436000E+03    9.992809E-01    2.580468E+02    7.410031E+04    1.640327E-05    9.999706E-02    9.509787E+01    1.888298E+02    1.632487E+02    0.000000E+00    1.509304E-03    2.740690E-01
    2.439000E+03    9.989569E-01    2.580282E+02    7.407086E+04    1.640233E-05    9.999776E-02    9.508091E+01    1.885385E+02    1.629677E+02    0.000000E+00    1.507304E-03    2.741330E-01
    2.442000E+03    9.986331E-01    2.580096E+02    7.404142E+04    1.640138E-05    9.999874E-02    9.506397E+01    1.882475E+02    1.626871E+02    0.000000E+00    1.505306E-03    2.741970E-01
    2.445000E+03    9.983094E-01    2.579910E+02    7.401199E+04    1.640043E-05    1.000000E-01    9.504707E+01    1.879570E+02    1.624069E+02    0.000000E+00    1.503311E-03    2.742609E-01
    2.448000E+03    9.979855E-01    2.579724E+02    7.398256E+04    1.639949E-05    9.999874E-02    9.502994E+01    1.876668E+02    1.621272E+02    0.000000E+00    1.501316E-03    2.743249E-01
    2.451000E+03    9.976617E-01    2.579538E+02    7.395313E+04    1.639854E-05    9.999776E-02    9.501285E+01    1.873771E+02    1.618479E+02    0.000000E+00    1.499323E-03    2.743889E-01
    2.454000E+03    9.973380E-01    2.579352E+02    7.392372E+04    1.639760E-05    9.999706E-02    9.499578E+01    1.870877E+02    1.615690E+02    0.000000E+00    1.497332E-03    2.745002E-01
    2.457000E+03    9.970144E-01    2.579166E+02    7.389432E+04    1.639665E-05    9.999664E-02    9.497874E+01    1.867988E+02    1.612906E+02    0.000000E+00    1.495344E-03    2.746237E-01
    2.460000E+03    9.966910E-01    2.578980E+02    7.386493E+04    1.639571E-05    9.999650E-02    9.496173E+01    1.865103E+02    1.610127E+02    0.000000E+00    1.493359E-03    2.747472E-01
    2.463000E+03    9.963676E-01    2.578794E+02    7.383555E+04    1.639476E-05    9.999664E-02    9.494475E+01    1.862221E+02    1.607351E+02    0.000000E+00    1.491377E-03    2.748707E-01
    2.466000E+03    9.960444E-01    2.578608E+02    7.380618E+04    1.639382E-05    9.999706E-02    9.492779E+01    1.859344E+02    1.604580E+02    0.000000E+00    1.489397E-03    2.749942E-01
    2.469000E+03    9.957212E-01    2.578422E+02    7.377683E+04    1.639287E-05    9.999776E-02    9.491086E+01    1.856470E+02    1.601814E+02    0.000000E+00    1.487420E-03    2.751817E-01
    2.472000E+03    9.953982E-01    2.578236E+02    7.374748E+04    1.639192E-05    9.999874E-02    9.489396E+01    1.853600E+02    1.599052E+02    0.000000E+00    1.485445E-03    2.754579E-01
    2.475000E+03    9.950753E-01    2.578050E+02    7.371815E+04    1.639098E-05    1.000000E-01    9.487708E+01    1.850735E+02    1.596294E+02    0.000000E+00    1.483473E-03    2.757342E-01
    2.478000E+03    9.947522E-01    2.577864E+02    7.368881E+04    1.639003E-05    9.999874E-02    9.485999E+01    1.847873E+02    1.593540E+02    0.000000E+00    1.481500E-03    2.760104E-01
    2.481000E+03    9.944292E-01    2.577678E+02    7.365948E+04    1.638909E-05    9.999775E-02    9.484293E+01    1.845015E+02    1.590791E+02    0.000000E+00    1.479530E-03    2.762866E-01
    2.484000E+03    9.941063E-01    2.577492E+02    7.363016E+04    1.638814E-05    9.999705E-02    9.482590E+01    1.842161E+02    1.588046E+02    0.000000E+00    1.477563E-03    2.765628E-01
    2.487000E+03    9.937835E-01    2.577306E+02    7.360086E+04    1.638719E-05    9.999663E-02    9.480889E+01    1.839312E+02    1.585306E+02    0.000000E+00    1.475598E-03    2.768390E-01
    2.490000E+03    9.934608E-01    2.577120E+02    7.357156E+04    1.638625E-05    9.999649E-02    9.479191E+01    1.836466E+02    1.582570E+02    0.000000E+00    1.473636E-03    2.771152E-01
    2.493000E+03    9.931383E-01    2.576934E+02    7.354228E+04    1.638530E-05    9.999663E-02    9.477496E+01    1.833624E+02    1.579838E+02    0.000000E+00    1.471676E-03    2.773914E-01
    2.496000E+03    9.928158E-01    2.576748E+02    7.351301E+04    1.638436E-05    9.999705E-02    9.475804E+01    1.830786E+02    1.577110E+02    0.000000E+00    1.469719E-03    2.776676E-01
    2.499000E+03    9.924935E-01    2.576562E+02    7.348375E+04    1.638341E-05    9.999775E-02    9.474114E+01    1.827951E+02    1.574387E+02    0.000000E+00    1.467765E-03    2.779438E-01
    2.502000E+03    9.921713E-01    2.576376E+02    7.345450E+04    1.638246E-05    9.999874E-02    9.472427E+01    1.825121E+02    1.571668E+02    0.000000E+00    1.465813E-03    2.782200E-01
    2.505000E+03    9.918491E-01    2.576190E+02    7.342526E+04    1.638152E-05    1.000000E-01    9.470743E+01    1.822295E+02    1.568953E+02    0.000000E+00    1.463864E-03    2.784963E-01
    2.508000E+03    9.915268E-01    2.576004E+02    7.339602E+04    1.638057E-05    9.999873E-02    9.469037E+01    1.819472E+02    1.566243E+02    0.000000E+00    1.461914E-03    2.787725E-01
    2.511000E+03    9.912046E-01    2.575818E+02    7.336678E+04    1.637963E-05    9.999775E-02    9.467334E+01    1.816654E+02    1.563537E+02    0.000000E+00    1.459966E-03    2.790487E-01
    2.514000E+03    9.908825E-01    2.575632E+02    7.333756E+04    1.637868E-05    9.999704E-02    9.465634E+01    1.813839E+02    1.560835E+02    0.000000E+00    1.458022E-03    2.793249E-01
    2.517000E+03    9.905606E-01    2.575446E+02    7.330835E+04    1.637773E-05    9.999662E-02    9.463937E+01    1.811028E+02    1.558137E+02    0.000000E+00    1.456079E-03    2.796011E-01
    2.520000E+03    9.902387E-01    2.575260E+02    7.327915E+04    1.637679E-05    9.999648E-02    9.462242E+01    1.808222E+02    1.555444E+02    0.000000E+00    1.454140E-03    2.798773E-01
    2.523000E+03    9.899169E-01    2.575074E+02    7.324996E+04    1.637584E-05    9.999662E-02    9.460550E+01    1.805419E+02    1.552755E+02    0.000000E+00    1.452203E-03    2.801535E-01
    2.526000E+03    9.895953E-01    2.574888E+02    7.322079E+04    1.637489E-05    9.999704E-02    9.458861E+01    1.802619E+02    1.550070E+02    0.000000E+00    1.450268E-03    2.804297E-01
    2.529000E+03    9.892737E-01    2.574702E+02    7.319162E+04    1.637395E-05    9.999775E-02    9.457175E+01    1.799824E+02    1.547390E+02    0.000000E+00    1.448337E-03    2.807059E-01
    2.532000E+03    9.889523E-01    2.574516E+02    7.316247E+04    1.637300E-05    9.999873E-02    9.455491E+01    1.797033E+02    1.544713E+02    0.000000E+00    1.446407E-03    2.809821E-01
    2.535000E+03    9.886310E-01    2.574330E+02    7.313333E+04    1.637205E-05    1.000000E-01    9.453810E+01    1.794245E+02    1.542041E+02    0.000000E+00    1.444481E-03    2.814434E-01
    2.538000E+03    9.883095E-01    2.574144E+02    7.310418E+04    1.637111E-05    9.999873E-02    9.452108E+01    1.791462E+02    1.539373E+02    0.000000E+00    1.442553E-03    2.819222E-01
    2.541000E+03    9.879881E-01    2.573958E+02    7.307504E+04    1.637016E-05    9.999774E-02    9.450408E+01    1.788682E+02    1.536710E+02    0.000000E+00    1.440628E-03    2.824010E-01
    2.544000E+03    9.876668E-01    2.573772E+02    7.304591E+04    1.636921E-05    9.999704E-02    9.448712E+01    1.785906E+02    1.534050E+02    0.000000E+00    1.438706E-03    2.828797E-01
    2.547000E+03    9.873456E-01    2.573586E+02    7.301679E+04    1.636827E-05    9.999661E-02    9.447018E+01    1.783134E+02    1.531395E+02    0.000000E+00    1.436786E-03    2.833585E-01
    2.550000E+03    9.870245E-01    2.573400E+02    7.298769E+04    1.636732E-05    9.999647E-02    9.445326E+01    1.780365E+02    1.528744E+02    0.000000E+00    1.434869E-03    2.838479E-01
    2.553000E+03    9.867036E-01    2.573214E+02    7.295860E+04    1.636637E-05    9.999661E-02    9.443638E+01    1.777601E+02    1.526097E+02    0.000000E+00    1.432955E-03    2.843466E-01
    2.556000E+03    9.863827E-01    2.573028E+02    7.292951E+04    1.636543E-05    9.999704E-02    9.441952E+01    1.774840E+02    1.523455E+02    0.000000E+00    1.431043E-03    2.848453E-01
    2.559000E+03    9.860620E-01    2.572842E+02    7.290044E+04    1.636448E-05    9.999774E-02    9.440269E+01    1.772084E+02    1.520816E+02    0.000000E+00    1.429133E-03    2.853439E-01
    2.562000E+03    9.857413E-01    2.572656E+02    7.287139E+04    1.636353E-05    9.999873E-02    9.438588E+01    1.769331E+02    1.518182E+02    0.000000E+00    1.427226E-03    2.858426E-01
    2.565000E+03    9.854208E-01    2.572470E+02    7.284234E+04    1.636259E-05    1.000000E-01    9.436911E+01    1.766581E+02    1.515552E+02    0.000000E+00    1.425322E-03    2.863413E-01
    2.568000E+03    9.851001E-01    2.572284E+02    7.281328E+04    1.636164E-05    9.999873E-02    9.435212E+01    1.763836E+02    1.512926E+02    0.000000E+00    1.423417E-03    2.868399E-01
    2.571000E+03    9.847795E-01    2.572098E+02    7.278424E+04    1.636069E-05    9.999774E-02    9.433515E+01    1.761095E+02    1.510304E+02    0.000000E+00    1.421514E-03    2.873386E-01
    2.574000E+03    9.844590E-01    2.571912E+02    7.275521E+04    1.635975E-05    9.999703E-02    9.431822E+01    1.758357E+02    1.507687E+02    0.000000E+00    1.419614E-03    2.878373E-01
    2.577000E+03    9.841386E-01    2.571726E+02    7.272619E+04    1.635880E-05    9.999661E-02    9.430131E+01    1.755623E+02    1.505073E+02    0.000000E+00    1.417717E-03    2.883359E-01
    2.580000E+03    9.838183E-01    2.571540E+02    7.269718E+04    1.635785E-05    9.999646E-02    9.428443E+01    1.752893E+02    1.502464E+02    0.000000E+00    1.415822E-03    2.888346E-01
    2.583000E+03    9.834981E-01    2.571354E+02    7.266818E+04    1.635691E-05    9.999660E-02    9.426758E+01    1.750166E+02    1.499859E+02    0.000000E+00    1.413929E-03    2.893333E-01
    2.586000E+03    9.831781E-01    2.571168E+02    7.263919E+04    1.635596E-05    9.999703E-02    9.425075E+01    1.747444E+02    1.497258E+02    0.000000E+00    1.412040E-03    2.898319E-01
    2.589000E+03    9.828581E-01    2.570982E+02    7.261022E+04    1.635501E-05    9.999774E-02    9.423395E+01    1.744725E+02    1.494661E+02    0.000000E+00    1.410152E-03    2.903306E-01
    2.592000E+03    9.825383E-01    2.570796E+02    7.258125E+04    1.635407E-05    9.999873E-02    9.421718E+01    1.742010E+02    1.492068E+02    0.000000E+00    1.408267E-03    2.908293E-01
    2.595000E+03    9.822185E-01    2.570610E+02    7.255230E+04    1.635312E-05    1.000000E-01    9.420044E+01    1.739299E+02    1.489479E+02    0.000000E+00    1.406385E-03    2.913279E-01
    2.598000E+03    9.818986E-01    2.570424E+02    7.252334E+04    1.635217E-05    9.999872E-02    9.418348E+01    1.736591E+02    1.486895E+02    0.000000E+00    1.404502E-03    2.918318E-01
    2.601000E+03    9.815788E-01    2.570238E+02    7.249439E+04    1.635122E-05    9.999773E-02    9.416655E+01    1.733887E+02    1.484314E+02    0.000000E+00    1.402622E-03    2.923433E-01
    2.604000E+03    9.812591E-01    2.570052E+02    7.246545E+04    1.635028E-05    9.999702E-02    9.414965E+01    1.731187E+02    1.481738E+02    0.000000E+00    1.400744E-03    2.928548E-01
    2.607000E+03    9.809395E-01    2.569866E+02    7.243652E+04    1.634933E-05    9.999660E-02    9.413278E+01    1.728491E+02    1.479165E+02    0.000000E+00    1.398868E-03    2.933663E-01
    2.610000E+03    9.806200E-01    2.569680E+02    7.240761E+04    1.634838E-05    9.999646E-02    9.411593E+01    1.725799E+02    1.476597E+02    0.000000E+00    1.396995E-03    2.938778E-01
    2.613000E+03    9.803007E-01    2.569494E+02    7.237871E+04    1.634743E-05    9.999660E-02    9.409911E+01    1.723110E+02    1.474033E+02    0.000000E+00    1.395125E-03    2.943897E-01
    2.616000E+03    9.799814E-01    2.569308E+02    7.234981E+04    1.634649E-05    9.999702E-02    9.408232E+01    1.720425E+02    1.471473E+02    0.000000E+00    1.393257E-03    2.949116E-01
    2.619000E+03    9.796622E-01    2.569122E+02    7.232093E+04    1.634554E-05    9.999773E-02    9.406555E+01    1.717744E+02    1.468917E+02    0.000000E+00    1.391392E-03    2.954335E-01
    2.622000E+03    9.793432E-01    2.568936E+02    7.229206E+04    1.634459E-05    9.999872E-02    9.404881E+01    1.715066E+02    1.466365E+02    0.000000E+00    1.389529E-03    2.959554E-01
    2.625000E+03    9.790242E-01    2.568750E+02    7.226321E+04    1.634365E-05    1.000000E-01    9.403210E+01    1.712392E+02    1.463817E+02    0.000000E+00    1.387668E-03    2.964773E-01
    2.628000E+03    9.787051E-01    2.568564E+02    7.223434E+04    1.634270E-05    9.999872E-02    9.401518E+01    1.709722E+02    1.461273E+02    0.000000E+00    1.385807E-03    2.969992E-01
    2.631000E+03    9.783861E-01    2.568378E+02    7.220548E+04    1.634175E-05    9.999773E-02    9.399828E+01    1.707056E+02    1.458733E+02    0.000000E+00    1.383948E-03    2.975210E-01
    2.634000E+03    9.780672E-01    2.568192E+02    7.217664E+04    1.634080E-05    9.999702E-02    9.398141E+01    1.704393E+02    1.456197E+02    0.000000E+00    1.382092E-03    2.980428E-01
    2.637000E+03    9.777484E-01    2.568006E+02    7.214781E+04    1.633986E-05    9.999659E-02    9.396457E+01    1.701734E+02    1.453666E+02    0.000000E+00    1.380239E-03    2.985645E-01
    2.640000E+03    9.774297E-01    2.567820E+02    7.211899E+04    1.633891E-05    9.999645E-02    9.394776E+01    1.699079E+02    1.451138E+02    0.000000E+00    1.378388E-03    2.990862E-01
    2.643000E+03    9.771111E-01    2.567634E+02    7.209018E+04    1.633796E-05    9.999659E-02    9.393097E+01    1.696427E+02    1.448614E+02    0.000000E+00    1.376539E-03    2.996080E-01
    2.646000E+03    9.767927E-01    2.567448E+02    7.206138E+04    1.633701E-05    9.999702E-02    9.391421E+01    1.693780E+02    1.446095E+02    0.000000E+00    1.374693E-03    3.001297E-01
    2.649000E+03    9.764743E-01    2.567262E+02    7.203259E+04    1.633606E-05    9.999773E-02    9.389748E+01    1.691135E+02    1.443579E+02    0.000000E+00    1.372849E-03    3.006514E-01
    2.652000E+03    9.761560E-01    2.567076E+02    7.200382E+04    1.633512E-05    9.999872E-02    9.388077E+01    1.688495E+02    1.441067E+02    0.000000E+00    1.371008E-03    3.011731E-01
    2.655000E+03    9.758379E-01    2.566890E+02    7.197505E+04    1.633417E-05    1.000000E-01    9.386410E+01    1.685858E+02    1.438559E+02    0.000000E+00    1.369169E-03    3.016949E-01
    2.658000E+03    9.755196E-01    2.566704E+02    7.194628E+04    1.633322E-05    9.999872E-02    9.384720E+01    1.683225E+02    1.436056E+02    0.000000E+00    1.367330E-03    3.022166E-01
    2.661000E+03    9.752013E-01    2.566518E+02    7.191752E+04    1.633227E-05    9.999772E-02    9.383034E+01    1.680595E+02    1.433556E+02    0.000000E+00    1.365493E-03    3.027383E-01
    2.664000E+03    9.748832E-01    2.566332E+02    7.188877E+04    1.633133E-05    9.999701E-02    9.381350E+01    1.677970E+02    1.431060E+02    0.000000E+00    1.363658E-03    3.033675E-01
    2.667000E+03    9.745652E-01    2.566146E+02    7.186003E+04    1.633038E-05    9.999658E-02    9.379669E+01    1.675347E+02    1.428569E+02    0.000000E+00    1.361826E-03    3.040083E-01
    2.670000E+03    9.742473E-01    2.565960E+02    7.183130E+04    1.632943E-05    9.999644E-02    9.377991E+01    1.672729E+02    1.426081E+02    0.000000E+00    1.359996E-03    3.046491E-01
    2.673000E+03    9.739295E-01    2.565774E+02    7.180259E+04    1.632848E-05    9.999658E-02    9.376316E+01    1.670114E+02    1.423597E+02    0.000000E+00    1.358169E-03    3.052899E-01
    2.676000E+03    9.736119E-01    2.565588E+02    7.177389E+04    1.632753E-05    9.999701E-02    9.374643E+01    1.667503E+02    1.421117E+02    0.000000E+00    1.356345E-03    3.059306E-01
    2.679000E+03    9.732943E-01    2.565402E+02    7.174519E+04    1.632659E-05    9.999772E-02    9.372973E+01    1.664895E+02    1.418641E+02    0.000000E+00    1.354522E-03    3.068564E-01
    2.682000E+03    9.729768E-01    2.565216E+02    7.171651E+04    1.632564E-05    9.999872E-02    9.371306E+01    1.662291E+02    1.416169E+02    0.000000E+00    1.352703E-03    3.080384E-01
    2.685000E+03    9.726595E-01    2.565030E+02    7.168784E+04    1.632469E-05    1.000000E-01    9.369642E+01    1.659691E+02    1.413701E+02    0.000000E+00    1.350885E-03    3.092205E-01
    2.688000E+03    9.723419E-01    2.564844E+02    7.165916E+04    1.632374E-05    9.999872E-02    9.367956E+01    1.657095E+02    1.411237E+02    0.000000E+00    1.349067E-03    3.104025E-01
    2.691000E+03    9.720245E-01    2.564658E+02    7.163050E+04    1.632279E-05    9.999772E-02    9.366273E+01    1.654502E+02    1.408777E+02    0.000000E+00    1.347252E-03    3.115845E-01
    2.694000E+03    9.717072E-01    2.564472E+02    7.160184E+04    1.632185E-05    9.999700E-02    9.364592E+01    1.651912E+02    1.406321E+02    0.000000E+00    1.345439E-03    3.127666E-01
    2.697000E+03    9.713900E-01    2.564286E+02    7.157320E+04    1.632090E-05    9.999657E-02    9.362915E+01    1.649326E+02    1.403868E+02    0.000000E+00    1.343628E-03    3.139488E-01
    2.700000E+03    9.710729E-01    2.564100E+02    7.154456E+04    1.631995E-05    9.999643E-02    9.361240E+01    1.646744E+02    1.401420E+02    0.000000E+00    1.341820E-03    3.151310E-01
    2.703000E+03    9.707559E-01    2.563914E+02    7.151594E+04    1.631900E-05    9.999657E-02    9.359568E+01    1.644166E+02    1.398975E+02    0.000000E+00    1.340014E-03    3.163132E-01
    2.706000E+03    9.704390E-01    2.563728E+02    7.148733E+04    1.631805E-05    9.999700E-02    9.357898E+01    1.641591E+02    1.396535E+02    0.000000E+00    1.338211E-03    3.174954E-01
    2.709000E+03    9.701222E-01    2.563542E+02    7.145873E+04    1.631710E-05    9.999772E-02    9.356232E+01    1.639019E+02    1.394098E+02    0.000000E+00    1.336410E-03    3.186777E-01
    2.712000E+03    9.698055E-01    2.563356E+02    7.143014E+04    1.631616E-05    9.999871E-02    9.354568E+01    1.636452E+02    1.391665E+02    0.000000E+00    1.334611E-03    3.198597E-01
    2.715000E+03    9.694889E-01    2.563170E+02    7.140157E+04    1.631521E-05    1.000000E-01    9.352907E+01    1.633887E+02    1.389236E+02    0.000000E+00    1.332815E-03    3.210418E-01
    2.718000E+03    9.691722E-01    2.562984E+02    7.137298E+04    1.631426E-05    9.999871E-02    9.351224E+01    1.631327E+02    1.386811E+02    0.000000E+00    1.331018E-03    3.222238E-01
    2.721000E+03    9.688556E-01    2.562798E+02    7.134441E+04    1.631331E-05    9.999771E-02    9.349544E+01    1.628770E+02    1.384390E+02    0.000000E+00    1.329224E-03    3.234058E-01
    2.724000E+03    9.685390E-01    2.562612E+02    7.131585E+04    1.631236E-05    9.999700E-02    9.347867E+01    1.626216E+02    1.381972E+02    0.000000E+00    1.327432E-03    3.245879E-01
    2.727000E+03    9.682226E-01    2.562426E+02    7.128730E+04    1.631141E-05    9.999657E-02    9.346193E+01    1.623666E+02    1.379559E+02    0.000000E+00    1.325643E-03    3.257837E-01
    2.730000E+03    9.679063E-01    2.562240E+02    7.125876E+04    1.631047E-05    9.999642E-02    9.344521E+01    1.621120E+02    1.377149E+02    0.000000E+00    1.323856E-03    3.270005E-01
    2.733000E+03    9.675901E-01    2.562054E+02    7.123023E+04    1.630952E-05    9.999657E-02    9.342852E+01    1.618577E+02    1.374743E+02    0.000000E+00    1.322071E-03    3.282173E-01
    2.736000E+03    9.672740E-01    2.561868E+02    7.120171E+04    1.630857E-05    9.999699E-02    9.341186E+01    1.616038E+02    1.372341E+02    0.000000E+00    1.320289E-03    3.294341E-01
    2.739000E+03    9.669580E-01    2.561682E+02    7.117321E+04    1.630762E-05    9.999771E-02    9.339523E+01    1.613503E+02    1.369943E+02    0.000000E+00    1.318509E-03    3.306510E-01
    2.742000E+03    9.666421E-01    2.561496E+02    7.114471E+04    1.630667E-05    9.999871E-02    9.337862E+01    1.610971E+02    1.367549E+02    0.000000E+00    1.316731E-03    3.318688E-01
    2.745000E+03    9.663263E-01    2.561310E+02    7.111623E+04    1.630572E-05    1.000000E-01    9.336205E+01    1.608442E+02    1.365159E+02    0.000000E+00    1.314956E-03    3.331353E-01
    2.748000E+03    9.660104E-01    2.561124E+02    7.108774E+04    1.630477E-05    9.999871E-02    9.334525E+01    1.605917E+02    1.362772E+02    0.000000E+00    1.313181E-03    3.344018E-01
    2.751000E+03    9.656945E-01    2.560938E+02    7.105926E+04    1.630382E-05    9.999771E-02    9.332849E+01    1.603396E+02    1.360389E+02    0.000000E+00    1.311407E-03    3.356682E-01
    2.754000E+03    9.653788E-01    2.560752E+02    7.103079E+04    1.630288E-05    9.999699E-02    9.331175E+01    1.600878E+02    1.358010E+02    0.000000E+00    1.309636E-03    3.369347E-01
    2.757000E+03    9.650631E-01    2.560566E+02    7.100233E+04    1.630193E-05    9.999656E-02    9.329504E+01    1.598363E+02    1.355635E+02    0.000000E+00    1.307868E-03    3.382012E-01
    2.760000E+03    9.647476E-01    2.560380E+02    7.097389E+04    1.630098E-05    9.999641E-02    9.327836E+01    1.595853E+02    1.353264E+02    0.000000E+00    1.306102E-03    3.394677E-01
    2.763000E+03    9.644322E-01    2.560194E+02    7.094545E+04    1.630003E-05    9.999656E-02    9.326170E+01    1.593345E+02    1.350896E+02    0.000000E+00    1.304338E-03    3.407341E-01
    2.766000E+03    9.641169E-01    2.560008E+02    7.091703E+04    1.629908E-05    9.999699E-02    9.324507E+01    1.590842E+02    1.348532E+02    0.000000E+00    1.302577E-03    3.420006E-01
    2.769000E+03    9.638017E-01    2.559822E+02    7.088862E+04    1.629813E-05    9.999770E-02    9.322847E+01    1.588341E+02    1.346172E+02    0.000000E+00    1.300818E-03    3.432671E-01
    2.772000E+03    9.634866E-01    2.559636E+02    7.086022E+04    1.629718E-05    9.999871E-02    9.321190E+01    1.585844E+02    1.343816E+02    0.000000E+00    1.299061E-03    3.445336E-01
    2.775000E+03    9.631716E-01    2.559450E+02    7.083183E+04    1.629623E-05    1.000000E-01    9.319536E+01    1.583351E+02    1.341463E+02    0.000000E+00    1.297307E-03    3.458000E-01
    2.778000E+03    9.628564E-01    2.559264E+02    7.080343E+04    1.629528E-05    9.999871E-02    9.317859E+01    1.580861E+02    1.339115E+02    0.000000E+00    1.295552E-03    3.470665E-01
    2.781000E+03    9.625414E-01    2.559078E+02    7.077504E+04    1.629434E-05    9.999770E-02    9.316186E+01    1.578375E+02    1.336770E+02    0.000000E+00    1.293799E-03    3.483330E-01
    2.784000E+03    9.622264E-01    2.558892E+02    7.074666E+04    1.629339E-05    9.999698E-02    9.314516E+01    1.575892E+02    1.334429E+02    0.000000E+00    1.292049E-03    3.495995E-01
    2.787000E+03    9.619116E-01    2.558706E+02    7.071830E+04    1.629244E-05    9.999655E-02    9.312848E+01    1.573413E+02    1.332091E+02    0.000000E+00    1.290301E-03    3.508659E-01
    2.790000E+03    9.615968E-01    2.558520E+02    7.068995E+04    1.629149E-05    9.999641E-02    9.311183E+01    1.570937E+02    1.329757E+02    0.000000E+00    1.288556E-03    3.521324E-01
    2.793000E+03    9.612822E-01    2.558334E+02    7.066161E+04    1.629054E-05    9.999655E-02    9.309521E+01    1.568465E+02    1.327427E+02    0.000000E+00    1.286813E-03    3.536392E-01
    2.796000E+03    9.609677E-01    2.558148E+02    7.063328E+04    1.628959E-05    9.999698E-02    9.307861E+01    1.565996E+02    1.325101E+02    0.000000E+00    1.285072E-03    3.551750E-01
    2.799000E+03    9.606532E-01    2.557962E+02    7.060496E+04    1.628864E-05    9.999770E-02    9.306205E+01    1.563531E+02    1.322779E+02    0.000000E+00    1.283334E-03    3.567108E-01
    2.802000E+03    9.603389E-01    2.557776E+02    7.057665E+04    1.628769E-05    9.999871E-02    9.304551E+01    1.561069E+02    1.320460E+02    0.000000E+00    1.281598E-03    3.582466E-01
    2.805000E+03    9.600247E-01    2.557590E+02    7.054835E+04    1.628674E-05    1.000000E-01    9.302899E+01    1.558610E+02    1.318145E+02    0.000000E+00    1.279864E-03    3.597824E-01
    2.808000E+03    9.597103E-01    2.557404E+02    7.052005E+04    1.628579E-05    9.999870E-02    9.301227E+01    1.556155E+02    1.315834E+02    0.000000E+00    1.278130E-03    3.613963E-01
    2.811000E+03    9.593961E-01    2.557218E+02    7.049175E+04    1.628484E-05    9.999769E-02    9.299557E+01    1.553704E+02    1.313526E+02    0.000000E+00    1.276398E-03    3.630835E-01
    2.814000E+03    9.590819E-01    2.557032E+02    7.046347E+04    1.628389E-05    9.999697E-02    9.297889E+01    1.551255E+02    1.311222E+02    0.000000E+00    1.274669E-03    3.647707E-01
    2.817000E+03    9.587679E-01    2.556846E+02    7.043520E+04    1.628294E-05    9.999654E-02    9.296225E+01    1.548811E+02    1.308922E+02    0.000000E+00    1.272941E-03    3.664579E-01
    2.820000E+03    9.584539E-01    2.556660E+02    7.040694E+04    1.628199E-05    9.999640E-02    9.294563E+01    1.546370E+02    1.306625E+02    0.000000E+00    1.271217E-03    3.681451E-01
    2.823000E+03    9.581401E-01    2.556474E+02    7.037869E+04    1.628105E-05    9.999654E-02    9.292904E+01    1.543932E+02    1.304332E+02    0.000000E+00    1.269494E-03    3.698323E-01
    2.826000E+03    9.578263E-01    2.556288E+02    7.035045E+04    1.628010E-05    9.999697E-02    9.291248E+01    1.541497E+02    1.302043E+02    0.000000E+00    1.267774E-03    3.715195E-01
    2.829000E+03    9.575127E-01    2.556102E+02    7.032223E+04    1.627915E-05    9.999769E-02    9.289595E+01    1.539066E+02    1.299758E+02    0.000000E+00    1.266056E-03    3.732067E-01
    2.832000E+03    9.571992E-01    2.555916E+02    7.029401E+04    1.627820E-05    9.999870E-02    9.287944E+01    1.536639E+02    1.297476E+02    0.000000E+00    1.264340E-03    3.748939E-01
    2.835000E+03    9.568857E-01    2.555730E+02    7.026581E+04    1.627725E-05    1.000000E-01    9.286296E+01    1.534215E+02    1.295198E+02    0.000000E+00    1.262627E-03    3.765811E-01
    2.838000E+03    9.565721E-01    2.555544E+02    7.023760E+04    1.627630E-05    9.999870E-02    9.284627E+01    1.531794E+02    1.292923E+02    0.000000E+00    1.260913E-03    3.782683E-01
    2.841000E+03    9.562587E-01    2.555358E+02    7.020939E+04    1.627535E-05    9.999769E-02    9.282960E+01    1.529377E+02    1.290652E+02    0.000000E+00    1.259202E-03    3.799683E-01
    2.844000E+03    9.559453E-01    2.555172E+02    7.018120E+04    1.627440E-05    9.999697E-02    9.281296E+01    1.526963E+02    1.288385E+02    0.000000E+00    1.257493E-03    3.816722E-01
    2.847000E+03    9.556320E-01    2.554986E+02    7.015303E+04    1.627345E-05    9.999653E-02    9.279635E+01    1.524553E+02    1.286121E+02    0.000000E+00    1.255786E-03    3.833762E-01
    2.850000E+03    9.553188E-01    2.554800E+02    7.012486E+04    1.627250E-05    9.999639E-02    9.277977E+01    1.522145E+02    1.283861E+02    0.000000E+00    1.254081E-03    3.850801E-01
    2.853000E+03    9.550058E-01    2.554614E+02    7.009670E+04    1.627155E-05    9.999653E-02    9.276321E+01    1.519742E+02    1.281605E+02    0.000000E+00    1.252379E-03    3.867841E-01
    2.856000E+03    9.546928E-01    2.554428E+02    7.006856E+04    1.627060E-05    9.999697E-02    9.274668E+01    1.517342E+02    1.279353E+02    0.000000E+00    1.250679E-03    3.885056E-01
    2.859000E+03    9.543800E-01    2.554242E+02    7.004042E+04    1.626965E-05    9.999769E-02    9.273018E+01    1.514945E+02    1.277103E+02    0.000000E+00    1.248981E-03    3.902549E-01
    2.862000E+03    9.540672E-01    2.554056E+02    7.001230E+04    1.626870E-05    9.999870E-02    9.271371E+01    1.512551E+02    1.274858E+02    0.000000E+00    1.247286E-03    3.920042E-01
    2.865000E+03    9.537546E-01    2.553870E+02    6.998419E+04    1.626775E-05    1.000000E-01    9.269726E+01    1.510161E+02    1.272616E+02    0.000000E+00    1.245593E-03    3.937536E-01
    2.868000E+03    9.534418E-01    2.553684E+02    6.995607E+04    1.626680E-05    9.999870E-02    9.268060E+01    1.507774E+02    1.270378E+02    0.000000E+00    1.243899E-03    3.955029E-01
    2.871000E+03    9.531291E-01    2.553498E+02    6.992796E+04    1.626585E-05    9.999768E-02    9.266396E+01    1.505391E+02    1.268143E+02    0.000000E+00    1.242208E-03    3.972522E-01
    2.874000E+03    9.528165E-01    2.553312E+02    6.989986E+04    1.626490E-05    9.999696E-02    9.264736E+01    1.503011E+02    1.265912E+02    0.000000E+00    1.240519E-03    3.990016E-01
    2.877000E+03    9.525040E-01    2.553126E+02    6.987178E+04    1.626395E-05    9.999653E-02    9.263078E+01    1.500634E+02    1.263685E+02    0.000000E+00    1.238832E-03    4.007509E-01
    2.880000E+03    9.521916E-01    2.552940E+02    6.984370E+04    1.626300E-05    9.999638E-02    9.261423E+01    1.498261E+02    1.261461E+02    0.000000E+00    1.237148E-03    4.025002E-01
    2.883000E+03    9.518794E-01    2.552754E+02    6.981564E+04    1.626205E-05    9.999653E-02    9.259771E+01    1.495891E+02    1.259241E+02    0.000000E+00    1.235466E-03    4.042496E-01
    2.886000E+03    9.515672E-01    2.552568E+02    6.978759E+04    1.626110E-05    9.999696E-02    9.258121E+01    1.493524E+02    1.257024E+02    0.000000E+00    1.233786E-03    4.059989E-01
    2.889000E+03    9.512551E-01    2.552382E+02    6.975955E+04    1.626015E-05    9.999768E-02    9.256474E+01    1.491161E+02    1.254811E+02    0.000000E+00    1.232108E-03    4.077481E-01
    2.892000E+03    9.509432E-01    2.552196E+02    6.973152E+04    1.625920E-05    9.999870E-02    9.254830E+01    1.488801E+02    1.252601E+02    0.000000E+00    1.230433E-03    4.094972E-01
    2.895000E+03    9.506313E-01    2.552010E+02    6.970350E+04    1.625825E-05    1.000000E-01    9.253189E+01    1.486444E+02    1.250396E+02    0.000000E+00    1.228760E-03    4.112464E-01
    2.898000E+03    9.503193E-01    2.551824E+02    6.967547E+04    1.625730E-05    9.999869E-02    9.251526E+01    1.484091E+02    1.248193E+02    0.000000E+00    1.227086E-03    4.129955E-01
    2.901000E+03    9.500074E-01    2.551638E+02    6.964745E+04    1.625635E-05    9.999768E-02    9.249866E+01    1.481741E+02    1.245994E+02    0.000000E+00    1.225415E-03    4.147447E-01
    2.904000E+03    9.496956E-01    2.551452E+02    6.961945E+04    1.625540E-05    9.999695E-02    9.248209E+01    1.479395E+02    1.243799E+02    0.000000E+00    1.223746E-03    4.166188E-01
    2.907000E+03    9.493839E-01    2.551266E+02    6.959145E+04    1.625445E-05    9.999652E-02    9.246554E+01    1.477051E+02    1.241607E+02    0.000000E+00    1.222079E-03    4.188528E-01
    2.910000E+03    9.490723E-01    2.551080E+02    6.956347E+04    1.625350E-05    9.999637E-02    9.244902E+01    1.474711E+02    1.239419E+02    0.000000E+00    1.220415E-03    4.210869E-01
    2.913000E+03    9.487608E-01    2.550894E+02    6.953550E+04    1.625254E-05    9.999652E-02    9.243253E+01    1.472375E+02    1.237234E+02    0.000000E+00    1.218752E-03    4.233209E-01
    2.916000E+03    9.484494E-01    2.550708E+02    6.950754E+04    1.625159E-05    9.999695E-02    9.241607E+01    1.470041E+02    1.235053E+02    0.000000E+00    1.217092E-03    4.255550E-01
    2.919000E+03    9.481381E-01    2.550522E+02    6.947959E+04    1.625064E-05    9.999768E-02    9.239963E+01    1.467711E+02    1.232875E+02    0.000000E+00    1.215435E-03    4.277890E-01
    2.922000E+03    9.478269E-01    2.550336E+02    6.945165E+04    1.624969E-05    9.999869E-02    9.238323E+01    1.465384E+02    1.230701E+02    0.000000E+00    1.213779E-03    4.300927E-01
    2.925000E+03    9.475159E-01    2.550150E+02    6.942372E+04    1.624874E-05    1.000000E-01    9.236685E+01    1.463061E+02    1.228530E+02    0.000000E+00    1.212126E-03    4.324058E-01
    2.928000E+03    9.472046E-01    2.549964E+02    6.939579E+04    1.624779E-05    9.999869E-02    9.235025E+01    1.460741E+02    1.226363E+02    0.000000E+00    1.210472E-03    4.347189E-01
    2.931000E+03    9.468935E-01    2.549778E+02    6.936786E+04    1.624684E-05    9.999767E-02    9.233368E+01    1.458424E+02    1.224199E+02    0.000000E+00    1.208821E-03    4.370320E-01
    2.934000E+03    9.465825E-01    2.549592E+02    6.933995E+04    1.624589E-05    9.999695E-02    9.231714E+01    1.456110E+02    1.222039E+02    0.000000E+00    1.207171E-03    4.393451E-01
    2.937000E+03    9.462716E-01    2.549406E+02    6.931205E+04    1.624494E-05    9.999651E-02    9.230063E+01    1.453800E+02    1.219882E+02    0.000000E+00    1.205524E-03    4.417989E-01
    2.940000E+03    9.459607E-01    2.549220E+02    6.928416E+04    1.624399E-05    9.999636E-02    9.228414E+01    1.451493E+02    1.217729E+02    0.000000E+00    1.203880E-03    4.443904E-01
    2.943000E+03    9.456500E-01    2.549034E+02    6.925628E+04    1.624304E-05    9.999651E-02    9.226769E+01    1.449189E+02    1.215580E+02    0.000000E+00    1.202237E-03    4.469819E-01
    2.946000E+03    9.453394E-01    2.548848E+02    6.922841E+04    1.624209E-05    9.999695E-02    9.225126E+01    1.446889E+02    1.213433E+02    0.000000E+00    1.200597E-03    4.495735E-01
    2.949000E+03    9.450289E-01    2.548662E+02    6.920055E+04    1.624114E-05    9.999767E-02    9.223486E+01    1.444591E+02    1.211290E+02    0.000000E+00    1.198959E-03    4.521650E-01
    2.952000E+03    9.447185E-01    2.548476E+02    6.917271E+04    1.624019E-05    9.999869E-02    9.221848E+01    1.442297E+02    1.209151E+02    0.000000E+00    1.197323E-03    4.547672E-01
    2.955000E+03    9.444082E-01    2.548290E+02    6.914487E+04    1.623923E-05    1.000000E-01    9.220213E+01    1.440007E+02    1.207015E+02    0.000000E+00    1.195689E-03    4.574419E-01
    2.958000E+03    9.440978E-01    2.548104E+02    6.911703E+04    1.623828E-05    9.999869E-02    9.218557E+01    1.437719E+02    1.204883E+02    0.000000E+00    1.194055E-03    4.601166E-01
    2.961000E+03    9.437874E-01    2.547918E+02    6.908920E+04    1.623733E-05    9.999767E-02    9.216904E+01    1.435435E+02    1.202754E+02    0.000000E+00    1.192423E-03    4.627913E-01
    2.964000E+03    9.434772E-01    2.547732E+02    6.906137E+04    1.623638E-05    9.999694E-02    9.215253E+01    1.433154E+02    1.200628E+02    0.000000E+00    1.190793E-03    4.654660E-01
    2.967000E+03    9.431671E-01    2.547546E+02    6.903356E+04    1.623543E-05    9.999650E-02    9.213605E+01    1.430876E+02    1.198506E+02    0.000000E+00    1.189166E-03    4.681406E-01
    2.970000E+03    9.428570E-01    2.547360E+02    6.900576E+04    1.623448E-05    9.999636E-02    9.211960E+01    1.428602E+02    1.196388E+02    0.000000E+00    1.187541E-03    4.708223E-01
    2.973000E+03    9.425471E-01    2.547174E+02    6.897798E+04    1.623353E-05    9.999650E-02    9.210317E+01    1.426330E+02    1.194272E+02    0.000000E+00    1.185917E-03    4.735063E-01
    2.976000E+03    9.422373E-01    2.546988E+02    6.895020E+04    1.623258E-05    9.999694E-02    9.208678E+01    1.424062E+02    1.192161E+02    0.000000E+00    1.184297E-03    4.761903E-01
    2.979000E+03    9.419275E-01    2.546802E+02    6.892243E+04    1.623163E-05    9.999767E-02    9.207041E+01    1.421797E+02    1.190052E+02    0.000000E+00    1.182678E-03    4.788743E-01
    2.982000E+03    9.416179E-01    2.546616E+02    6.889468E+04    1.623067E-05    9.999869E-02    9.205407E+01    1.419536E+02    1.187947E+02    0.000000E+00    1.181062E-03    4.815582E-01
    2.985000E+03    9.413084E-01    2.546430E+02    6.886694E+04    1.622972E-05    1.000000E-01    9.203775E+01    1.417277E+02    1.185846E+02    0.000000E+00    1.179447E-03    4.845800E-01
    2.988000E+03    9.409988E-01    2.546244E+02    6.883919E+04    1.622877E-05    9.999869E-02    9.202122E+01    1.415022E+02    1.183747E+02    0.000000E+00    1.177833E-03    4.881621E-01
    2.991000E+03    9.406892E-01    2.546058E+02    6.881144E+04    1.622782E-05    9.999766E-02    9.200472E+01    1.412770E+02    1.181653E+02    0.000000E+00    1.176220E-03    4.917443E-01
    2.994000E+03    9.403797E-01    2.545872E+02    6.878371E+04    1.622687E-05    9.999693E-02    9.198825E+01    1.410521E+02    1.179561E+02    0.000000E+00    1.174610E-03    4.953265E-01
    2.997000E+03    9.400704E-01    2.545686E+02    6.875600E+04    1.622592E-05    9.999649E-02    9.197180E+01    1.408276E+02    1.177473E+02    0.000000E+00    1.173002E-03    4.989087E-01
    3.000000E+03    9.397611E-01    2.545500E+02    6.872829E+04    1.622497E-05    9.999635E-02    9.195538E+01    1.406033E+02    1.175389E+02    0.000000E+00    1.171396E-03    5.024908E-01
    3.003000E+03    9.394520E-01    2.545314E+02    6.870059E+04    1.622402E-05    9.999649E-02    9.193899E+01    1.403794E+02    1.173307E+02    0.000000E+00    1.169792E-03    5.059674E-01
    3.006000E+03    9.391429E-01    2.545128E+02    6.867291E+04    1.622306E-05    9.999693E-02    9.192262E+01    1.401558E+02    1.171229E+02    0.000000E+00    1.168190E-03    5.094439E-01
    3.009000E+03    9.388340E-01    2.544942E+02    6.864523E+04    1.622211E-05    9.999766E-02    9.190629E+01    1.399325E+02    1.169155E+02    0.000000E+00    1.166591E-03    5.129204E-01
    3.012000E+03    9.385251E-01    2.544756E+02    6.861757E+04    1.622116E-05    9.999868E-02    9.188998E+01    1.397095E+02    1.167084E+02    0.000000E+00    1.164994E-03    5.163970E-01
    3.015000E+03    9.382164E-01    2.544570E+02    6.858992E+04    1.622021E-05    1.000000E-01    9.187370E+01    1.394869E+02    1.165016E+02    0.000000E+00    1.163399E-03    5.198735E-01
    3.018000E+03    9.379075E-01    2.544384E+02    6.856226E+04    1.621926E-05    9.999868E-02    9.185720E+01    1.392645E+02    1.162952E+02    0.000000E+00    1.161803E-03    5.230039E-01
    3.021000E+03    9.375987E-01    2.544198E+02    6.853461E+04    1.621831E-05    9.999766E-02    9.184073E+01    1.390425E+02    1.160891E+02    0.000000E+00    1.160210E-03    5.259253E-01
    3.024000E+03    9.372900E-01    2.544012E+02    6.850697E+04    1.621735E-05    9.999692E-02    9.182429E+01    1.388208E+02    1.158833E+02    0.000000E+00    1.158619E-03    5.288466E-01
    3.027000E+03    9.369815E-01    2.543826E+02    6.847934E+04    1.621640E-05    9.999649E-02    9.180788E+01    1.385994E+02    1.156778E+02    0.000000E+00    1.157030E-03    5.317679E-01
    3.030000E+03    9.366730E-01    2.543640E+02    6.845172E+04    1.621545E-05    9.999634E-02    9.179149E+01    1.383784E+02    1.154727E+02    0.000000E+00    1.155443E-03    5.346892E-01
    3.033000E+03    9.363646E-01    2.543454E+02    6.842412E+04    1.621450E-05    9.999648E-02    9.177513E+01    1.381576E+02    1.152680E+02    0.000000E+00    1.153858E-03    5.376106E-01
    3.036000E+03    9.360563E-01    2.543268E+02    6.839653E+04    1.621355E-05    9.999692E-02    9.175880E+01    1.379372E+02    1.150635E+02    0.000000E+00    1.152276E-03    5.405321E-01
    3.039000E+03    9.357482E-01    2.543082E+02    6.836894E+04    1.621260E-05    9.999766E-02    9.174250E+01    1.377171E+02    1.148594E+02    0.000000E+00    1.150696E-03    5.434536E-01
    3.042000E+03    9.354401E-01    2.542896E+02    6.834137E+04    1.621164E-05    9.999868E-02    9.172623E+01    1.374972E+02    1.146556E+02    0.000000E+00    1.149117E-03    5.463751E-01
    3.045000E+03    9.351322E-01    2.542710E+02    6.831381E+04    1.621069E-05    1.000000E-01    9.170998E+01    1.372777E+02    1.144522E+02    0.000000E+00    1.147541E-03    5.492966E-01
    3.048000E+03    9.348241E-01    2.542524E+02    6.828624E+04    1.620974E-05    9.999868E-02    9.169351E+01    1.370586E+02    1.142491E+02    0.000000E+00    1.145965E-03    5.522181E-01
    3.051000E+03    9.345161E-01    2.542338E+02    6.825868E+04    1.620879E-05    9.999765E-02    9.167708E+01    1.368397E+02    1.140463E+02    0.000000E+00    1.144391E-03    5.548832E-01
    3.054000E+03    9.342081E-01    2.542152E+02    6.823113E+04    1.620784E-05    9.999692E-02    9.166067E+01    1.366211E+02    1.138438E+02    0.000000E+00    1.142818E-03    5.575103E-01
    3.057000E+03    9.339003E-01    2.541966E+02    6.820360E+04    1.620688E-05    9.999648E-02    9.164429E+01    1.364029E+02    1.136417E+02    0.000000E+00    1.141248E-03    5.601374E-01
    3.060000E+03    9.335926E-01    2.541780E+02    6.817607E+04    1.620593E-05    9.999633E-02    9.162794E+01    1.361849E+02    1.134399E+02    0.000000E+00    1.139680E-03    5.627644E-01
    3.063000E+03    9.332851E-01    2.541594E+02    6.814856E+04    1.620498E-05    9.999648E-02    9.161161E+01    1.359673E+02    1.132384E+02    0.000000E+00    1.138115E-03    5.653915E-01
    3.066000E+03    9.329776E-01    2.541408E+02    6.812106E+04    1.620403E-05    9.999692E-02    9.159531E+01    1.357500E+02    1.130373E+02    0.000000E+00    1.136551E-03    5.676794E-01
    3.069000E+03    9.326702E-01    2.541222E+02    6.809356E+04    1.620308E-05    9.999765E-02    9.157904E+01    1.355330E+02    1.128365E+02    0.000000E+00    1.134990E-03    5.696203E-01
    3.072000E+03    9.323629E-01    2.541036E+02    6.806608E+04    1.620212E-05    9.999868E-02    9.156280E+01    1.353163E+02    1.126360E+02    0.000000E+00    1.133430E-03    5.715612E-01
    3.075000E+03    9.320557E-01    2.540850E+02    6.803861E+04    1.620117E-05    1.000000E-01    9.154659E+01    1.350999E+02    1.124358E+02    0.000000E+00    1.131873E-03    5.735021E-01
    3.078000E+03    9.317484E-01    2.540664E+02    6.801113E+04    1.620022E-05    9.999868E-02    9.153016E+01    1.348839E+02    1.122360E+02    0.000000E+00    1.130316E-03    5.754430E-01
    3.081000E+03    9.314412E-01    2.540478E+02    6.798367E+04    1.619927E-05    9.999765E-02    9.151375E+01    1.346681E+02    1.120364E+02    0.000000E+00    1.128760E-03    5.774308E-01
    3.084000E+03    9.311340E-01    2.540292E+02    6.795621E+04    1.619831E-05    9.999691E-02    9.149738E+01    1.344526E+02    1.118372E+02    0.000000E+00    1.127207E-03    5.797686E-01
    3.087000E+03    9.308270E-01    2.540106E+02    6.792876E+04    1.619736E-05    9.999647E-02    9.148103E+01    1.342375E+02    1.116384E+02    0.000000E+00    1.125655E-03    5.821064E-01
    3.090000E+03    9.305201E-01    2.539920E+02    6.790133E+04    1.619641E-05    9.999632E-02    9.146471E+01    1.340226E+02    1.114398E+02    0.000000E+00    1.124106E-03    5.844443E-01
    3.093000E+03    9.302133E-01    2.539734E+02    6.787391E+04    1.619546E-05    9.999647E-02    9.144842E+01    1.338081E+02    1.112416E+02    0.000000E+00    1.122559E-03    5.867821E-01
    3.096000E+03    9.299066E-01    2.539548E+02    6.784650E+04    1.619451E-05    9.999691E-02    9.143215E+01    1.335939E+02    1.110437E+02    0.000000E+00    1.121014E-03    5.891199E-01
    3.099000E+03    9.295999E-01    2.539362E+02    6.781909E+04    1.619355E-05    9.999765E-02    9.141592E+01    1.333800E+02    1.108462E+02    0.000000E+00    1.119472E-03    5.920833E-01
    3.102000E+03    9.292934E-01    2.539176E+02    6.779170E+04    1.619260E-05    9.999868E-02    9.139971E+01    1.331663E+02    1.106489E+02    0.000000E+00    1.117931E-03    5.952647E-01
    3.105000E+03    9.289870E-01    2.538990E+02    6.776432E+04    1.619165E-05    1.000000E-01    9.138353E+01    1.329530E+02    1.104520E+02    0.000000E+00    1.116393E-03    5.984460E-01
    3.108000E+03    9.286805E-01    2.538804E+02    6.773694E+04    1.619069E-05    9.999867E-02    9.136713E+01    1.327400E+02    1.102554E+02    0.000000E+00    1.114854E-03    6.016273E-01
    3.111000E+03    9.283740E-01    2.538618E+02    6.770956E+04    1.618974E-05    9.999764E-02    9.135076E+01    1.325273E+02    1.100591E+02    0.000000E+00    1.113317E-03    6.048087E-01
    3.114000E+03    9.280677E-01    2.538432E+02    6.768219E+04    1.618879E-05    9.999690E-02    9.133442E+01    1.323149E+02    1.098631E+02    0.000000E+00    1.111782E-03    6.081555E-01
    3.117000E+03    9.277614E-01    2.538246E+02    6.765484E+04    1.618784E-05    9.999646E-02    9.131810E+01    1.321028E+02    1.096674E+02    0.000000E+00    1.110249E-03    6.117897E-01
    3.120000E+03    9.274553E-01    2.538060E+02    6.762750E+04    1.618688E-05    9.999631E-02    9.130181E+01    1.318911E+02    1.094721E+02    0.000000E+00    1.108719E-03    6.154240E-01
    3.123000E+03    9.271492E-01    2.537874E+02    6.760016E+04    1.618593E-05    9.999646E-02    9.128556E+01    1.316796E+02    1.092771E+02    0.000000E+00    1.107190E-03    6.190582E-01
    3.126000E+03    9.268433E-01    2.537688E+02    6.757284E+04    1.618498E-05    9.999690E-02    9.126932E+01    1.314684E+02    1.090824E+02    0.000000E+00    1.105664E-03    6.226925E-01
    3.129000E+03    9.265375E-01    2.537502E+02    6.754553E+04    1.618403E-05    9.999764E-02    9.125312E+01    1.312575E+02    1.088880E+02    0.000000E+00    1.104140E-03    6.263267E-01
    3.132000E+03    9.262317E-01    2.537316E+02    6.751823E+04    1.618307E-05    9.999867E-02    9.123694E+01    1.310469E+02    1.086940E+02    0.000000E+00    1.102617E-03    6.306051E-01
    3.135000E+03    9.259261E-01    2.537130E+02    6.749094E+04    1.618212E-05    1.000000E-01    9.122080E+01    1.308367E+02    1.085002E+02    0.000000E+00    1.101097E-03    6.348908E-01
    3.138000E+03    9.256203E-01    2.536944E+02    6.746364E+04    1.618117E-05    9.999867E-02    9.120443E+01    1.306267E+02    1.083068E+02    0.000000E+00    1.099577E-03    6.391764E-01
    3.141000E+03    9.253146E-01    2.536758E+02    6.743636E+04    1.618021E-05    9.999764E-02    9.118809E+01    1.304170E+02    1.081137E+02    0.000000E+00    1.098058E-03    6.434620E-01
    3.144000E+03    9.250091E-01    2.536572E+02    6.740908E+04    1.617926E-05    9.999690E-02    9.117179E+01    1.302077E+02    1.079209E+02    0.000000E+00    1.096542E-03    6.477476E-01
    3.147000E+03    9.247036E-01    2.536386E+02    6.738182E+04    1.617831E-05    9.999645E-02    9.115550E+01    1.299986E+02    1.077284E+02    0.000000E+00    1.095028E-03    6.518896E-01
    3.150000E+03    9.243982E-01    2.536200E+02    6.735456E+04    1.617736E-05    9.999630E-02    9.113925E+01    1.297898E+02    1.075362E+02    0.000000E+00    1.093515E-03    6.559407E-01
    3.153000E+03    9.240929E-01    2.536014E+02    6.732732E+04    1.617640E-05    9.999645E-02    9.112302E+01    1.295813E+02    1.073444E+02    0.000000E+00    1.092005E-03    6.599918E-01
    3.156000E+03    9.237878E-01    2.535828E+02    6.730009E+04    1.617545E-05    9.999690E-02    9.110683E+01    1.293732E+02    1.071528E+02    0.000000E+00    1.090497E-03    6.640428E-01
    3.159000E+03    9.234827E-01    2.535642E+02    6.727287E+04    1.617450E-05    9.999763E-02    9.109065E+01    1.291653E+02    1.069616E+02    0.000000E+00    1.088991E-03    6.680939E-01
    3.162000E+03    9.231778E-01    2.535456E+02    6.724566E+04    1.617354E-05    9.999867E-02    9.107451E+01    1.289577E+02    1.067707E+02    0.000000E+00    1.087488E-03    6.722523E-01
    3.165000E+03    9.228729E-01    2.535270E+02    6.721846E+04    1.617259E-05    1.000000E-01    9.105840E+01    1.287505E+02    1.065801E+02    0.000000E+00    1.085986E-03    6.767578E-01
    3.168000E+03    9.225679E-01    2.535084E+02    6.719126E+04    1.617164E-05    9.999867E-02    9.104207E+01    1.285435E+02    1.063898E+02    0.000000E+00    1.084483E-03    6.812633E-01
    3.171000E+03    9.222630E-01    2.534898E+02    6.716406E+04    1.617068E-05    9.999763E-02    9.102576E+01    1.283368E+02    1.061998E+02    0.000000E+00    1.082983E-03    6.857688E-01
    3.174000E+03    9.219582E-01    2.534712E+02    6.713687E+04    1.616973E-05    9.999689E-02    9.100948E+01    1.281304E+02    1.060102E+02    0.000000E+00    1.081485E-03    6.902742E-01
    3.177000E+03    9.216535E-01    2.534526E+02    6.710970E+04    1.616878E-05    9.999644E-02    9.099324E+01    1.279243E+02    1.058208E+02    0.000000E+00    1.079989E-03    6.947797E-01
    3.180000E+03    9.213489E-01    2.534340E+02    6.708254E+04    1.616782E-05    9.999630E-02    9.097702E+01    1.277185E+02    1.056317E+02    0.000000E+00    1.078495E-03    7.005564E-01
    3.183000E+03    9.210444E-01    2.534154E+02    6.705538E+04    1.616687E-05    9.999644E-02    9.096082E+01    1.275131E+02    1.054430E+02    0.000000E+00    1.077003E-03    7.065402E-01
    3.186000E+03    9.207400E-01    2.533968E+02    6.702824E+04    1.616592E-05    9.999689E-02    9.094466E+01    1.273079E+02    1.052546E+02    0.000000E+00    1.075513E-03    7.125240E-01
    3.189000E+03    9.204357E-01    2.533782E+02    6.700111E+04    1.616496E-05    9.999763E-02    9.092852E+01    1.271030E+02    1.050664E+02    0.000000E+00    1.074025E-03    7.185078E-01
    3.192000E+03    9.201315E-01    2.533596E+02    6.697399E+04    1.616401E-05    9.999867E-02    9.091241E+01    1.268983E+02    1.048786E+02    0.000000E+00    1.072540E-03    7.244916E-01
    3.195000E+03    9.198275E-01    2.533410E+02    6.694689E+04    1.616306E-05    1.000000E-01    9.089633E+01    1.266940E+02    1.046911E+02    0.000000E+00    1.071056E-03    7.304753E-01
    3.198000E+03    9.195232E-01    2.533224E+02    6.691977E+04    1.616210E-05    9.999866E-02    9.088003E+01    1.264900E+02    1.045039E+02    0.000000E+00    1.069572E-03    7.364590E-01
    3.201000E+03    9.192191E-01    2.533038E+02    6.689266E+04    1.616115E-05    9.999762E-02    9.086376E+01    1.262863E+02    1.043170E+02    0.000000E+00    1.068089E-03    7.424426E-01
    3.204000E+03    9.189151E-01    2.532852E+02    6.686557E+04    1.616020E-05    9.999688E-02    9.084751E+01    1.260829E+02    1.041304E+02    0.000000E+00    1.066609E-03    7.484262E-01
    3.207000E+03    9.186111E-01    2.532666E+02    6.683848E+04    1.615924E-05    9.999644E-02    9.083130E+01    1.258797E+02    1.039441E+02    0.000000E+00    1.065131E-03    7.544098E-01
    3.210000E+03    9.183073E-01    2.532480E+02    6.681141E+04    1.615829E-05    9.999629E-02    9.081511E+01    1.256769E+02    1.037582E+02    0.000000E+00    1.063655E-03    7.601773E-01
    3.213000E+03    9.180036E-01    2.532294E+02    6.678435E+04    1.615734E-05    9.999644E-02    9.079895E+01    1.254743E+02    1.035725E+02    0.000000E+00    1.062181E-03    7.641449E-01
    3.216000E+03    9.177000E-01    2.532108E+02    6.675729E+04    1.615638E-05    9.999688E-02    9.078282E+01    1.252721E+02    1.033871E+02    0.000000E+00    1.060709E-03    7.681125E-01
    3.219000E+03    9.173964E-01    2.531922E+02    6.673025E+04    1.615543E-05    9.999762E-02    9.076672E+01    1.250701E+02    1.032021E+02    0.000000E+00    1.059240E-03    7.720800E-01
    3.222000E+03    9.170930E-01    2.531736E+02    6.670323E+04    1.615447E-05    9.999866E-02    9.075064E+01    1.248684E+02    1.030173E+02    0.000000E+00    1.057772E-03    7.760476E-01
    3.225000E+03    9.167897E-01    2.531550E+02    6.667621E+04    1.615352E-05    1.000000E-01    9.073459E+01    1.246670E+02    1.028328E+02    0.000000E+00    1.056306E-03    7.800151E-01
    3.228000E+03    9.164863E-01    2.531364E+02    6.664918E+04    1.615257E-05    9.999866E-02    9.071832E+01    1.244659E+02    1.026487E+02    0.000000E+00    1.054840E-03    7.834989E-01
    3.231000E+03    9.161829E-01    2.531178E+02    6.662216E+04    1.615161E-05    9.999762E-02    9.070209E+01    1.242651E+02    1.024648E+02    0.000000E+00    1.053375E-03    7.868045E-01
    3.234000E+03    9.158796E-01    2.530992E+02    6.659516E+04    1.615066E-05    9.999687E-02    9.068588E+01    1.240646E+02    1.022813E+02    0.000000E+00    1.051913E-03    7.901101E-01
    3.237000E+03    9.155765E-01    2.530806E+02    6.656816E+04    1.614970E-05    9.999643E-02    9.066969E+01    1.238644E+02    1.020980E+02    0.000000E+00    1.050453E-03    7.934157E-01
    3.240000E+03    9.152734E-01    2.530620E+02    6.654118E+04    1.614875E-05    9.999628E-02    9.065354E+01    1.236644E+02    1.019151E+02    0.000000E+00    1.048995E-03    7.967213E-01
    3.243000E+03    9.149705E-01    2.530434E+02    6.651421E+04    1.614780E-05    9.999643E-02    9.063741E+01    1.234648E+02    1.017324E+02    0.000000E+00    1.047538E-03    8.001411E-01
    3.246000E+03    9.146676E-01    2.530248E+02    6.648724E+04    1.614684E-05    9.999687E-02    9.062131E+01    1.232654E+02    1.015500E+02    0.000000E+00    1.046084E-03    8.037691E-01
    3.249000E+03    9.143649E-01    2.530062E+02    6.646029E+04    1.614589E-05    9.999762E-02    9.060524E+01    1.230663E+02    1.013680E+02    0.000000E+00    1.044632E-03    8.073970E-01
    3.252000E+03    9.140622E-01    2.529876E+02    6.643335E+04    1.614493E-05    9.999866E-02    9.058920E+01    1.228675E+02    1.011862E+02    0.000000E+00    1.043182E-03    8.110249E-01
    3.255000E+03    9.137597E-01    2.529690E+02    6.640642E+04    1.614398E-05    1.000000E-01    9.057318E+01    1.226690E+02    1.010048E+02    0.000000E+00    1.041734E-03    8.146529E-01
    3.258000E+03    9.134570E-01    2.529504E+02    6.637949E+04    1.614303E-05    9.999866E-02    9.055695E+01    1.224708E+02    1.008236E+02    0.000000E+00    1.040285E-03    8.182808E-01
    3.261000E+03    9.131544E-01    2.529318E+02    6.635256E+04    1.614207E-05    9.999761E-02    9.054075E+01    1.222729E+02    1.006428E+02    0.000000E+00    1.038839E-03    8.220326E-01
    3.264000E+03    9.128519E-01    2.529132E+02    6.632564E+04    1.614112E-05    9.999687E-02    9.052457E+01    1.220753E+02    1.004622E+02    0.000000E+00    1.037394E-03    8.257872E-01
    3.267000E+03    9.125495E-01    2.528946E+02    6.629874E+04    1.614016E-05    9.999642E-02    9.050842E+01    1.218779E+02    1.002819E+02    0.000000E+00    1.035952E-03    8.295418E-01
    3.270000E+03    9.122472E-01    2.528760E+02    6.627184E+04    1.613921E-05    9.999627E-02    9.049230E+01    1.216808E+02    1.001020E+02    0.000000E+00    1.034511E-03    8.332964E-01
    3.273000E+03    9.119450E-01    2.528574E+02    6.624496E+04    1.613825E-05    9.999642E-02    9.047620E+01    1.214840E+02    9.992229E+01    0.000000E+00    1.033072E-03    8.370510E-01
    3.276000E+03    9.116430E-01    2.528388E+02    6.621809E+04    1.613730E-05    9.999687E-02    9.046014E+01    1.212875E+02    9.974291E+01    0.000000E+00    1.031636E-03    8.407668E-01
    3.279000E+03    9.113410E-01    2.528202E+02    6.619123E+04    1.613635E-05    9.999761E-02    9.044410E+01    1.210913E+02    9.956382E+01    0.000000E+00    1.030201E-03    8.444568E-01
    3.282000E+03    9.110391E-01    2.528016E+02    6.616438E+04    1.613539E-05    9.999866E-02    9.042809E+01    1.208954E+02    9.938503E+01    0.000000E+00    1.028769E-03    8.481469E-01
    3.285000E+03    9.107374E-01    2.527830E+02    6.613754E+04    1.613444E-05    1.000000E-01    9.041211E+01    1.206997E+02    9.920653E+01    0.000000E+00    1.027338E-03    8.518369E-01
    3.288000E+03    9.104354E-01    2.527644E+02    6.611069E+04    1.613348E-05    9.999865E-02    9.039591E+01    1.205044E+02    9.902833E+01    0.000000E+00    1.025907E-03    8.555270E-01
    3.291000E+03    9.101336E-01    2.527458E+02    6.608385E+04    1.613253E-05    9.999761E-02    9.037974E+01    1.203093E+02    9.885042E+01    0.000000E+00    1.024478E-03    8.591176E-01
    3.294000E+03    9.098319E-01    2.527272E+02    6.605702E+04    1.613157E-05    9.999686E-02    9.036359E+01    1.201145E+02    9.867280E+01    0.000000E+00    1.023051E-03    8.623669E-01
    3.297000E+03    9.095303E-01    2.527086E+02    6.603021E+04    1.613062E-05    9.999641E-02    9.034747E+01    1.199200E+02    9.849548E+01    0.000000E+00    1.021626E-03    8.656161E-01
    3.300000E+03    9.092287E-01    2.526900E+02    6.600340E+04    1.612966E-05    9.999626E-02    9.033139E+01    1.197257E+02    9.831844E+01    0.000000E+00    1.020203E-03    8.688653E-01
    3.303000E+03    9.089273E-01    2.526714E+02    6.597661E+04    1.612871E-05    9.999641E-02    9.031533E+01    1.195318E+02    9.814170E+01    0.000000E+00    1.018782E-03    8.721146E-01
    3.306000E+03    9.086260E-01    2.526528E+02    6.594983E+04    1.612776E-05    9.999686E-02    9.029929E+01    1.193381E+02    9.796525E+01    0.000000E+00    1.017362E-03    8.753638E-01
    3.309000E+03    9.083248E-01    2.526342E+02    6.592305E+04    1.612680E-05    9.999761E-02    9.028329E+01    1.191447E+02    9.778909E+01    0.000000E+00    1.015945E-03    8.782351E-01
    3.312000E+03    9.080237E-01    2.526156E+02    6.589629E+04    1.612585E-05    9.999865E-02    9.026731E+01    1.189516E+02    9.761322E+01    0.000000E+00    1.014530E-03    8.810392E-01
    3.315000E+03    9.077227E-01    2.525970E+02    6.586954E+04    1.612489E-05    1.000000E-01    9.025136E+01    1.187588E+02    9.743764E+01    0.000000E+00    1.013117E-03    8.838434E-01
    3.318000E+03    9.074215E-01    2.525784E+02    6.584278E+04    1.612394E-05    9.999865E-02    9.023520E+01    1.185662E+02    9.726235E+01    0.000000E+00    1.011703E-03    8.866475E-01
    3.321000E+03    9.071205E-01    2.525598E+02    6.581603E+04    1.612298E-05    9.999760E-02    9.021906E+01    1.183739E+02    9.708735E+01    0.000000E+00    1.010291E-03    8.894516E-01
    3.324000E+03    9.068195E-01    2.525412E+02    6.578930E+04    1.612203E-05    9.999685E-02    9.020295E+01    1.181819E+02    9.691263E+01    0.000000E+00    1.008882E-03    8.922194E-01
    3.327000E+03    9.065187E-01    2.525226E+02    6.576257E+04    1.612107E-05    9.999640E-02    9.018686E+01    1.179902E+02    9.673821E+01    0.000000E+00    1.007474E-03    8.949465E-01
    3.330000E+03    9.062179E-01    2.525040E+02    6.573585E+04    1.612012E-05    9.999625E-02    9.017081E+01    1.177988E+02    9.656407E+01    0.000000E+00    1.006068E-03    8.976736E-01
    3.333000E+03    9.059173E-01    2.524854E+02    6.570915E+04    1.611916E-05    9.999640E-02    9.015478E+01    1.176076E+02    9.639022E+01    0.000000E+00    1.004664E-03    9.004008E-01
    3.336000E+03    9.056167E-01    2.524668E+02    6.568245E+04    1.611821E-05    9.999685E-02    9.013878E+01    1.174167E+02    9.621665E+01    0.000000E+00    1.003262E-03    9.031279E-01
    3.339000E+03    9.053163E-01    2.524482E+02    6.565577E+04    1.611725E-05    9.999760E-02    9.012281E+01    1.172261E+02    9.604337E+01    0.000000E+00    1.001862E-03    9.058472E-01
    3.342000E+03    9.050160E-01    2.524296E+02    6.562910E+04    1.611630E-05    9.999865E-02    9.010686E+01    1.170358E+02    9.587038E+01    0.000000E+00    1.000464E-03    9.084936E-01
    3.345000E+03    9.047157E-01    2.524110E+02    6.560244E+04    1.611534E-05    1.000000E-01    9.009095E+01    1.168457E+02    9.569767E+01    0.000000E+00    9.990681E-04    9.111401E-01
    3.348000E+03    9.044153E-01    2.523924E+02    6.557577E+04    1.611439E-05    9.999865E-02    9.007481E+01    1.166560E+02    9.552525E+01    0.000000E+00    9.976716E-04    9.137865E-01
    3.351000E+03    9.041150E-01    2.523738E+02    6.554911E+04    1.611343E-05    9.999760E-02    9.005871E+01    1.164665E+02    9.535311E+01    0.000000E+00    9.962770E-04    9.164329E-01
    3.354000E+03    9.038148E-01    2.523552E+02    6.552246E+04    1.611248E-05    9.999684E-02    9.004263E+01    1.162772E+02    9.518126E+01    0.000000E+00    9.948844E-04    9.190793E-01
    3.357000E+03    9.035148E-01    2.523366E+02    6.549582E+04    1.611152E-05    9.999639E-02    9.002658E+01    1.160883E+02    9.500969E+01    0.000000E+00    9.934937E-04    9.203255E-01
    3.360000E+03    9.032148E-01    2.523180E+02    6.546919E+04    1.611057E-05    9.999624E-02    9.001056E+01    1.158996E+02    9.483840E+01    0.000000E+00    9.921050E-04    9.210274E-01
    3.363000E+03    9.029149E-01    2.522994E+02    6.544258E+04    1.610961E-05    9.999639E-02    8.999456E+01    1.157112E+02    9.466740E+01    0.000000E+00    9.907182E-04    9.217294E-01
    3.366000E+03    9.026151E-01    2.522808E+02    6.541597E+04    1.610865E-05    9.999684E-02    8.997860E+01    1.155231E+02    9.449667E+01    0.000000E+00    9.893333E-04    9.224314E-01
    3.369000E+03    9.023154E-01    2.522622E+02    6.538938E+04    1.610770E-05    9.999760E-02    8.996266E+01    1.153352E+02    9.432623E+01    0.000000E+00    9.879504E-04    9.231333E-01
    3.372000E+03    9.020159E-01    2.522436E+02    6.536279E+04    1.610674E-05    9.999865E-02    8.994675E+01    1.151476E+02    9.415608E+01    0.000000E+00    9.865694E-04    9.244446E-01
    3.375000E+03    9.017164E-01    2.522250E+02    6.533622E+04    1.610579E-05    1.000000E-01    8.993087E+01    1.149603E+02    9.398620E+01    0.000000E+00    9.851903E-04    9.269192E-01
    3.378000E+03    9.014168E-01    2.522064E+02    6.530964E+04    1.610483E-05    9.999864E-02    8.991477E+01    1.147733E+02    9.381660E+01    0.000000E+00    9.838108E-04    9.293937E-01
    3.381000E+03    9.011172E-01    2.521878E+02    6.528307E+04    1.610388E-05    9.999759E-02    8.989869E+01    1.145865E+02    9.364729E+01    0.000000E+00    9.824332E-04    9.318683E-01
    3.384000E+03    9.008178E-01    2.521692E+02    6.525651E+04    1.610292E-05    9.999684E-02    8.988265E+01    1.144000E+02    9.347825E+01    0.000000E+00    9.810575E-04    9.343428E-01
    3.387000E+03    9.005185E-01    2.521506E+02    6.522996E+04    1.610197E-05    9.999639E-02    8.986663E+01    1.142138E+02    9.330949E+01    0.000000E+00    9.796838E-04    9.368174E-01
    3.390000E+03    9.002193E-01    2.521320E+02    6.520342E+04    1.610101E-05    9.999623E-02    8.985064E+01    1.140279E+02    9.314102E+01    0.000000E+00    9.783119E-04    9.391077E-01
    3.393000E+03    8.999202E-01    2.521134E+02    6.517689E+04    1.610006E-05    9.999638E-02    8.983468E+01    1.138422E+02    9.297282E+01    0.000000E+00    9.769420E-04    9.413917E-01
    3.396000E+03    8.996212E-01    2.520948E+02    6.515037E+04    1.609910E-05    9.999684E-02    8.981875E+01    1.136568E+02    9.280490E+01    0.000000E+00    9.755741E-04    9.436758E-01
    3.399000E+03    8.993222E-01    2.520762E+02    6.512387E+04    1.609814E-05    9.999759E-02    8.980284E+01    1.134716E+02    9.263725E+01    0.000000E+00    9.742080E-04    9.459599E-01
    3.402000E+03    8.990234E-01    2.520576E+02    6.509737E+04    1.609719E-05    9.999864E-02    8.978696E+01    1.132868E+02    9.246989E+01    0.000000E+00    9.728438E-04    9.482440E-01
    3.405000E+03    8.987247E-01    2.520390E+02    6.507089E+04    1.609623E-05    1.000000E-01    8.977112E+01    1.131022E+02    9.230280E+01    0.000000E+00    9.714816E-04    9.497513E-01
    3.408000E+03    8.984259E-01    2.520204E+02    6.504439E+04    1.609528E-05    9.999864E-02    8.975505E+01    1.129178E+02    9.213599E+01    0.000000E+00    9.701189E-04    9.507213E-01
    3.411000E+03    8.981271E-01    2.520018E+02    6.501791E+04    1.609432E-05    9.999759E-02    8.973901E+01    1.127338E+02    9.196945E+01    0.000000E+00    9.687581E-04    9.516913E-01
    3.414000E+03    8.978284E-01    2.519832E+02    6.499144E+04    1.609336E-05    9.999683E-02    8.972300E+01    1.125500E+02    9.180319E+01    0.000000E+00    9.673992E-04    9.526613E-01
    3.417000E+03    8.975299E-01    2.519646E+02    6.496498E+04    1.609241E-05    9.999638E-02    8.970701E+01    1.123665E+02    9.163720E+01    0.000000E+00    9.660422E-04    9.536313E-01
    3.420000E+03    8.972314E-01    2.519460E+02    6.493853E+04    1.609145E-05    9.999623E-02    8.969106E+01    1.121832E+02    9.147149E+01    0.000000E+00    9.646871E-04    9.545996E-01
    3.423000E+03    8.969331E-01    2.519274E+02    6.491209E+04    1.609050E-05    9.999638E-02    8.967513E+01    1.120002E+02    9.130606E+01    0.000000E+00    9.633340E-04    9.555618E-01
    3.426000E+03    8.966348E-01    2.519088E+02    6.488566E+04    1.608954E-05    9.999683E-02    8.965923E+01    1.118175E+02    9.114090E+01    0.000000E+00    9.619827E-04    9.565240E-01
    3.429000E+03    8.963367E-01    2.518902E+02    6.485924E+04    1.608859E-05    9.999758E-02    8.964336E+01    1.116350E+02    9.097601E+01    0.000000E+00    9.606333E-04    9.574861E-01
    3.432000E+03    8.960386E-01    2.518716E+02    6.483283E+04    1.608763E-05    9.999864E-02    8.962751E+01    1.114528E+02    9.081139E+01    0.000000E+00    9.592858E-04    9.584483E-01
    3.435000E+03    8.957407E-01    2.518530E+02    6.480644E+04    1.608667E-05    1.000000E-01    8.961170E+01    1.112709E+02    9.064705E+01    0.000000E+00    9.579402E-04    9.594105E-01
    3.438000E+03    8.954426E-01    2.518344E+02    6.478003E+04    1.608572E-05    9.999864E-02    8.959566E+01    1.110893E+02    9.048298E+01    0.000000E+00    9.565941E-04    9.603661E-01
    3.441000E+03    8.951446E-01    2.518158E+02    6.475364E+04    1.608476E-05    9.999758E-02    8.957965E+01    1.109079E+02    9.031919E+01    0.000000E+00    9.552500E-04    9.613205E-01
    3.444000E+03    8.948467E-01    2.517972E+02    6.472725E+04    1.608380E-05    9.999682E-02    8.956368E+01    1.107267E+02    9.015566E+01    0.000000E+00    9.539077E-04    9.622749E-01
    3.447000E+03    8.945489E-01    2.517786E+02    6.470088E+04    1.608285E-05    9.999637E-02    8.954773E+01    1.105459E+02    8.999241E+01    0.000000E+00    9.525673E-04    9.632292E-01
    3.450000E+03    8.942512E-01    2.517600E+02    6.467452E+04    1.608189E-05    9.999622E-02    8.953180E+01    1.103653E+02    8.982942E+01    0.000000E+00    9.512288E-04    9.641836E-01
    3.453000E+03    8.939536E-01    2.517414E+02    6.464817E+04    1.608094E-05    9.999637E-02    8.951591E+01    1.101849E+02    8.966671E+01    0.000000E+00    9.498922E-04    9.651344E-01
    3.456000E+03    8.936561E-01    2.517228E+02    6.462183E+04    1.607998E-05    9.999682E-02    8.950004E+01    1.100049E+02    8.950427E+01    0.000000E+00    9.485574E-04    9.660812E-01
    3.459000E+03    8.933588E-01    2.517042E+02    6.459550E+04    1.607902E-05    9.999758E-02    8.948420E+01    1.098251E+02    8.934209E+01    0.000000E+00    9.472246E-04    9.670279E-01
    3.462000E+03    8.930615E-01    2.516856E+02    6.456918E+04    1.607807E-05    9.999864E-02    8.946839E+01    1.096455E+02    8.918019E+01    0.000000E+00    9.458936E-04    9.679746E-01
    3.465000E+03    8.927643E-01    2.516670E+02    6.454287E+04    1.607711E-05    1.000000E-01    8.945261E+01    1.094662E+02    8.901855E+01    0.000000E+00    9.445644E-04    9.689214E-01
    3.468000E+03    8.924670E-01    2.516484E+02    6.451655E+04    1.607615E-05    9.999864E-02    8.943661E+01    1.092872E+02    8.885718E+01    0.000000E+00    9.432349E-04    9.698675E-01
    3.471000E+03    8.921697E-01    2.516298E+02    6.449025E+04    1.607520E-05    9.999757E-02    8.942063E+01    1.091085E+02    8.869608E+01    0.000000E+00    9.419072E-04    9.708066E-01
    3.474000E+03    8.918726E-01    2.516112E+02    6.446395E+04    1.607424E-05    9.999682E-02    8.940469E+01    1.089300E+02    8.853525E+01    0.000000E+00    9.405813E-04    9.717457E-01
    3.477000E+03    8.915755E-01    2.515926E+02    6.443767E+04    1.607328E-05    9.999636E-02    8.938877E+01    1.087517E+02    8.837469E+01    0.000000E+00    9.392574E-04    9.726848E-01
    3.480000E+03    8.912786E-01    2.515740E+02    6.441139E+04    1.607233E-05    9.999621E-02    8.937288E+01    1.085738E+02    8.821439E+01    0.000000E+00    9.379352E-04    9.736239E-01
    3.483000E+03    8.909818E-01    2.515554E+02    6.438513E+04    1.607137E-05    9.999636E-02    8.935702E+01    1.083960E+02    8.805436E+01    0.000000E+00    9.366150E-04    9.745630E-01
    3.486000E+03    8.906851E-01    2.515368E+02    6.435888E+04    1.607041E-05    9.999681E-02    8.934118E+01    1.082186E+02    8.789459E+01    0.000000E+00    9.352966E-04    9.754966E-01
    3.489000E+03    8.903884E-01    2.515182E+02    6.433263E+04    1.606946E-05    9.999757E-02    8.932538E+01    1.080414E+02    8.773509E+01    0.000000E+00    9.339801E-04    9.764279E-01
    3.492000E+03    8.900919E-01    2.514996E+02    6.430640E+04    1.606850E-05    9.999863E-02    8.930960E+01    1.078645E+02    8.757586E+01    0.000000E+00    9.326654E-04    9.773592E-01
    3.495000E+03    8.897955E-01    2.514810E+02    6.428018E+04    1.606754E-05    1.000000E-01    8.929385E+01    1.076878E+02    8.741689E+01    0.000000E+00    9.313526E-04    9.782905E-01
    3.498000E+03    8.894989E-01    2.514624E+02    6.425395E+04    1.606659E-05    9.999863E-02    8.927788E+01    1.075114E+02    8.725818E+01    0.000000E+00    9.300393E-04    9.792218E-01
    3.501000E+03    8.892024E-01    2.514438E+02    6.422773E+04    1.606563E-05    9.999757E-02    8.926194E+01    1.073352E+02    8.709974E+01    0.000000E+00    9.287279E-04    9.801506E-01
    3.504000E+03    8.889061E-01    2.514252E+02    6.420152E+04    1.606467E-05    9.999681E-02    8.924603E+01    1.071593E+02    8.694156E+01    0.000000E+00    9.274183E-04    9.810743E-01
    3.507000E+03    8.886098E-01    2.514066E+02    6.417533E+04    1.606372E-05    9.999635E-02    8.923015E+01    1.069837E+02    8.678365E+01    0.000000E+00    9.261106E-04    9.819979E-01
    3.510000E+03    8.883136E-01    2.513880E+02    6.414914E+04    1.606276E-05    9.999620E-02    8.921429E+01    1.068083E+02    8.662600E+01    0.000000E+00    9.248047E-04    9.829216E-01
    3.513000E+03    8.880176E-01    2.513694E+02    6.412297E+04    1.606180E-05    9.999635E-02    8.919846E+01    1.066332E+02    8.646861E+01    0.000000E+00    9.235007E-04    9.838453E-01
    3.516000E+03    8.877216E-01    2.513508E+02    6.409680E+04    1.606085E-05    9.999681E-02    8.918266E+01    1.064583E+02    8.631148E+01    0.000000E+00    9.221985E-04    9.847690E-01
    3.519000E+03    8.874257E-01    2.513322E+02    6.407065E+04    1.605989E-05    9.999757E-02    8.916689E+01    1.062837E+02    8.615461E+01    0.000000E+00    9.208981E-04    9.856853E-01
    3.522000E+03    8.871300E-01    2.513136E+02    6.404450E+04    1.605893E-05    9.999863E-02    8.915114E+01    1.061093E+02    8.599801E+01    0.000000E+00    9.195996E-04    9.866014E-01
    3.525000E+03    8.868343E-01    2.512950E+02    6.401837E+04    1.605798E-05    1.000000E-01    8.913543E+01    1.059352E+02    8.584167E+01    0.000000E+00    9.183029E-04    9.875174E-01
    3.528000E+03    8.865385E-01    2.512764E+02    6.399223E+04    1.605702E-05    9.999863E-02    8.911949E+01    1.057614E+02    8.568558E+01    0.000000E+00    9.170058E-04    9.884335E-01
    3.531000E+03    8.862428E-01    2.512578E+02    6.396610E+04    1.605606E-05    9.999756E-02    8.910358E+01    1.055878E+02    8.552976E+01    0.000000E+00    9.157105E-04    9.893495E-01
    3.534000E+03    8.859471E-01    2.512392E+02    6.393997E+04    1.605510E-05    9.999680E-02    8.908771E+01    1.054145E+02    8.537419E+01    0.000000E+00    9.144170E-04    9.902611E-01
    3.537000E+03    8.856516E-01    2.512206E+02    6.391386E+04    1.605415E-05    9.999634E-02    8.907185E+01    1.052414E+02    8.521889E+01    0.000000E+00    9.131254E-04    9.911693E-01
    3.540000E+03    8.853562E-01    2.512020E+02    6.388777E+04    1.605319E-05    9.999619E-02    8.905603E+01    1.050686E+02    8.506384E+01    0.000000E+00    9.118355E-04    9.920775E-01
    3.543000E+03    8.850609E-01    2.511834E+02    6.386168E+04    1.605223E-05    9.999634E-02    8.904024E+01    1.048960E+02    8.490906E+01    0.000000E+00    9.105476E-04    9.929858E-01
    3.546000E+03    8.847657E-01    2.511648E+02    6.383560E+04    1.605128E-05    9.999680E-02    8.902447E+01    1.047237E+02    8.475453E+01    0.000000E+00    9.092614E-04    9.938940E-01
    3.549000E+03    8.844706E-01    2.511462E+02    6.380953E+04    1.605032E-05    9.999756E-02    8.900873E+01    1.045516E+02    8.460026E+01    0.000000E+00    9.079770E-04    9.948007E-01
    3.552000E+03    8.841756E-01    2.511276E+02    6.378348E+04    1.604936E-05    9.999863E-02    8.899302E+01    1.043798E+02    8.444624E+01    0.000000E+00    9.066945E-04    9.957013E-01
    3.555000E+03    8.838807E-01    2.511090E+02    6.375743E+04    1.604840E-05    1.000000E-01    8.897733E+01    1.042083E+02    8.429248E+01    0.000000E+00    9.054137E-04    9.966019E-01
    3.558000E+03    8.835856E-01    2.510904E+02    6.373138E+04    1.604745E-05    9.999863E-02    8.896143E+01    1.040370E+02    8.413898E+01    0.000000E+00    9.041326E-04    9.975025E-01
    3.561000E+03    8.832907E-01    2.510718E+02    6.370533E+04    1.604649E-05    9.999756E-02    8.894556E+01    1.038659E+02    8.398574E+01    0.000000E+00    9.028532E-04    9.984031E-01
    3.564000E+03    8.829958E-01    2.510532E+02    6.367930E+04    1.604553E-05    9.999679E-02    8.892971E+01    1.036951E+02    8.383275E+01    0.000000E+00    9.015757E-04    9.993038E-01
    3.567000E+03    8.827011E-01    2.510346E+02    6.365328E+04    1.604457E-05    9.999633E-02    8.891389E+01    1.035246E+02    8.368002E+01    0.000000E+00    9.003000E-04    1.000198E+00
    3.570000E+03    8.824064E-01    2.510160E+02    6.362726E+04    1.604362E-05    9.999618E-02    8.889810E+01    1.033543E+02    8.352754E+01    0.000000E+00    8.990260E-04    1.001091E+00
    3.573000E+03    8.821119E-01    2.509974E+02    6.360126E+04    1.604266E-05    9.999633E-02    8.888234E+01    1.031842E+02    8.337531E+01    0.000000E+00    8.977539E-04    1.001984E+00
    3.576000E+03    8.818174E-01    2.509788E+02    6.357527E+04    1.604170E-05    9.999679E-02    8.886661E+01    1.030144E+02    8.322334E+01    0.000000E+00    8.964836E-04    1.002876E+00
    3.579000E+03    8.815231E-01    2.509602E+02    6.354929E+04    1.604074E-05    9.999756E-02    8.885090E+01    1.028449E+02    8.307163E+01    0.000000E+00    8.952151E-04    1.003769E+00
    3.582000E+03    8.812288E-01    2.509416E+02    6.352332E+04    1.603979E-05    9.999862E-02    8.883522E+01    1.026756E+02    8.292017E+01    0.000000E+00    8.939483E-04    1.004658E+00
    3.585000E+03    8.809347E-01    2.509230E+02    6.349736E+04    1.603883E-05    1.000000E-01    8.881957E+01    1.025065E+02    8.276896E+01    0.000000E+00    8.926834E-04    1.005544E+00
    3.588000E+03    8.806404E-01    2.509044E+02    6.347140E+04    1.603787E-05    9.999862E-02    8.880371E+01    1.023377E+02    8.261800E+01    0.000000E+00    8.914180E-04    1.006429E+00
    3.591000E+03    8.803462E-01    2.508858E+02    6.344544E+04    1.603691E-05    9.999755E-02    8.878786E+01    1.021692E+02    8.246729E+01    0.000000E+00    8.901545E-04    1.007314E+00
    3.594000E+03    8.800521E-01    2.508672E+02    6.341949E+04    1.603595E-05    9.999679E-02    8.877205E+01    1.020009E+02    8.231684E+01    0.000000E+00    8.888927E-04    1.008199E+00
    3.597000E+03    8.797581E-01    2.508486E+02    6.339356E+04    1.603500E-05    9.999633E-02    8.875627E+01    1.018328E+02    8.216664E+01    0.000000E+00    8.876327E-04    1.009084E+00
    3.600000E+03    8.794642E-01    2.508300E+02    6.336763E+04    1.603404E-05    9.999617E-02    8.874051E+01    1.016650E+02    8.201669E+01    0.000000E+00    8.863745E-04    1.009961E+00
    3.603000E+03    8.791704E-01    2.508114E+02    6.334172E+04    1.603308E-05    9.999633E-02    8.872478E+01    1.014975E+02    8.186699E+01    0.000000E+00    8.851181E-04    1.010839E+00
    3.606000E+03    8.788767E-01    2.507928E+02    6.331581E+04    1.603212E-05    9.999678E-02    8.870908E+01    1.013301E+02    8.171754E+01    0.000000E+00    8.838635E-04    1.011716E+00
    3.609000E+03    8.785831E-01    2.507742E+02    6.328992E+04    1.603117E-05    9.999755E-02    8.869341E+01    1.011631E+02    8.156834E+01    0.000000E+00    8.826106E-04    1.012594E+00
    3.612000E+03    8.782896E-01    2.507556E+02    6.326404E+04    1.603021E-05    9.999862E-02    8.867776E+01    1.009963E+02    8.141940E+01    0.000000E+00    8.813595E-04    1.013472E+00
    3.615000E+03    8.779962E-01    2.507370E+02    6.323817E+04    1.602925E-05    1.000000E-01    8.866215E+01    1.008297E+02    8.127070E+01    0.000000E+00    8.801102E-04    1.014344E+00
    3.618000E+03    8.777027E-01    2.507184E+02    6.321229E+04    1.602829E-05    9.999862E-02    8.864631E+01    1.006634E+02    8.112224E+01    0.000000E+00    8.788605E-04    1.015213E+00
    3.621000E+03    8.774092E-01    2.506998E+02    6.318642E+04    1.602733E-05    9.999755E-02    8.863050E+01    1.004973E+02    8.097404E+01    0.000000E+00    8.776126E-04    1.016083E+00
    3.624000E+03    8.771159E-01    2.506812E+02    6.316056E+04    1.602638E-05    9.999678E-02    8.861472E+01    1.003315E+02    8.082609E+01    0.000000E+00    8.763664E-04    1.016953E+00
    3.627000E+03    8.768226E-01    2.506626E+02    6.313471E+04    1.602542E-05    9.999632E-02    8.859897E+01    1.001659E+02    8.067838E+01    0.000000E+00    8.751220E-04    1.017823E+00
    3.630000E+03    8.765295E-01    2.506440E+02    6.310887E+04    1.602446E-05    9.999616E-02    8.858325E+01    1.000005E+02    8.053092E+01    0.000000E+00    8.738793E-04    1.018690E+00
    3.633000E+03    8.762364E-01    2.506254E+02    6.308304E+04    1.602350E-05    9.999632E-02    8.856755E+01    9.983542E+01    8.038371E+01    0.000000E+00    8.726385E-04    1.019552E+00
    3.636000E+03    8.759435E-01    2.506068E+02    6.305722E+04    1.602254E-05    9.999678E-02    8.855188E+01    9.967056E+01    8.023674E+01    0.000000E+00    8.713994E-04    1.020414E+00
    3.639000E+03    8.756507E-01    2.505882E+02    6.303142E+04    1.602158E-05    9.999754E-02    8.853624E+01    9.950595E+01    8.009003E+01    0.000000E+00    8.701620E-04    1.021276E+00
    3.642000E+03    8.753579E-01    2.505696E+02    6.300562E+04    1.602063E-05    9.999862E-02    8.852063E+01    9.934158E+01    7.994355E+01    0.000000E+00    8.689264E-04    1.022138E+00
    3.645000E+03    8.750653E-01    2.505510E+02    6.297984E+04    1.601967E-05    1.000000E-01    8.850505E+01    9.917746E+01    7.979732E+01    0.000000E+00    8.676926E-04    1.023000E+00
    3.648000E+03    8.747725E-01    2.505324E+02    6.295404E+04    1.601871E-05    9.999862E-02    8.848925E+01    9.901357E+01    7.965134E+01    0.000000E+00    8.664583E-04    1.023855E+00
    3.651000E+03    8.744798E-01    2.505138E+02    6.292826E+04    1.601775E-05    9.999754E-02    8.847347E+01    9.884993E+01    7.950560E+01    0.000000E+00    8.652258E-04    1.024709E+00
    3.654000E+03    8.741872E-01    2.504952E+02    6.290249E+04    1.601679E-05    9.999677E-02    8.845773E+01    9.868653E+01    7.936011E+01    0.000000E+00    8.639951E-04    1.025564E+00
    3.657000E+03    8.738947E-01    2.504766E+02    6.287672E+04    1.601583E-05    9.999631E-02    8.844201E+01    9.852338E+01    7.921486E+01    0.000000E+00    8.627661E-04    1.026418E+00
    3.660000E+03    8.736023E-01    2.504580E+02    6.285097E+04    1.601488E-05    9.999615E-02    8.842632E+01    9.836046E+01    7.906985E+01    0.000000E+00    8.615389E-04    1.027272E+00
    3.663000E+03    8.733100E-01    2.504394E+02    6.282523E+04    1.601392E-05    9.999631E-02    8.841065E+01    9.819779E+01    7.892509E+01    0.000000E+00    8.603134E-04    1.028122E+00
    3.666000E+03    8.730179E-01    2.504208E+02    6.279950E+04    1.601296E-05    9.999677E-02    8.839502E+01    9.803536E+01    7.878057E+01    0.000000E+00    8.590896E-04    1.028969E+00
    3.669000E+03    8.727258E-01    2.504022E+02    6.277378E+04    1.601200E-05    9.999754E-02    8.837941E+01    9.787317E+01    7.863629E+01    0.000000E+00    8.578676E-04    1.029816E+00
    3.672000E+03    8.724338E-01    2.503836E+02    6.274807E+04    1.601104E-05    9.999862E-02    8.836384E+01    9.771121E+01    7.849226E+01    0.000000E+00    8.566474E-04    1.030662E+00
    3.675000E+03    8.721419E-01    2.503650E+02    6.272237E+04    1.601008E-05    1.000000E-01    8.834829E+01    9.754950E+01    7.834847E+01    0.000000E+00    8.554288E-04    1.031509E+00
    3.678000E+03    8.718499E-01    2.503464E+02    6.269666E+04    1.600912E-05    9.999861E-02    8.833252E+01    9.738803E+01    7.820491E+01    0.000000E+00    8.542099E-04    1.032354E+00
    3.681000E+03    8.715579E-01    2.503278E+02    6.267097E+04    1.600816E-05    9.999753E-02    8.831677E+01    9.722680E+01    7.806160E+01    0.000000E+00    8.529927E-04    1.033193E+00
    3.684000E+03    8.712661E-01    2.503092E+02    6.264528E+04    1.600721E-05    9.999676E-02    8.830106E+01    9.706580E+01    7.791853E+01    0.000000E+00    8.517772E-04    1.034032E+00
    3.687000E+03    8.709744E-01    2.502906E+02    6.261961E+04    1.600625E-05    9.999630E-02    8.828538E+01    9.690505E+01    7.777570E+01    0.000000E+00    8.505635E-04    1.034871E+00
    3.690000E+03    8.706827E-01    2.502720E+02    6.259394E+04    1.600529E-05    9.999615E-02    8.826972E+01    9.674453E+01    7.763311E+01    0.000000E+00    8.493515E-04    1.035710E+00
    3.693000E+03    8.703912E-01    2.502534E+02    6.256829E+04    1.600433E-05    9.999630E-02    8.825409E+01    9.658425E+01    7.749076E+01    0.000000E+00    8.481412E-04    1.036549E+00
    3.696000E+03    8.700998E-01    2.502348E+02    6.254264E+04    1.600337E-05    9.999676E-02    8.823849E+01    9.642421E+01    7.734865E+01    0.000000E+00    8.469327E-04    1.037382E+00
    3.699000E+03    8.698084E-01    2.502162E+02    6.251701E+04    1.600241E-05    9.999753E-02    8.822292E+01    9.626441E+01    7.720678E+01    0.000000E+00    8.457258E-04    1.038213E+00
    3.702000E+03    8.695172E-01    2.501976E+02    6.249138E+04    1.600145E-05    9.999861E-02    8.820737E+01    9.610484E+01    7.706515E+01    0.000000E+00    8.445207E-04    1.039044E+00
    3.705000E+03    8.692261E-01    2.501790E+02    6.246577E+04    1.600049E-05    1.000000E-01    8.819185E+01    9.594551E+01    7.692375E+01    0.000000E+00    8.433173E-04    1.039876E+00
    3.708000E+03    8.689348E-01    2.501604E+02    6.244015E+04    1.599953E-05    9.999861E-02    8.817612E+01    9.578642E+01    7.678260E+01    0.000000E+00    8.421135E-04    1.040707E+00
    3.711000E+03    8.686436E-01    2.501418E+02    6.241454E+04    1.599858E-05    9.999753E-02    8.816041E+01    9.562757E+01    7.664168E+01    0.000000E+00    8.409115E-04    1.041535E+00
    3.714000E+03    8.683525E-01    2.501232E+02    6.238894E+04    1.599762E-05    9.999675E-02    8.814473E+01    9.546894E+01    7.650099E+01    0.000000E+00    8.397111E-04    1.042358E+00
    3.717000E+03    8.680615E-01    2.501046E+02    6.236335E+04    1.599666E-05    9.999629E-02    8.812908E+01    9.531056E+01    7.636055E+01    0.000000E+00    8.385125E-04    1.043182E+00
    3.720000E+03    8.677706E-01    2.500860E+02    6.233777E+04    1.599570E-05    9.999614E-02    8.811345E+01    9.515241E+01    7.622034E+01    0.000000E+00    8.373155E-04    1.044005E+00
    3.723000E+03    8.674799E-01    2.500674E+02    6.231220E+04    1.599474E-05    9.999629E-02    8.809786E+01    9.499450E+01    7.608036E+01    0.000000E+00    8.361203E-04    1.044828E+00
    3.726000E+03    8.671892E-01    2.500488E+02    6.228664E+04    1.599378E-05    9.999675E-02    8.808229E+01    9.483682E+01    7.594062E+01    0.000000E+00    8.349268E-04    1.045651E+00
    3.729000E+03    8.668986E-01    2.500302E+02    6.226110E+04    1.599282E-05    9.999753E-02    8.806675E+01    9.467937E+01    7.580112E+01    0.000000E+00    8.337350E-04    1.046467E+00
    3.732000E+03    8.666081E-01    2.500116E+02    6.223556E+04    1.599186E-05    9.999861E-02    8.805124E+01    9.452216E+01    7.566185E+01    0.000000E+00    8.325449E-04    1.047283E+00
    3.735000E+03    8.663177E-01    2.499930E+02    6.221003E+04    1.599090E-05    1.000000E-01    8.803576E+01    9.436518E+01    7.552282E+01    0.000000E+00    8.313565E-04    1.048099E+00
    3.738000E+03    8.660272E-01    2.499744E+02    6.218450E+04    1.598994E-05    9.999861E-02    8.802005E+01    9.420844E+01    7.538402E+01    0.000000E+00    8.301677E-04    1.048915E+00
    3.741000E+03    8.657368E-01    2.499558E+02    6.215897E+04    1.598898E-05    9.999752E-02    8.800438E+01    9.405193E+01    7.524545E+01    0.000000E+00    8.289806E-04    1.049731E+00
    3.744000E+03    8.654464E-01    2.499372E+02    6.213346E+04    1.598802E-05    9.999675E-02    8.798873E+01    9.389565E+01    7.510712E+01    0.000000E+00    8.277952E-04    1.050542E+00
    3.747000E+03    8.651562E-01    2.499186E+02    6.210795E+04    1.598706E-05    9.999628E-02    8.797311E+01    9.373960E+01    7.496902E+01    0.000000E+00    8.266115E-04    1.051350E+00
    3.750000E+03    8.648661E-01    2.499000E+02    6.208246E+04    1.598610E-05    9.999613E-02    8.795752E+01    9.358379E+01    7.483116E+01    0.000000E+00    8.254295E-04    1.052158E+00
    3.753000E+03    8.645760E-01    2.498814E+02    6.205698E+04    1.598515E-05    9.999628E-02    8.794196E+01    9.342821E+01    7.469352E+01    0.000000E+00    8.242491E-04    1.052966E+00
    3.756000E+03    8.642861E-01    2.498628E+02    6.203150E+04    1.598419E-05    9.999675E-02    8.792642E+01    9.327286E+01    7.455612E+01    0.000000E+00    8.230705E-04    1.053775E+00
    3.759000E+03    8.639963E-01    2.498442E+02    6.200604E+04    1.598323E-05    9.999752E-02    8.791092E+01    9.311774E+01    7.441895E+01    0.000000E+00    8.218936E-04    1.054580E+00
    3.762000E+03    8.637066E-01    2.498256E+02    6.198059E+04    1.598227E-05    9.999861E-02    8.789544E+01    9.296286E+01    7.428201E+01    0.000000E+00    8.207183E-04    1.055381E+00
    3.765000E+03    8.634169E-01    2.498070E+02    6.195515E+04    1.598131E-05    1.000000E-01    8.787999E+01    9.280820E+01    7.414531E+01    0.000000E+00    8.195447E-04    1.056181E+00
    3.768000E+03    8.631271E-01    2.497884E+02    6.192970E+04    1.598035E-05    9.999860E-02    8.786432E+01    9.265377E+01    7.400883E+01    0.000000E+00    8.183707E-04    1.056981E+00
    3.771000E+03    8.628375E-01    2.497698E+02    6.190426E+04    1.597939E-05    9.999752E-02    8.784868E+01    9.249958E+01    7.387258E+01    0.000000E+00    8.171985E-04    1.057782E+00
    3.774000E+03    8.625479E-01    2.497512E+02    6.187883E+04    1.597843E-05    9.999674E-02    8.783306E+01    9.234561E+01    7.373657E+01    0.000000E+00    8.160279E-04    1.058582E+00
    3.777000E+03    8.622584E-01    2.497326E+02    6.185341E+04    1.597747E-05    9.999627E-02    8.781748E+01    9.219188E+01    7.360078E+01    0.000000E+00    8.148589E-04    1.059376E+00
    3.780000E+03    8.619690E-01    2.497140E+02    6.182801E+04    1.597651E-05    9.999612E-02    8.780192E+01    9.203837E+01    7.346522E+01    0.000000E+00    8.136917E-04    1.060168E+00
    3.783000E+03    8.616797E-01    2.496954E+02    6.180261E+04    1.597555E-05    9.999627E-02    8.778639E+01    9.188509E+01    7.332989E+01    0.000000E+00    8.125261E-04    1.060961E+00
    3.786000E+03    8.613905E-01    2.496768E+02    6.177722E+04    1.597459E-05    9.999674E-02    8.777089E+01    9.173204E+01    7.319479E+01    0.000000E+00    8.113622E-04    1.061754E+00
    3.789000E+03    8.611015E-01    2.496582E+02    6.175185E+04    1.597363E-05    9.999751E-02    8.775542E+01    9.157922E+01    7.305992E+01    0.000000E+00    8.101999E-04    1.062547E+00
    3.792000E+03    8.608125E-01    2.496396E+02    6.172648E+04    1.597267E-05    9.999860E-02    8.773997E+01    9.142663E+01    7.292527E+01    0.000000E+00    8.090394E-04    1.063336E+00
    3.795000E+03    8.605236E-01    2.496210E+02    6.170112E+04    1.597171E-05    1.000000E-01    8.772456E+01    9.127426E+01    7.279086E+01    0.000000E+00    8.078804E-04    1.064121E+00
    3.798000E+03    8.602346E-01    2.496024E+02    6.167576E+04    1.597075E-05    9.999860E-02    8.770892E+01    9.112213E+01    7.265667E+01    0.000000E+00    8.067211E-04    1.064905E+00
    3.801000E+03    8.599456E-01    2.495838E+02    6.165041E+04    1.596979E-05    9.999751E-02    8.769331E+01    9.097022E+01    7.252271E+01    0.000000E+00    8.055635E-04    1.065690E+00
    3.804000E+03    8.596568E-01    2.495652E+02    6.162506E+04    1.596883E-05    9.999673E-02    8.767773E+01    9.081853E+01    7.238897E+01    0.000000E+00    8.044075E-04    1.066475E+00
    3.807000E+03    8.593680E-01    2.495466E+02    6.159973E+04    1.596787E-05    9.999626E-02    8.766218E+01    9.066708E+01    7.225546E+01    0.000000E+00    8.032532E-04    1.067259E+00
    3.810000E+03    8.590794E-01    2.495280E+02    6.157441E+04    1.596691E-05    9.999611E-02    8.764665E+01    9.051585E+01    7.212217E+01    0.000000E+00    8.021006E-04    1.068036E+00
    3.813000E+03    8.587909E-01    2.495094E+02    6.154910E+04    1.596595E-05    9.999626E-02    8.763116E+01    9.036484E+01    7.198911E+01    0.000000E+00    8.009496E-04    1.068814E+00
    3.816000E+03    8.585024E-01    2.494908E+02    6.152379E+04    1.596499E-05    9.999673E-02    8.761569E+01    9.021406E+01    7.185628E+01    0.000000E+00    7.998002E-04    1.069591E+00
    3.819000E+03    8.582141E-01    2.494722E+02    6.149850E+04    1.596403E-05    9.999751E-02    8.760025E+01    9.006351E+01    7.172367E+01    0.000000E+00    7.986525E-04    1.070369E+00
    3.822000E+03    8.579259E-01    2.494536E+02    6.147322E+04    1.596307E-05    9.999860E-02    8.758484E+01    8.991318E+01    7.159129E+01    0.000000E+00    7.975065E-04    1.071146E+00
    3.825000E+03    8.576377E-01    2.494350E+02    6.144795E+04    1.596211E-05    1.000000E-01    8.756946E+01    8.976308E+01    7.145913E+01    0.000000E+00    7.963621E-04    1.071917E+00
    3.828000E+03    8.573495E-01    2.494164E+02    6.142267E+04    1.596115E-05    9.999860E-02    8.755385E+01    8.961320E+01    7.132719E+01    0.000000E+00    7.952173E-04    1.072687E+00
    3.831000E+03    8.570613E-01    2.493978E+02    6.139741E+04    1.596019E-05    9.999750E-02    8.753828E+01    8.946354E+01    7.119547E+01    0.000000E+00    7.940742E-04    1.073457E+00
    3.834000E+03    8.567732E-01    2.493792E+02    6.137215E+04    1.595923E-05    9.999672E-02    8.752273E+01    8.931411E+01    7.106398E+01    0.000000E+00    7.929327E-04    1.074226E+00
    3.837000E+03    8.564852E-01    2.493606E+02    6.134690E+04    1.595827E-05    9.999626E-02    8.750721E+01    8.916490E+01    7.093271E+01    0.000000E+00    7.917928E-04    1.074996E+00
    3.840000E+03    8.561973E-01    2.493420E+02    6.132166E+04    1.595731E-05    9.999610E-02    8.749172E+01    8.901592E+01    7.080167E+01    0.000000E+00    7.906546E-04    1.075762E+00
    3.843000E+03    8.559095E-01    2.493234E+02    6.129644E+04    1.595634E-05    9.999626E-02    8.747626E+01    8.886716E+01    7.067084E+01    0.000000E+00    7.895181E-04    1.076524E+00
    3.846000E+03    8.556218E-01    2.493048E+02    6.127122E+04    1.595538E-05    9.999672E-02    8.746082E+01    8.871862E+01    7.054024E+01    0.000000E+00    7.883831E-04    1.077286E+00
    3.849000E+03    8.553342E-01    2.492862E+02    6.124601E+04    1.595442E-05    9.999750E-02    8.744542E+01    8.857031E+01    7.040986E+01    0.000000E+00    7.872498E-04    1.078048E+00
    3.852000E+03    8.550467E-01    2.492676E+02    6.122082E+04    1.595346E-05    9.999860E-02    8.743004E+01    8.842221E+01    7.027970E+01    0.000000E+00    7.861181E-04    1.078810E+00
    3.855000E+03    8.547594E-01    2.492490E+02    6.119563E+04    1.595250E-05    1.000000E-01    8.741469E+01    8.827434E+01    7.014976E+01    0.000000E+00    7.849881E-04    1.079571E+00
    3.858000E+03    8.544718E-01    2.492304E+02    6.117044E+04    1.595154E-05    9.999859E-02    8.739912E+01    8.812669E+01    7.002004E+01    0.000000E+00    7.838577E-04    1.080326E+00
    3.861000E+03    8.541844E-01    2.492118E+02    6.114526E+04    1.595058E-05    9.999750E-02    8.738358E+01    8.797926E+01    6.989054E+01    0.000000E+00    7.827289E-04    1.081080E+00
    3.864000E+03    8.538970E-01    2.491932E+02    6.112008E+04    1.594962E-05    9.999672E-02    8.736806E+01    8.783205E+01    6.976126E+01    0.000000E+00    7.816017E-04    1.081835E+00
    3.867000E+03    8.536098E-01    2.491746E+02    6.109492E+04    1.594866E-05    9.999625E-02    8.735258E+01    8.768507E+01    6.963220E+01    0.000000E+00    7.804762E-04    1.082589E+00
    3.870000E+03    8.533226E-01    2.491560E+02    6.106977E+04    1.594770E-05    9.999609E-02    8.733712E+01    8.753830E+01    6.950336E+01    0.000000E+00    7.793523E-04    1.083343E+00
    3.873000E+03    8.530356E-01    2.491374E+02    6.104463E+04    1.594674E-05    9.999625E-02    8.732169E+01    8.739175E+01    6.937474E+01    0.000000E+00    7.782300E-04    1.084093E+00
    3.876000E+03    8.527487E-01    2.491188E+02    6.101950E+04    1.594578E-05    9.999672E-02    8.730629E+01    8.724542E+01    6.924634E+01    0.000000E+00    7.771093E-04    1.084839E+00
    3.879000E+03    8.524618E-01    2.491002E+02    6.099437E+04    1.594482E-05    9.999750E-02    8.729092E+01    8.709932E+01    6.911815E+01    0.000000E+00    7.759902E-04    1.085586E+00
    3.882000E+03    8.521751E-01    2.490816E+02    6.096926E+04    1.594386E-05    9.999859E-02    8.727557E+01    8.695343E+01    6.899018E+01    0.000000E+00    7.748728E-04    1.086332E+00
    3.885000E+03    8.518884E-01    2.490630E+02    6.094416E+04    1.594289E-05    1.000000E-01    8.726025E+01    8.680776E+01    6.886243E+01    0.000000E+00    7.737569E-04    1.087079E+00
    3.888000E+03    8.516016E-01    2.490444E+02    6.091905E+04    1.594193E-05    9.999859E-02    8.724472E+01    8.666231E+01    6.873489E+01    0.000000E+00    7.726407E-04    1.087823E+00
    3.891000E+03    8.513149E-01    2.490258E+02    6.089396E+04    1.594097E-05    9.999749E-02    8.722921E+01    8.651708E+01    6.860758E+01    0.000000E+00    7.715261E-04    1.088562E+00
    3.894000E+03    8.510283E-01    2.490072E+02    6.086887E+04    1.594001E-05    9.999671E-02    8.721373E+01    8.637206E+01    6.848047E+01    0.000000E+00    7.704132E-04    1.089301E+00
    3.897000E+03    8.507418E-01    2.489886E+02    6.084379E+04    1.593905E-05    9.999624E-02    8.719828E+01    8.622727E+01    6.835359E+01    0.000000E+00    7.693018E-04    1.090040E+00
    3.900000E+03    8.504554E-01    2.489700E+02    6.081872E+04    1.593809E-05    9.999608E-02    8.718285E+01    8.608269E+01    6.822692E+01    0.000000E+00    7.681920E-04    1.090778E+00
    3.903000E+03    8.501691E-01    2.489514E+02    6.079367E+04    1.593713E-05    9.999624E-02    8.716745E+01    8.593833E+01    6.810046E+01    0.000000E+00    7.670838E-04    1.091517E+00
    3.906000E+03    8.498829E-01    2.489328E+02    6.076862E+04    1.593617E-05    9.999671E-02    8.715209E+01    8.579418E+01    6.797422E+01    0.000000E+00    7.659772E-04    1.092249E+00
    3.909000E+03    8.495968E-01    2.489142E+02    6.074358E+04    1.593521E-05    9.999749E-02    8.713675E+01    8.565026E+01    6.784820E+01    0.000000E+00    7.648723E-04    1.092980E+00
    3.912000E+03    8.493108E-01    2.488956E+02    6.071856E+04    1.593424E-05    9.999859E-02    8.712144E+01    8.550654E+01    6.772239E+01    0.000000E+00    7.637689E-04    1.093711E+00
    3.915000E+03    8.490250E-01    2.488770E+02    6.069354E+04    1.593328E-05    1.000000E-01    8.710615E+01    8.536305E+01    6.759679E+01    0.000000E+00    7.626671E-04    1.094442E+00
    3.918000E+03    8.487389E-01    2.488584E+02    6.066852E+04    1.593232E-05    9.999859E-02    8.709065E+01    8.521977E+01    6.747140E+01    0.000000E+00    7.615649E-04    1.095174E+00
    3.921000E+03    8.484529E-01    2.488398E+02    6.064350E+04    1.593136E-05    9.999749E-02    8.707517E+01    8.507671E+01    6.734623E+01    0.000000E+00    7.604644E-04    1.095901E+00
    3.924000E+03    8.481671E-01    2.488212E+02    6.061850E+04    1.593040E-05    9.999670E-02    8.705973E+01    8.493386E+01    6.722128E+01    0.000000E+00    7.593654E-04    1.096624E+00
    3.927000E+03    8.478813E-01    2.488026E+02    6.059351E+04    1.592944E-05    9.999623E-02    8.704431E+01    8.479122E+01    6.709653E+01    0.000000E+00    7.582680E-04    1.097348E+00
    3.930000E+03    8.475957E-01    2.487840E+02    6.056852E+04    1.592848E-05    9.999607E-02    8.702892E+01    8.464880E+01    6.697200E+01    0.000000E+00    7.571723E-04    1.098071E+00
    3.933000E+03    8.473101E-01    2.487654E+02    6.054355E+04    1.592751E-05    9.999623E-02    8.701355E+01    8.450660E+01    6.684768E+01    0.000000E+00    7.560781E-04    1.098795E+00
    3.936000E+03    8.470247E-01    2.487468E+02    6.051859E+04    1.592655E-05    9.999670E-02    8.699822E+01    8.436461E+01    6.672357E+01    0.000000E+00    7.549854E-04    1.099517E+00
    3.939000E+03    8.467393E-01    2.487282E+02    6.049364E+04    1.592559E-05    9.999749E-02    8.698291E+01    8.422283E+01    6.659967E+01    0.000000E+00    7.538944E-04    1.100233E+00
    3.942000E+03    8.464541E-01    2.487096E+02    6.046869E+04    1.592463E-05    9.999859E-02    8.696763E+01    8.408127E+01    6.647599E+01    0.000000E+00    7.528049E-04    1.100948E+00
    3.945000E+03    8.461689E-01    2.486910E+02    6.044376E+04    1.592367E-05    1.000000E-01    8.695238E+01    8.393992E+01    6.635251E+01    0.000000E+00    7.517170E-04    1.101664E+00
    3.948000E+03    8.458836E-01    2.486724E+02    6.041882E+04    1.592271E-05    9.999858E-02    8.693691E+01    8.379878E+01    6.622924E+01    0.000000E+00    7.506288E-04    1.102380E+00
    3.951000E+03    8.455984E-01    2.486538E+02    6.039389E+04    1.592174E-05    9.999748E-02    8.692147E+01    8.365786E+01    6.610619E+01    0.000000E+00    7.495421E-04    1.103096E+00
    3.954000E+03    8.453133E-01    2.486352E+02    6.036898E+04    1.592078E-05    9.999669E-02    8.690606E+01    8.351715E+01    6.598334E+01    0.000000E+00    7.484570E-04    1.103805E+00
    3.957000E+03    8.450282E-01    2.486166E+02    6.034407E+04    1.591982E-05    9.999622E-02    8.689067E+01    8.337665E+01    6.586071E+01    0.000000E+00    7.473735E-04    1.104513E+00
    3.960000E+03    8.447433E-01    2.485980E+02    6.031917E+04    1.591886E-05    9.999606E-02    8.687532E+01    8.323636E+01    6.573828E+01    0.000000E+00    7.462916E-04    1.105221E+00
    3.963000E+03    8.444585E-01    2.485794E+02    6.029428E+04    1.591790E-05    9.999622E-02    8.685999E+01    8.309628E+01    6.561606E+01    0.000000E+00    7.452112E-04    1.105930E+00
    3.966000E+03    8.441738E-01    2.485608E+02    6.026940E+04    1.591694E-05    9.999669E-02    8.684468E+01    8.295642E+01    6.549405E+01    0.000000E+00    7.441324E-04    1.106638E+00
    3.969000E+03    8.438892E-01    2.485422E+02    6.024453E+04    1.591597E-05    9.999748E-02    8.682941E+01    8.281676E+01    6.537225E+01    0.000000E+00    7.430551E-04    1.107342E+00
    3.972000E+03    8.436047E-01    2.485236E+02    6.021968E+04    1.591501E-05    9.999858E-02    8.681417E+01    8.267732E+01    6.525065E+01    0.000000E+00    7.419794E-04    1.108043E+00
    3.975000E+03    8.433203E-01    2.485050E+02    6.019483E+04    1.591405E-05    1.000000E-01    8.679895E+01    8.253809E+01    6.512927E+01    0.000000E+00    7.409053E-04    1.108743E+00
    3.978000E+03    8.430357E-01    2.484864E+02    6.016997E+04    1.591309E-05    9.999858E-02    8.678351E+01    8.239906E+01    6.500809E+01    0.000000E+00    7.398308E-04    1.109443E+00
    3.981000E+03    8.427512E-01    2.484678E+02    6.014513E+04    1.591213E-05    9.999747E-02    8.676810E+01    8.226025E+01    6.488711E+01    0.000000E+00    7.387579E-04    1.110144E+00
    3.984000E+03    8.424668E-01    2.484492E+02    6.012029E+04    1.591116E-05    9.999669E-02    8.675272E+01    8.212165E+01    6.476635E+01    0.000000E+00    7.376865E-04    1.110844E+00
    3.987000E+03    8.421826E-01    2.484306E+02    6.009547E+04    1.591020E-05    9.999621E-02    8.673737E+01    8.198326E+01    6.464579E+01    0.000000E+00    7.366167E-04    1.111536E+00
    3.990000E+03    8.418984E-01    2.484120E+02    6.007065E+04    1.590924E-05    9.999605E-02    8.672205E+01    8.184507E+01    6.452543E+01    0.000000E+00    7.355484E-04    1.112229E+00
    3.993000E+03    8.416143E-01    2.483934E+02    6.004585E+04    1.590828E-05    9.999621E-02    8.670675E+01    8.170709E+01    6.440528E+01    0.000000E+00    7.344817E-04    1.112922E+00
    3.996000E+03    8.413304E-01    2.483748E+02    6.002106E+04    1.590732E-05    9.999668E-02    8.669148E+01    8.156933E+01    6.428534E+01    0.000000E+00    7.334165E-04    1.113614E+00
    3.999000E+03    8.410465E-01    2.483562E+02    5.999627E+04    1.590635E-05    9.999747E-02    8.667624E+01    8.143177E+01    6.416560E+01    0.000000E+00    7.323529E-04    1.114307E+00
    4.002000E+03    8.407627E-01    2.483376E+02    5.997150E+04    1.590539E-05    9.999858E-02    8.666103E+01    8.129442E+01    6.404607E+01    0.000000E+00    7.312908E-04    1.114994E+00
    4.005000E+03    8.404790E-01    2.483190E+02    5.994674E+04    1.590443E-05    1.000000E-01    8.664585E+01    8.115727E+01    6.392674E+01    0.000000E+00    7.302303E-04    1.115680E+00
    4.008000E+03    8.401952E-01    2.483004E+02    5.992196E+04    1.590347E-05    9.999858E-02    8.663045E+01    8.102034E+01    6.380761E+01    0.000000E+00    7.291694E-04    1.116365E+00
    4.011000E+03    8.399115E-01    2.482818E+02    5.989720E+04    1.590250E-05    9.999747E-02    8.661507E+01    8.088361E+01    6.368869E+01    0.000000E+00    7.281101E-04    1.117050E+00
    4.014000E+03    8.396278E-01    2.482632E+02    5.987245E+04    1.590154E-05    9.999668E-02    8.659972E+01    8.074709E+01    6.356997E+01    0.000000E+00    7.270523E-04    1.117735E+00
    4.017000E+03    8.393443E-01    2.482446E+02    5.984771E+04    1.590058E-05    9.999620E-02    8.658440E+01    8.061077E+01    6.345145E+01    0.000000E+00    7.259960E-04    1.118417E+00
    4.020000E+03    8.390609E-01    2.482260E+02    5.982298E+04    1.589962E-05    9.999604E-02    8.656911E+01    8.047466E+01    6.333314E+01    0.000000E+00    7.249413E-04    1.119095E+00
    4.023000E+03    8.387775E-01    2.482074E+02    5.979826E+04    1.589865E-05    9.999620E-02    8.655385E+01    8.033876E+01    6.321503E+01    0.000000E+00    7.238881E-04    1.119772E+00
    4.026000E+03    8.384943E-01    2.481888E+02    5.977355E+04    1.589769E-05    9.999668E-02    8.653862E+01    8.020306E+01    6.309712E+01    0.000000E+00    7.228365E-04    1.120449E+00
    4.029000E+03    8.382112E-01    2.481702E+02    5.974885E+04    1.589673E-05    9.999747E-02    8.652341E+01    8.006757E+01    6.297941E+01    0.000000E+00    7.217863E-04    1.121126E+00
    4.032000E+03    8.379281E-01    2.481516E+02    5.972416E+04    1.589577E-05    9.999858E-02    8.650823E+01    7.993228E+01    6.286190E+01    0.000000E+00    7.207377E-04    1.121804E+00
    4.035000E+03    8.376452E-01    2.481330E+02    5.969948E+04    1.589480E-05    1.000000E-01    8.649308E+01    7.979720E+01    6.274460E+01    0.000000E+00    7.196907E-04    1.122474E+00
    4.038000E+03    8.373621E-01    2.481144E+02    5.967479E+04    1.589384E-05    9.999857E-02    8.647771E+01    7.966232E+01    6.262749E+01    0.000000E+00    7.186433E-04    1.123143E+00
    4.041000E+03    8.370791E-01    2.480958E+02    5.965012E+04    1.589288E-05    9.999746E-02    8.646237E+01    7.952765E+01    6.251059E+01    0.000000E+00    7.175974E-04    1.123813E+00
    4.044000E+03    8.367962E-01    2.480772E+02    5.962545E+04    1.589192E-05    9.999667E-02    8.644706E+01    7.939318E+01    6.239389E+01    0.000000E+00    7.165530E-04    1.124483E+00
    4.047000E+03    8.365134E-01    2.480586E+02    5.960079E+04    1.589095E-05    9.999619E-02    8.643177E+01    7.925892E+01    6.227738E+01    0.000000E+00    7.155102E-04    1.125152E+00
    4.050000E+03    8.362307E-01    2.480400E+02    5.957615E+04    1.588999E-05    9.999603E-02    8.641651E+01    7.912486E+01    6.216108E+01    0.000000E+00    7.144688E-04    1.125818E+00
    4.053000E+03    8.359481E-01    2.480214E+02    5.955151E+04    1.588903E-05    9.999619E-02    8.640128E+01    7.899100E+01    6.204498E+01    0.000000E+00    7.134290E-04    1.126479E+00
    4.056000E+03    8.356656E-01    2.480028E+02    5.952688E+04    1.588807E-05    9.999667E-02    8.638608E+01    7.885734E+01    6.192907E+01    0.000000E+00    7.123907E-04    1.127141E+00
    4.059000E+03    8.353832E-01    2.479842E+02    5.950227E+04    1.588710E-05    9.999746E-02    8.637091E+01    7.872389E+01    6.181336E+01    0.000000E+00    7.113539E-04    1.127803E+00
    4.062000E+03    8.351010E-01    2.479656E+02    5.947766E+04    1.588614E-05    9.999857E-02    8.635577E+01    7.859064E+01    6.169785E+01    0.000000E+00    7.103187E-04    1.128465E+00
    4.065000E+03    8.348188E-01    2.479470E+02    5.945306E+04    1.588518E-05    1.000000E-01    8.634065E+01    7.845759E+01    6.158254E+01    0.000000E+00    7.092849E-04    1.129125E+00
    4.068000E+03    8.345364E-01    2.479284E+02    5.942846E+04    1.588421E-05    9.999857E-02    8.632531E+01    7.832475E+01    6.146743E+01    0.000000E+00    7.082508E-04    1.129779E+00
    4.071000E+03    8.342541E-01    2.479098E+02    5.940387E+04    1.588325E-05    9.999746E-02    8.631000E+01    7.819211E+01    6.135251E+01    0.000000E+00    7.072182E-04    1.130434E+00
    4.074000E+03    8.339720E-01    2.478912E+02    5.937928E+04    1.588229E-05    9.999666E-02    8.629472E+01    7.805966E+01    6.123780E+01    0.000000E+00    7.061871E-04    1.131088E+00
    4.077000E+03    8.336899E-01    2.478726E+02    5.935471E+04    1.588132E-05    9.999618E-02    8.627947E+01    7.792742E+01    6.112327E+01    0.000000E+00    7.051576E-04    1.131742E+00
    4.080000E+03    8.334080E-01    2.478540E+02    5.933015E+04    1.588036E-05    9.999603E-02    8.626425E+01    7.779538E+01    6.100895E+01    0.000000E+00    7.041295E-04    1.132396E+00
    4.083000E+03    8.331261E-01    2.478354E+02    5.930559E+04    1.587940E-05    9.999618E-02    8.624905E+01    7.766354E+01    6.089482E+01    0.000000E+00    7.031029E-04    1.133044E+00
    4.086000E+03    8.328444E-01    2.478168E+02    5.928105E+04    1.587844E-05    9.999666E-02    8.623388E+01    7.753190E+01    6.078089E+01    0.000000E+00    7.020778E-04    1.133691E+00
    4.089000E+03    8.325627E-01    2.477982E+02    5.925652E+04    1.587747E-05    9.999746E-02    8.621874E+01    7.740046E+01    6.066715E+01    0.000000E+00    7.010543E-04    1.134337E+00
    4.092000E+03    8.322811E-01    2.477796E+02    5.923199E+04    1.587651E-05    9.999857E-02    8.620363E+01    7.726922E+01    6.055361E+01    0.000000E+00    7.000322E-04    1.134984E+00
    4.095000E+03    8.319997E-01    2.477610E+02    5.920748E+04    1.587555E-05    1.000000E-01    8.618855E+01    7.713819E+01    6.044026E+01    0.000000E+00    6.990116E-04    1.135630E+00
    4.098000E+03    8.317181E-01    2.477424E+02    5.918296E+04    1.587458E-05    9.999857E-02    8.617325E+01    7.700734E+01    6.032710E+01    0.000000E+00    6.979906E-04    1.136274E+00
    4.101000E+03    8.314365E-01    2.477238E+02    5.915845E+04    1.587362E-05    9.999745E-02    8.615797E+01    7.687670E+01    6.021415E+01    0.000000E+00    6.969712E-04    1.136912E+00
    4.104000E+03    8.311551E-01    2.477052E+02    5.913395E+04    1.587266E-05    9.999665E-02    8.614272E+01    7.674626E+01    6.010138E+01    0.000000E+00    6.959533E-04    1.137551E+00
    4.107000E+03    8.308738E-01    2.476866E+02    5.910946E+04    1.587169E-05    9.999618E-02    8.612751E+01    7.661602E+01    5.998881E+01    0.000000E+00    6.949368E-04    1.138190E+00
    4.110000E+03    8.305926E-01    2.476680E+02    5.908498E+04    1.587073E-05    9.999602E-02    8.611231E+01    7.648597E+01    5.987643E+01    0.000000E+00    6.939219E-04    1.138829E+00
    4.113000E+03    8.303114E-01    2.476494E+02    5.906051E+04    1.586977E-05    9.999618E-02    8.609715E+01    7.635612E+01    5.976425E+01    0.000000E+00    6.929084E-04    1.139467E+00
    4.116000E+03    8.300304E-01    2.476308E+02    5.903605E+04    1.586880E-05    9.999665E-02    8.608202E+01    7.622647E+01    5.965226E+01    0.000000E+00    6.918964E-04    1.140098E+00
    4.119000E+03    8.297495E-01    2.476122E+02    5.901160E+04    1.586784E-05    9.999745E-02    8.606691E+01    7.609702E+01    5.954046E+01    0.000000E+00    6.908858E-04    1.140729E+00
    4.122000E+03    8.294687E-01    2.475936E+02    5.898716E+04    1.586687E-05    9.999857E-02    8.605183E+01    7.596776E+01    5.942885E+01    0.000000E+00    6.898768E-04    1.141360E+00
    4.125000E+03    8.291879E-01    2.475750E+02    5.896273E+04    1.586591E-05    1.000000E-01    8.603679E+01    7.583870E+01    5.931744E+01    0.000000E+00    6.888692E-04    1.141992E+00
    4.128000E+03    8.289071E-01    2.475564E+02    5.893829E+04    1.586495E-05    9.999856E-02    8.602151E+01    7.570984E+01    5.920622E+01    0.000000E+00    6.878613E-04    1.142623E+00
    4.131000E+03    8.286263E-01    2.475378E+02    5.891386E+04    1.586398E-05    9.999744E-02    8.600627E+01    7.558118E+01    5.909518E+01    0.000000E+00    6.868549E-04    1.143249E+00
    4.134000E+03    8.283456E-01    2.475192E+02    5.888945E+04    1.586302E-05    9.999665E-02    8.599106E+01    7.545271E+01    5.898434E+01    0.000000E+00    6.858500E-04    1.143872E+00
    4.137000E+03    8.280650E-01    2.475006E+02    5.886504E+04    1.586206E-05    9.999617E-02    8.597587E+01    7.532443E+01    5.887369E+01    0.000000E+00    6.848465E-04    1.144496E+00
    4.140000E+03    8.277845E-01    2.474820E+02    5.884064E+04    1.586109E-05    9.999601E-02    8.596072E+01    7.519635E+01    5.876323E+01    0.000000E+00    6.838445E-04    1.145119E+00
    4.143000E+03    8.275041E-01    2.474634E+02    5.881625E+04    1.586013E-05    9.999617E-02    8.594559E+01    7.506847E+01    5.865297E+01    0.000000E+00    6.828440E-04    1.145743E+00
    4.146000E+03    8.272238E-01    2.474448E+02    5.879188E+04    1.585917E-05    9.999664E-02    8.593049E+01    7.494078E+01    5.854289E+01    0.000000E+00    6.818449E-04    1.146364E+00
    4.149000E+03    8.269437E-01    2.474262E+02    5.876751E+04    1.585820E-05    9.999744E-02    8.591541E+01    7.481329E+01    5.843300E+01    0.000000E+00    6.808473E-04    1.146980E+00
    4.152000E+03    8.266636E-01    2.474076E+02    5.874315E+04    1.585724E-05    9.999856E-02    8.590037E+01    7.468599E+01    5.832330E+01    0.000000E+00    6.798511E-04    1.147595E+00
    4.155000E+03    8.263836E-01    2.473890E+02    5.871881E+04    1.585627E-05    1.000000E-01    8.588535E+01    7.455889E+01    5.821378E+01    0.000000E+00    6.788564E-04    1.148211E+00
    4.158000E+03    8.261034E-01    2.473704E+02    5.869445E+04    1.585531E-05    9.999856E-02    8.587012E+01    7.443198E+01    5.810446E+01    0.000000E+00    6.778614E-04    1.148827E+00
    4.161000E+03    8.258234E-01    2.473518E+02    5.867011E+04    1.585435E-05    9.999744E-02    8.585491E+01    7.430526E+01    5.799533E+01    0.000000E+00    6.768679E-04    1.149442E+00
    4.164000E+03    8.255434E-01    2.473332E+02    5.864577E+04    1.585338E-05    9.999664E-02    8.583973E+01    7.417874E+01    5.788638E+01    0.000000E+00    6.758758E-04    1.150051E+00
    4.167000E+03    8.252636E-01    2.473146E+02    5.862145E+04    1.585242E-05    9.999616E-02    8.582458E+01    7.405241E+01    5.777762E+01    0.000000E+00    6.748852E-04    1.150659E+00
    4.170000E+03    8.249838E-01    2.472960E+02    5.859713E+04    1.585145E-05    9.999600E-02    8.580945E+01    7.392627E+01    5.766905E+01    0.000000E+00    6.738960E-04    1.151267E+00
    4.173000E+03    8.247042E-01    2.472774E+02    5.857283E+04    1.585049E-05    9.999616E-02    8.579436E+01    7.380032E+01    5.756067E+01    0.000000E+00    6.729083E-04    1.151875E+00
    4.176000E+03    8.244246E-01    2.472588E+02    5.854854E+04    1.584953E-05    9.999664E-02    8.577929E+01    7.367457E+01    5.745247E+01    0.000000E+00    6.719220E-04    1.152483E+00
    4.179000E+03    8.241451E-01    2.472402E+02    5.852425E+04    1.584856E-05    9.999744E-02    8.576425E+01    7.354901E+01    5.734446E+01    0.000000E+00    6.709371E-04    1.153087E+00
    4.182000E+03    8.238658E-01    2.472216E+02    5.849998E+04    1.584760E-05    9.999856E-02    8.574924E+01    7.342365E+01    5.723664E+01    0.000000E+00    6.699537E-04    1.153687E+00
    4.185000E+03    8.235865E-01    2.472030E+02    5.847571E+04    1.584663E-05    1.000000E-01    8.573426E+01    7.329847E+01    5.712900E+01    0.000000E+00    6.689718E-04    1.154287E+00
    4.188000E+03    8.233071E-01    2.471844E+02    5.845144E+04    1.584567E-05    9.999856E-02    8.571905E+01    7.317349E+01    5.702155E+01    0.000000E+00    6.679895E-04    1.154888E+00
    4.191000E+03    8.230278E-01    2.471658E+02    5.842718E+04    1.584470E-05    9.999743E-02    8.570388E+01    7.304869E+01    5.691428E+01    0.000000E+00    6.670087E-04    1.155488E+00
    4.194000E+03    8.227486E-01    2.471472E+02    5.840293E+04    1.584374E-05    9.999663E-02    8.568873E+01    7.292409E+01    5.680720E+01    0.000000E+00    6.660294E-04    1.156087E+00
    4.197000E+03    8.224694E-01    2.471286E+02    5.837869E+04    1.584278E-05    9.999615E-02    8.567361E+01    7.279968E+01    5.670030E+01    0.000000E+00    6.650514E-04    1.156680E+00
    4.200000E+03    8.221904E-01    2.471100E+02    5.835445E+04    1.584181E-05    9.999599E-02    8.565852E+01    7.267546E+01    5.659359E+01    0.000000E+00    6.640749E-04    1.157272E+00
    4.203000E+03    8.219115E-01    2.470914E+02    5.833023E+04    1.584085E-05    9.999615E-02    8.564346E+01    7.255142E+01    5.648706E+01    0.000000E+00    6.630999E-04    1.157865E+00
    4.206000E+03    8.216327E-01    2.470728E+02    5.830602E+04    1.583988E-05    9.999663E-02    8.562843E+01    7.242758E+01    5.638072E+01    0.000000E+00    6.621262E-04    1.158457E+00
    4.209000E+03    8.213539E-01    2.470542E+02    5.828182E+04    1.583892E-05    9.999743E-02    8.561342E+01    7.230393E+01    5.627456E+01    0.000000E+00    6.611540E-04    1.159050E+00
    4.212000E+03    8.210753E-01    2.470356E+02    5.825763E+04    1.583795E-05    9.999856E-02    8.559844E+01    7.218047E+01    5.616858E+01    0.000000E+00    6.601833E-04    1.159637E+00
    4.215000E+03    8.207968E-01    2.470170E+02    5.823344E+04    1.583699E-05    1.000000E-01    8.558350E+01    7.205720E+01    5.606279E+01    0.000000E+00    6.592139E-04    1.160221E+00
    4.218000E+03    8.205181E-01    2.469984E+02    5.820926E+04    1.583602E-05    9.999855E-02    8.556833E+01    7.193411E+01    5.595718E+01    0.000000E+00    6.582443E-04    1.160806E+00
    4.221000E+03    8.202395E-01    2.469798E+02    5.818508E+04    1.583506E-05    9.999743E-02    8.555318E+01    7.181122E+01    5.585175E+01    0.000000E+00    6.572760E-04    1.161391E+00
    4.224000E+03    8.199610E-01    2.469612E+02    5.816091E+04    1.583409E-05    9.999662E-02    8.553807E+01    7.168851E+01    5.574650E+01    0.000000E+00    6.563092E-04    1.161976E+00
    4.227000E+03    8.196826E-01    2.469426E+02    5.813675E+04    1.583313E-05    9.999614E-02    8.552298E+01    7.156599E+01    5.564144E+01    0.000000E+00    6.553439E-04    1.162557E+00
    4.230000E+03    8.194043E-01    2.469240E+02    5.811260E+04    1.583216E-05    9.999598E-02    8.550793E+01    7.144366E+01    5.553656E+01    0.000000E+00    6.543799E-04    1.163135E+00
    4.233000E+03    8.191262E-01    2.469054E+02    5.808846E+04    1.583120E-05    9.999614E-02    8.549290E+01    7.132151E+01    5.543186E+01    0.000000E+00    6.534174E-04    1.163712E+00
    4.236000E+03    8.188481E-01    2.468868E+02    5.806433E+04    1.583024E-05    9.999662E-02    8.547790E+01    7.119956E+01    5.532734E+01    0.000000E+00    6.524563E-04    1.164289E+00
    4.239000E+03    8.185701E-01    2.468682E+02    5.804021E+04    1.582927E-05    9.999743E-02    8.546293E+01    7.107779E+01    5.522300E+01    0.000000E+00    6.514966E-04    1.164866E+00
    4.242000E+03    8.182922E-01    2.468496E+02    5.801610E+04    1.582831E-05    9.999855E-02    8.544798E+01    7.095621E+01    5.511884E+01    0.000000E+00    6.505383E-04    1.165443E+00
    4.245000E+03    8.180144E-01    2.468310E+02    5.799200E+04    1.582734E-05    1.000000E-01    8.543307E+01    7.083481E+01    5.501487E+01    0.000000E+00    6.495814E-04    1.166013E+00
    4.248000E+03    8.177364E-01    2.468124E+02    5.796789E+04    1.582638E-05    9.999855E-02    8.541793E+01    7.071360E+01    5.491107E+01    0.000000E+00    6.486242E-04    1.166582E+00
    4.251000E+03    8.174586E-01    2.467938E+02    5.794380E+04    1.582541E-05    9.999742E-02    8.540282E+01    7.059258E+01    5.480745E+01    0.000000E+00    6.476685E-04    1.167152E+00
    4.254000E+03    8.171808E-01    2.467752E+02    5.791971E+04    1.582445E-05    9.999661E-02    8.538774E+01    7.047174E+01    5.470401E+01    0.000000E+00    6.467141E-04    1.167721E+00
    4.257000E+03    8.169031E-01    2.467566E+02    5.789563E+04    1.582348E-05    9.999613E-02    8.537269E+01    7.035109E+01    5.460075E+01    0.000000E+00    6.457611E-04    1.168291E+00
    4.260000E+03    8.166256E-01    2.467380E+02    5.787156E+04    1.582252E-05    9.999597E-02    8.535767E+01    7.023062E+01    5.449767E+01    0.000000E+00    6.448096E-04    1.168855E+00
    4.263000E+03    8.163481E-01    2.467194E+02    5.784751E+04    1.582155E-05    9.999613E-02    8.534267E+01    7.011034E+01    5.439477E+01    0.000000E+00    6.438595E-04    1.169417E+00
    4.266000E+03    8.160707E-01    2.467008E+02    5.782346E+04    1.582059E-05    9.999661E-02    8.532771E+01    6.999024E+01    5.429205E+01    0.000000E+00    6.429107E-04    1.169979E+00
    4.269000E+03    8.157935E-01    2.466822E+02    5.779942E+04    1.581962E-05    9.999742E-02    8.531277E+01    6.987033E+01    5.418950E+01    0.000000E+00    6.419634E-04    1.170540E+00
    4.272000E+03    8.155163E-01    2.466636E+02    5.777539E+04    1.581865E-05    9.999855E-02    8.529786E+01    6.975060E+01    5.408713E+01    0.000000E+00    6.410174E-04    1.171102E+00
    4.275000E+03    8.152392E-01    2.466450E+02    5.775138E+04    1.581769E-05    1.000000E-01    8.528298E+01    6.963106E+01    5.398494E+01    0.000000E+00    6.400729E-04    1.171662E+00
    4.278000E+03    8.149620E-01    2.466264E+02    5.772735E+04    1.581672E-05    9.999855E-02    8.526787E+01    6.951170E+01    5.388293E+01    0.000000E+00    6.391280E-04    1.172216E+00
    4.281000E+03    8.146849E-01    2.466078E+02    5.770334E+04    1.581576E-05    9.999741E-02    8.525280E+01    6.939252E+01    5.378110E+01    0.000000E+00    6.381846E-04    1.172770E+00
    4.284000E+03    8.144079E-01    2.465892E+02    5.767933E+04    1.581479E-05    9.999661E-02    8.523775E+01    6.927353E+01    5.367944E+01    0.000000E+00    6.372425E-04    1.173324E+00
    4.287000E+03    8.141309E-01    2.465706E+02    5.765533E+04    1.581383E-05    9.999612E-02    8.522273E+01    6.915472E+01    5.357795E+01    0.000000E+00    6.363019E-04    1.173878E+00
    4.290000E+03    8.138541E-01    2.465520E+02    5.763135E+04    1.581286E-05    9.999596E-02    8.520774E+01    6.903609E+01    5.347665E+01    0.000000E+00    6.353626E-04    1.174432E+00
    4.293000E+03    8.135774E-01    2.465334E+02    5.760737E+04    1.581190E-05    9.999612E-02    8.519278E+01    6.891765E+01    5.337552E+01    0.000000E+00    6.344247E-04    1.174980E+00
    4.296000E+03    8.133007E-01    2.465148E+02    5.758341E+04    1.581093E-05    9.999660E-02    8.517785E+01    6.879938E+01    5.327456E+01    0.000000E+00    6.334882E-04    1.175526E+00
    4.299000E+03    8.130242E-01    2.464962E+02    5.755945E+04    1.580997E-05    9.999741E-02    8.516294E+01    6.868130E+01    5.317378E+01    0.000000E+00    6.325531E-04    1.176072E+00
    4.302000E+03    8.127477E-01    2.464776E+02    5.753551E+04    1.580900E-05    9.999854E-02    8.514807E+01    6.856341E+01    5.307317E+01    0.000000E+00    6.316193E-04    1.176619E+00
    4.305000E+03    8.124714E-01    2.464590E+02    5.751157E+04    1.580804E-05    1.000000E-01    8.513322E+01    6.844569E+01    5.297274E+01    0.000000E+00    6.306870E-04    1.177165E+00
    4.308000E+03    8.121949E-01    2.464404E+02    5.748763E+04    1.580707E-05    9.999854E-02    8.511815E+01    6.832815E+01    5.287249E+01    0.000000E+00    6.297543E-04    1.177708E+00
    4.311000E+03    8.119185E-01    2.464218E+02    5.746369E+04    1.580610E-05    9.999741E-02    8.510311E+01    6.821080E+01    5.277241E+01    0.000000E+00    6.288231E-04    1.178246E+00
    4.314000E+03    8.116422E-01    2.464032E+02    5.743977E+04    1.580514E-05    9.999660E-02    8.508809E+01    6.809363E+01    5.267250E+01    0.000000E+00    6.278932E-04    1.178785E+00
    4.317000E+03    8.113660E-01    2.463846E+02    5.741586E+04    1.580417E-05    9.999611E-02    8.507311E+01    6.797663E+01    5.257276E+01    0.000000E+00    6.269647E-04    1.179324E+00
    4.320000E+03    8.110899E-01    2.463660E+02    5.739195E+04    1.580321E-05    9.999595E-02    8.505815E+01    6.785982E+01    5.247320E+01    0.000000E+00    6.260375E-04    1.179862E+00
    4.323000E+03    8.108139E-01    2.463474E+02    5.736806E+04    1.580224E-05    9.999611E-02    8.504322E+01    6.774319E+01    5.237382E+01    0.000000E+00    6.251118E-04    1.180400E+00
    4.326000E+03    8.105380E-01    2.463288E+02    5.734418E+04    1.580128E-05    9.999660E-02    8.502832E+01    6.762674E+01    5.227460E+01    0.000000E+00    6.241874E-04    1.180931E+00
    4.329000E+03    8.102622E-01    2.463102E+02    5.732030E+04    1.580031E-05    9.999741E-02    8.501345E+01    6.751047E+01    5.217556E+01    0.000000E+00    6.232643E-04    1.181462E+00
    4.332000E+03    8.099864E-01    2.462916E+02    5.729644E+04    1.579934E-05    9.999854E-02    8.499861E+01    6.739437E+01    5.207669E+01    0.000000E+00    6.223427E-04    1.181993E+00
    4.335000E+03    8.097108E-01    2.462730E+02    5.727258E+04    1.579838E-05    1.000000E-01    8.498380E+01    6.727846E+01    5.197799E+01    0.000000E+00    6.214224E-04    1.182524E+00
    4.338000E+03    8.094351E-01    2.462544E+02    5.724872E+04    1.579741E-05    9.999854E-02    8.496876E+01    6.716272E+01    5.187946E+01    0.000000E+00    6.205018E-04    1.183055E+00
    4.341000E+03    8.091594E-01    2.462358E+02    5.722487E+04    1.579645E-05    9.999740E-02    8.495375E+01    6.704717E+01    5.178111E+01    0.000000E+00    6.195826E-04    1.183580E+00
    4.344000E+03    8.088838E-01    2.462172E+02    5.720103E+04    1.579548E-05    9.999659E-02    8.493877E+01    6.693179E+01    5.168292E+01    0.000000E+00    6.186647E-04    1.184103E+00
    4.347000E+03    8.086083E-01    2.461986E+02    5.717720E+04    1.579451E-05    9.999610E-02    8.492382E+01    6.681659E+01    5.158491E+01    0.000000E+00    6.177482E-04    1.184627E+00
    4.350000E+03    8.083329E-01    2.461800E+02    5.715337E+04    1.579355E-05    9.999594E-02    8.490890E+01    6.670157E+01    5.148707E+01    0.000000E+00    6.168331E-04    1.185150E+00
    4.353000E+03    8.080577E-01    2.461614E+02    5.712956E+04    1.579258E-05    9.999610E-02    8.489400E+01    6.658672E+01    5.138940E+01    0.000000E+00    6.159193E-04    1.185673E+00
    4.356000E+03    8.077825E-01    2.461428E+02    5.710576E+04    1.579162E-05    9.999659E-02    8.487914E+01    6.647206E+01    5.129189E+01    0.000000E+00    6.150069E-04    1.186193E+00
    4.359000E+03    8.075074E-01    2.461242E+02    5.708197E+04    1.579065E-05    9.999740E-02    8.486430E+01    6.635757E+01    5.119456E+01    0.000000E+00    6.140958E-04    1.186709E+00
    4.362000E+03    8.072324E-01    2.461056E+02    5.705818E+04    1.578968E-05    9.999854E-02    8.484949E+01    6.624326E+01    5.109740E+01    0.000000E+00    6.131861E-04    1.187225E+00
    4.365000E+03    8.069575E-01    2.460870E+02    5.703441E+04    1.578872E-05    1.000000E-01    8.483471E+01    6.612912E+01    5.100041E+01    0.000000E+00    6.122777E-04    1.187740E+00
    4.368000E+03    8.066825E-01    2.460684E+02    5.701063E+04    1.578775E-05    9.999854E-02    8.481970E+01    6.601516E+01    5.090358E+01    0.000000E+00    6.113691E-04    1.188256E+00
    4.371000E+03    8.064075E-01    2.460498E+02    5.698686E+04    1.578678E-05    9.999740E-02    8.480473E+01    6.590138E+01    5.080693E+01    0.000000E+00    6.104618E-04    1.188771E+00
    4.374000E+03    8.061327E-01    2.460312E+02    5.696310E+04    1.578582E-05    9.999658E-02    8.478978E+01    6.578777E+01    5.071044E+01    0.000000E+00    6.095558E-04    1.189279E+00
    4.377000E+03    8.058579E-01    2.460126E+02    5.693935E+04    1.578485E-05    9.999609E-02    8.477487E+01    6.567434E+01    5.061412E+01    0.000000E+00    6.086512E-04    1.189787E+00
    4.380000E+03    8.055833E-01    2.459940E+02    5.691561E+04    1.578389E-05    9.999593E-02    8.475998E+01    6.556108E+01    5.051797E+01    0.000000E+00    6.077479E-04    1.190295E+00
    4.383000E+03    8.053087E-01    2.459754E+02    5.689188E+04    1.578292E-05    9.999609E-02    8.474511E+01    6.544800E+01    5.042199E+01    0.000000E+00    6.068460E-04    1.190802E+00
    4.386000E+03    8.050342E-01    2.459568E+02    5.686815E+04    1.578195E-05    9.999658E-02    8.473028E+01    6.533510E+01    5.032617E+01    0.000000E+00    6.059454E-04    1.191310E+00
    4.389000E+03    8.047599E-01    2.459382E+02    5.684444E+04    1.578099E-05    9.999739E-02    8.471548E+01    6.522237E+01    5.023052E+01    0.000000E+00    6.050462E-04    1.191813E+00
    4.392000E+03    8.044856E-01    2.459196E+02    5.682074E+04    1.578002E-05    9.999853E-02    8.470070E+01    6.510981E+01    5.013504E+01    0.000000E+00    6.041482E-04    1.192313E+00
    4.395000E+03    8.042114E-01    2.459010E+02    5.679705E+04    1.577905E-05    1.000000E-01    8.468596E+01    6.499743E+01    5.003972E+01    0.000000E+00    6.032517E-04    1.192813E+00
    4.398000E+03    8.039371E-01    2.458824E+02    5.677335E+04    1.577809E-05    9.999853E-02    8.467099E+01    6.488523E+01    4.994458E+01    0.000000E+00    6.023548E-04    1.193314E+00
    4.401000E+03    8.036629E-01    2.458638E+02    5.674966E+04    1.577712E-05    9.999739E-02    8.465604E+01    6.477319E+01    4.984959E+01    0.000000E+00    6.014593E-04    1.193814E+00
    4.404000E+03    8.033888E-01    2.458452E+02    5.672598E+04    1.577615E-05    9.999657E-02    8.464113E+01    6.466133E+01    4.975478E+01    0.000000E+00    6.005651E-04    1.194312E+00
    4.407000E+03    8.031147E-01    2.458266E+02    5.670231E+04    1.577519E-05    9.999608E-02    8.462625E+01    6.454965E+01    4.966012E+01    0.000000E+00    5.996722E-04    1.194804E+00
    4.410000E+03    8.028408E-01    2.458080E+02    5.667865E+04    1.577422E-05    9.999592E-02    8.461139E+01    6.443813E+01    4.956564E+01    0.000000E+00    5.987807E-04    1.195297E+00
    4.413000E+03    8.025670E-01    2.457894E+02    5.665500E+04    1.577325E-05    9.999608E-02    8.459656E+01    6.432679E+01    4.947132E+01    0.000000E+00    5.978905E-04    1.195790E+00
    4.416000E+03    8.022932E-01    2.457708E+02    5.663136E+04    1.577229E-05    9.999657E-02    8.458176E+01    6.421563E+01    4.937716E+01    0.000000E+00    5.970016E-04    1.196282E+00
    4.419000E+03    8.020196E-01    2.457522E+02    5.660773E+04    1.577132E-05    9.999739E-02    8.456699E+01    6.410463E+01    4.928317E+01    0.000000E+00    5.961141E-04    1.196775E+00
    4.422000E+03    8.017460E-01    2.457336E+02    5.658411E+04    1.577035E-05    9.999853E-02    8.455225E+01    6.399381E+01    4.918934E+01    0.000000E+00    5.952278E-04    1.197260E+00
    4.425000E+03    8.014726E-01    2.457150E+02    5.656050E+04    1.576939E-05    1.000000E-01    8.453754E+01    6.388316E+01    4.909568E+01    0.000000E+00    5.943429E-04    1.197745E+00
    4.428000E+03    8.011990E-01    2.456964E+02    5.653688E+04    1.576842E-05    9.999853E-02    8.452260E+01    6.377268E+01    4.900218E+01    0.000000E+00    5.934577E-04    1.198230E+00
    4.431000E+03    8.009255E-01    2.456778E+02    5.651327E+04    1.576745E-05    9.999738E-02    8.450769E+01    6.366237E+01    4.890884E+01    0.000000E+00    5.925739E-04    1.198715E+00
    4.434000E+03    8.006521E-01    2.456592E+02    5.648967E+04    1.576648E-05    9.999657E-02    8.449281E+01    6.355223E+01    4.881567E+01    0.000000E+00    5.916913E-04    1.199200E+00
    4.437000E+03    8.003788E-01    2.456406E+02    5.646609E+04    1.576552E-05    9.999607E-02    8.447796E+01    6.344227E+01    4.872266E+01    0.000000E+00    5.908101E-04    1.199681E+00
    4.440000E+03    8.001056E-01    2.456220E+02    5.644251E+04    1.576455E-05    9.999591E-02    8.446314E+01    6.333247E+01    4.862981E+01    0.000000E+00    5.899302E-04    1.200158E+00
    4.443000E+03    7.998325E-01    2.456034E+02    5.641894E+04    1.576358E-05    9.999607E-02    8.444835E+01    6.322285E+01    4.853713E+01    0.000000E+00    5.890515E-04    1.200635E+00
    4.446000E+03    7.995594E-01    2.455848E+02    5.639538E+04    1.576262E-05    9.999656E-02    8.443358E+01    6.311340E+01    4.844461E+01    0.000000E+00    5.881742E-04    1.201112E+00
    4.449000E+03    7.992865E-01    2.455662E+02    5.637183E+04    1.576165E-05    9.999738E-02    8.441885E+01    6.300411E+01    4.835225E+01    0.000000E+00    5.872982E-04    1.201589E+00
    4.452000E+03    7.990137E-01    2.455476E+02    5.634829E+04    1.576068E-05    9.999853E-02    8.440414E+01    6.289500E+01    4.826005E+01    0.000000E+00    5.864236E-04    1.202065E+00
    4.455000E+03    7.987410E-01    2.455290E+02    5.632476E+04    1.575971E-05    1.000000E-01    8.438946E+01    6.278606E+01    4.816801E+01    0.000000E+00    5.855502E-04    1.202535E+00
    4.458000E+03    7.984681E-01    2.455104E+02    5.630122E+04    1.575875E-05    9.999852E-02    8.437455E+01    6.267728E+01    4.807614E+01    0.000000E+00    5.846765E-04    1.203004E+00
    4.461000E+03    7.981953E-01    2.454918E+02    5.627769E+04    1.575778E-05    9.999738E-02    8.435968E+01    6.256868E+01    4.798442E+01    0.000000E+00    5.838042E-04    1.203473E+00
    4.464000E+03    7.979226E-01    2.454732E+02    5.625417E+04    1.575681E-05    9.999656E-02    8.434483E+01    6.246024E+01    4.789287E+01    0.000000E+00    5.829331E-04    1.203943E+00
    4.467000E+03    7.976500E-01    2.454546E+02    5.623067E+04    1.575585E-05    9.999607E-02    8.433002E+01    6.235197E+01    4.780147E+01    0.000000E+00    5.820634E-04    1.204412E+00
    4.470000E+03    7.973776E-01    2.454360E+02    5.620717E+04    1.575488E-05    9.999590E-02    8.431523E+01    6.224388E+01    4.771024E+01    0.000000E+00    5.811950E-04    1.204875E+00
    4.473000E+03    7.971052E-01    2.454174E+02    5.618368E+04    1.575391E-05    9.999606E-02    8.430047E+01    6.213594E+01    4.761916E+01    0.000000E+00    5.803278E-04    1.205337E+00
    4.476000E+03    7.968329E-01    2.453988E+02    5.616020E+04    1.575294E-05    9.999656E-02    8.428574E+01    6.202818E+01    4.752825E+01    0.000000E+00    5.794620E-04    1.205799E+00
    4.479000E+03    7.965607E-01    2.453802E+02    5.613673E+04    1.575198E-05    9.999738E-02    8.427103E+01    6.192059E+01    4.743749E+01    0.000000E+00    5.785974E-04    1.206260E+00
    4.482000E+03    7.962886E-01    2.453616E+02    5.611327E+04    1.575101E-05    9.999852E-02    8.425636E+01    6.181316E+01    4.734690E+01    0.000000E+00    5.777341E-04    1.206722E+00
    4.485000E+03    7.960166E-01    2.453430E+02    5.608982E+04    1.575004E-05    1.000000E-01    8.424171E+01    6.170590E+01    4.725646E+01    0.000000E+00    5.768721E-04    1.207181E+00
    4.488000E+03    7.957444E-01    2.453244E+02    5.606637E+04    1.574907E-05    9.999852E-02    8.422684E+01    6.159881E+01    4.716618E+01    0.000000E+00    5.760099E-04    1.207635E+00
    4.491000E+03    7.954723E-01    2.453058E+02    5.604292E+04    1.574811E-05    9.999737E-02    8.421200E+01    6.149188E+01    4.707606E+01    0.000000E+00    5.751490E-04    1.208089E+00
    4.494000E+03    7.952004E-01    2.452872E+02    5.601948E+04    1.574714E-05    9.999655E-02    8.419719E+01    6.138512E+01    4.698610E+01    0.000000E+00    5.742893E-04    1.208543E+00
    4.497000E+03    7.949285E-01    2.452686E+02    5.599605E+04    1.574617E-05    9.999606E-02    8.418240E+01    6.127853E+01    4.689630E+01    0.000000E+00    5.734309E-04    1.208997E+00
    4.500000E+03    7.946567E-01    2.452500E+02    5.597263E+04    1.574520E-05    9.999589E-02    8.416765E+01    6.117210E+01    4.680665E+01    0.000000E+00    5.725738E-04    1.209451E+00
    4.503000E+03    7.943851E-01    2.452314E+02    5.594923E+04    1.574423E-05    9.999606E-02    8.415292E+01    6.106584E+01    4.671716E+01    0.000000E+00    5.717180E-04    1.209897E+00
    4.506000E+03    7.941135E-01    2.452128E+02    5.592583E+04    1.574327E-05    9.999655E-02    8.413822E+01    6.095975E+01    4.662783E+01    0.000000E+00    5.708635E-04    1.210343E+00
    4.509000E+03    7.938420E-01    2.451942E+02    5.590244E+04    1.574230E-05    9.999737E-02    8.412355E+01    6.085382E+01    4.653865E+01    0.000000E+00    5.700102E-04    1.210789E+00
    4.512000E+03    7.935706E-01    2.451756E+02    5.587906E+04    1.574133E-05    9.999852E-02    8.410891E+01    6.074806E+01    4.644963E+01    0.000000E+00    5.691583E-04    1.211236E+00
    4.515000E+03    7.932993E-01    2.451570E+02    5.585569E+04    1.574036E-05    1.000000E-01    8.409430E+01    6.064246E+01    4.636077E+01    0.000000E+00    5.683075E-04    1.211682E+00
    4.518000E+03    7.930279E-01    2.451384E+02    5.583231E+04    1.573940E-05    9.999852E-02    8.407946E+01    6.053702E+01    4.627207E+01    0.000000E+00    5.674566E-04    1.212123E+00
    4.521000E+03    7.927566E-01    2.451198E+02    5.580895E+04    1.573843E-05    9.999736E-02    8.406466E+01    6.043175E+01    4.618352E+01    0.000000E+00    5.666069E-04    1.212562E+00
    4.524000E+03    7.924853E-01    2.451012E+02    5.578559E+04    1.573746E-05    9.999654E-02    8.404988E+01    6.032665E+01    4.609512E+01    0.000000E+00    5.657585E-04    1.213001E+00
    4.527000E+03    7.922142E-01    2.450826E+02    5.576224E+04    1.573649E-05    9.999605E-02    8.403513E+01    6.022171E+01    4.600688E+01    0.000000E+00    5.649114E-04    1.213439E+00
    4.530000E+03    7.919431E-01    2.450640E+02    5.573890E+04    1.573552E-05    9.999588E-02    8.402041E+01    6.011693E+01    4.591880E+01    0.000000E+00    5.640655E-04    1.213878E+00
    4.533000E+03    7.916722E-01    2.450454E+02    5.571558E+04    1.573456E-05    9.999605E-02    8.400571E+01    6.001232E+01    4.583087E+01    0.000000E+00    5.632209E-04    1.214314E+00
    4.536000E+03    7.914013E-01    2.450268E+02    5.569226E+04    1.573359E-05    9.999654E-02    8.399105E+01    5.990787E+01    4.574309E+01    0.000000E+00    5.623776E-04    1.214745E+00
    4.539000E+03    7.911305E-01    2.450082E+02    5.566895E+04    1.573262E-05    9.999736E-02    8.397641E+01    5.980358E+01    4.565547E+01    0.000000E+00    5.615355E-04    1.215176E+00
    4.542000E+03    7.908599E-01    2.449896E+02    5.564565E+04    1.573165E-05    9.999852E-02    8.396181E+01    5.969946E+01    4.556801E+01    0.000000E+00    5.606947E-04    1.215607E+00
    4.545000E+03    7.905893E-01    2.449710E+02    5.562236E+04    1.573068E-05    1.000000E-01    8.394723E+01    5.959550E+01    4.548070E+01    0.000000E+00    5.598551E-04    1.216038E+00
    4.548000E+03    7.903186E-01    2.449524E+02    5.559906E+04    1.572971E-05    9.999851E-02    8.393242E+01    5.949170E+01    4.539354E+01    0.000000E+00    5.590153E-04    1.216469E+00
    4.551000E+03    7.900480E-01    2.449338E+02    5.557578E+04    1.572875E-05    9.999736E-02    8.391765E+01    5.938806E+01    4.530653E+01    0.000000E+00    5.581768E-04    1.216893E+00
    4.554000E+03    7.897774E-01    2.449152E+02    5.555250E+04    1.572778E-05    9.999653E-02    8.390291E+01    5.928459E+01    4.521968E+01    0.000000E+00    5.573395E-04    1.217317E+00
    4.557000E+03    7.895070E-01    2.448966E+02    5.552923E+04    1.572681E-05    9.999604E-02    8.388819E+01    5.918128E+01    4.513298E+01    0.000000E+00    5.565035E-04    1.217740E+00
    4.560000E+03    7.892367E-01    2.448780E+02    5.550597E+04    1.572584E-05    9.999587E-02    8.387350E+01    5.907813E+01    4.504644E+01    0.000000E+00    5.556687E-04    1.218163E+00
    4.563000E+03    7.889664E-01    2.448594E+02    5.548273E+04    1.572487E-05    9.999604E-02    8.385884E+01    5.897514E+01    4.496004E+01    0.000000E+00    5.548352E-04    1.218586E+00
    4.566000E+03    7.886963E-01    2.448408E+02    5.545949E+04    1.572390E-05    9.999653E-02    8.384421E+01    5.887231E+01    4.487380E+01    0.000000E+00    5.540029E-04    1.219005E+00
    4.569000E+03    7.884262E-01    2.448222E+02    5.543626E+04    1.572294E-05    9.999736E-02    8.382961E+01    5.876965E+01    4.478771E+01    0.000000E+00    5.531719E-04    1.219421E+00
    4.572000E+03    7.881563E-01    2.448036E+02    5.541304E+04    1.572197E-05    9.999851E-02    8.381503E+01    5.866714E+01    4.470177E+01    0.000000E+00    5.523421E-04    1.219836E+00
    4.575000E+03    7.878864E-01    2.447850E+02    5.538983E+04    1.572100E-05    1.000000E-01    8.380049E+01    5.856480E+01    4.461599E+01    0.000000E+00    5.515136E-04    1.220252E+00
    4.578000E+03    7.876164E-01    2.447664E+02    5.536661E+04    1.572003E-05    9.999851E-02    8.378572E+01    5.846261E+01    4.453035E+01    0.000000E+00    5.506848E-04    1.220667E+00
    4.581000E+03    7.873465E-01    2.447478E+02    5.534341E+04    1.571906E-05    9.999735E-02    8.377098E+01    5.836059E+01    4.444487E+01    0.000000E+00    5.498573E-04    1.221082E+00
    4.584000E+03    7.870767E-01    2.447292E+02    5.532021E+04    1.571809E-05    9.999652E-02    8.375627E+01    5.825872E+01    4.435953E+01    0.000000E+00    5.490310E-04    1.221490E+00
    4.587000E+03    7.868070E-01    2.447106E+02    5.529702E+04    1.571712E-05    9.999603E-02    8.374159E+01    5.815702E+01    4.427435E+01    0.000000E+00    5.482060E-04    1.221898E+00
    4.590000E+03    7.865374E-01    2.446920E+02    5.527384E+04    1.571615E-05    9.999586E-02    8.372693E+01    5.805547E+01    4.418932E+01    0.000000E+00    5.473822E-04    1.222305E+00
    4.593000E+03    7.862679E-01    2.446734E+02    5.525067E+04    1.571519E-05    9.999603E-02    8.371231E+01    5.795409E+01    4.410443E+01    0.000000E+00    5.465596E-04    1.222713E+00
    4.596000E+03    7.859984E-01    2.446548E+02    5.522752E+04    1.571422E-05    9.999652E-02    8.369771E+01    5.785286E+01    4.401970E+01    0.000000E+00    5.457383E-04    1.223121E+00
    4.599000E+03    7.857291E-01    2.446362E+02    5.520437E+04    1.571325E-05    9.999735E-02    8.368314E+01    5.775179E+01    4.393512E+01    0.000000E+00    5.449182E-04    1.223523E+00
    4.602000E+03    7.854599E-01    2.446176E+02    5.518123E+04    1.571228E-05    9.999851E-02    8.366860E+01    5.765088E+01    4.385068E+01    0.000000E+00    5.440994E-04    1.223923E+00
    4.605000E+03    7.851907E-01    2.445990E+02    5.515810E+04    1.571131E-05    1.000000E-01    8.365409E+01    5.755013E+01    4.376640E+01    0.000000E+00    5.432817E-04    1.224323E+00
    4.608000E+03    7.849215E-01    2.445804E+02    5.513496E+04    1.571034E-05    9.999851E-02    8.363935E+01    5.744954E+01    4.368226E+01    0.000000E+00    5.424639E-04    1.224723E+00
    4.611000E+03    7.846523E-01    2.445618E+02    5.511183E+04    1.570937E-05    9.999735E-02    8.362465E+01    5.734910E+01    4.359827E+01    0.000000E+00    5.416472E-04    1.225123E+00
    4.614000E+03    7.843832E-01    2.445432E+02    5.508872E+04    1.570840E-05    9.999652E-02    8.360997E+01    5.724883E+01    4.351443E+01    0.000000E+00    5.408318E-04    1.225520E+00
    4.617000E+03    7.841142E-01    2.445246E+02    5.506561E+04    1.570743E-05    9.999602E-02    8.359532E+01    5.714871E+01    4.343074E+01    0.000000E+00    5.400177E-04    1.225913E+00
    4.620000E+03    7.838453E-01    2.445060E+02    5.504251E+04    1.570647E-05    9.999585E-02    8.358070E+01    5.704874E+01    4.334720E+01    0.000000E+00    5.392047E-04    1.226305E+00
    4.623000E+03    7.835764E-01    2.444874E+02    5.501942E+04    1.570550E-05    9.999602E-02    8.356611E+01    5.694894E+01    4.326380E+01    0.000000E+00    5.383930E-04    1.226698E+00
    4.626000E+03    7.833077E-01    2.444688E+02    5.499634E+04    1.570453E-05    9.999651E-02    8.355154E+01    5.684929E+01    4.318055E+01    0.000000E+00    5.375825E-04    1.227090E+00
    4.629000E+03    7.830391E-01    2.444502E+02    5.497327E+04    1.570356E-05    9.999734E-02    8.353701E+01    5.674980E+01    4.309745E+01    0.000000E+00    5.367732E-04    1.227483E+00
    4.632000E+03    7.827706E-01    2.444316E+02    5.495021E+04    1.570259E-05    9.999851E-02    8.352250E+01    5.665046E+01    4.301450E+01    0.000000E+00    5.359652E-04    1.227867E+00
    4.635000E+03    7.825022E-01    2.444130E+02    5.492716E+04    1.570162E-05    1.000000E-01    8.350802E+01    5.655128E+01    4.293169E+01    0.000000E+00    5.351583E-04    1.228252E+00
    4.638000E+03    7.822336E-01    2.443944E+02    5.490410E+04    1.570065E-05    9.999850E-02    8.349332E+01    5.645226E+01    4.284903E+01    0.000000E+00    5.343512E-04    1.228637E+00
    4.641000E+03    7.819651E-01    2.443758E+02    5.488105E+04    1.569968E-05    9.999734E-02    8.347865E+01    5.635339E+01    4.276651E+01    0.000000E+00    5.335454E-04    1.229021E+00
    4.644000E+03    7.816967E-01    2.443572E+02    5.485802E+04    1.569871E-05    9.999651E-02    8.346400E+01    5.625468E+01    4.268414E+01    0.000000E+00    5.327407E-04    1.229406E+00
    4.647000E+03    7.814285E-01    2.443386E+02    5.483499E+04    1.569774E-05    9.999601E-02    8.344939E+01    5.615612E+01    4.260192E+01    0.000000E+00    5.319373E-04    1.229786E+00
    4.650000E+03    7.811603E-01    2.443200E+02    5.481197E+04    1.569677E-05    9.999584E-02    8.343480E+01    5.605772E+01    4.251984E+01    0.000000E+00    5.311351E-04    1.230163E+00
    4.653000E+03    7.808922E-01    2.443014E+02    5.478896E+04    1.569580E-05    9.999601E-02    8.342024E+01    5.595948E+01    4.243791E+01    0.000000E+00    5.303341E-04    1.230540E+00
    4.656000E+03    7.806242E-01    2.442828E+02    5.476596E+04    1.569483E-05    9.999651E-02    8.340571E+01    5.586138E+01    4.235612E+01    0.000000E+00    5.295343E-04    1.230917E+00
    4.659000E+03    7.803563E-01    2.442642E+02    5.474297E+04    1.569387E-05    9.999734E-02    8.339121E+01    5.576345E+01    4.227448E+01    0.000000E+00    5.287357E-04    1.231294E+00
    4.662000E+03    7.800885E-01    2.442456E+02    5.471999E+04    1.569290E-05    9.999850E-02    8.337674E+01    5.566566E+01    4.219298E+01    0.000000E+00    5.279383E-04    1.231669E+00
    4.665000E+03    7.798207E-01    2.442270E+02    5.469702E+04    1.569193E-05    1.000000E-01    8.336229E+01    5.556804E+01    4.211163E+01    0.000000E+00    5.271421E-04    1.232038E+00
    4.668000E+03    7.795529E-01    2.442084E+02    5.467404E+04    1.569096E-05    9.999850E-02    8.334763E+01    5.547056E+01    4.203042E+01    0.000000E+00    5.263457E-04    1.232408E+00
    4.671000E+03    7.792851E-01    2.441898E+02    5.465107E+04    1.568999E-05    9.999733E-02    8.333299E+01    5.537324E+01    4.194935E+01    0.000000E+00    5.255505E-04    1.232777E+00
    4.674000E+03    7.790174E-01    2.441712E+02    5.462811E+04    1.568902E-05    9.999650E-02    8.331838E+01    5.527607E+01    4.186843E+01    0.000000E+00    5.247565E-04    1.233146E+00
    4.677000E+03    7.787499E-01    2.441526E+02    5.460516E+04    1.568805E-05    9.999600E-02    8.330379E+01    5.517906E+01    4.178765E+01    0.000000E+00    5.239637E-04    1.233515E+00
    4.680000E+03    7.784824E-01    2.441340E+02    5.458222E+04    1.568708E-05    9.999583E-02    8.328924E+01    5.508219E+01    4.170701E+01    0.000000E+00    5.231720E-04    1.233878E+00
    4.683000E+03    7.782150E-01    2.441154E+02    5.455929E+04    1.568611E-05    9.999600E-02    8.327472E+01    5.498548E+01    4.162652E+01    0.000000E+00    5.223816E-04    1.234240E+00
    4.686000E+03    7.779477E-01    2.440968E+02    5.453637E+04    1.568514E-05    9.999650E-02    8.326022E+01    5.488893E+01    4.154617E+01    0.000000E+00    5.215924E-04    1.234601E+00
    4.689000E+03    7.776805E-01    2.440782E+02    5.451346E+04    1.568417E-05    9.999733E-02    8.324575E+01    5.479252E+01    4.146596E+01    0.000000E+00    5.208044E-04    1.234963E+00
    4.692000E+03    7.774134E-01    2.440596E+02    5.449056E+04    1.568320E-05    9.999850E-02    8.323131E+01    5.469627E+01    4.138590E+01    0.000000E+00    5.200175E-04    1.235324E+00
    4.695000E+03    7.771464E-01    2.440410E+02    5.446766E+04    1.568223E-05    1.000000E-01    8.321690E+01    5.460017E+01    4.130597E+01    0.000000E+00    5.192319E-04    1.235682E+00
    4.698000E+03    7.768793E-01    2.440224E+02    5.444476E+04    1.568126E-05    9.999850E-02    8.320227E+01    5.450422E+01    4.122619E+01    0.000000E+00    5.184460E-04    1.236036E+00
    4.701000E+03    7.766122E-01    2.440038E+02    5.442187E+04    1.568029E-05    9.999733E-02    8.318766E+01    5.440843E+01    4.114655E+01    0.000000E+00    5.176613E-04    1.236390E+00
    4.704000E+03    7.763453E-01    2.439852E+02    5.439899E+04    1.567932E-05    9.999649E-02    8.317308E+01    5.431278E+01    4.106705E+01    0.000000E+00    5.168778E-04    1.236744E+00
    4.707000E+03    7.760784E-01    2.439666E+02    5.437612E+04    1.567835E-05    9.999599E-02    8.315854E+01    5.421729E+01    4.098770E+01    0.000000E+00    5.160955E-04    1.237098E+00
    4.710000E+03    7.758116E-01    2.439480E+02    5.435326E+04    1.567738E-05    9.999582E-02    8.314402E+01    5.412194E+01    4.090848E+01    0.000000E+00    5.153144E-04    1.237451E+00
    4.713000E+03    7.755450E-01    2.439294E+02    5.433041E+04    1.567641E-05    9.999599E-02    8.312953E+01    5.402675E+01    4.082940E+01    0.000000E+00    5.145345E-04    1.237797E+00
    4.716000E+03    7.752784E-01    2.439108E+02    5.430757E+04    1.567544E-05    9.999649E-02    8.311506E+01    5.393171E+01    4.075047E+01    0.000000E+00    5.137557E-04    1.238143E+00
    4.719000E+03    7.750119E-01    2.438922E+02    5.428474E+04    1.567447E-05    9.999733E-02    8.310063E+01    5.383681E+01    4.067167E+01    0.000000E+00    5.129781E-04    1.238490E+00
    4.722000E+03    7.747455E-01    2.438736E+02    5.426191E+04    1.567350E-05    9.999850E-02    8.308622E+01    5.374207E+01    4.059302E+01    0.000000E+00    5.122017E-04    1.238836E+00
    4.725000E+03    7.744792E-01    2.438550E+02    5.423910E+04    1.567253E-05    1.000000E-01    8.307185E+01    5.364748E+01    4.051450E+01    0.000000E+00    5.114265E-04    1.239182E+00
    4.728000E+03    7.742128E-01    2.438364E+02    5.421628E+04    1.567156E-05    9.999849E-02    8.305725E+01    5.355304E+01    4.043613E+01    0.000000E+00    5.106510E-04    1.239522E+00
    4.731000E+03    7.739464E-01    2.438178E+02    5.419347E+04    1.567059E-05    9.999732E-02    8.304267E+01    5.345874E+01    4.035789E+01    0.000000E+00    5.098768E-04    1.239861E+00
    4.734000E+03    7.736802E-01    2.437992E+02    5.417067E+04    1.566962E-05    9.999648E-02    8.302813E+01    5.336460E+01    4.027979E+01    0.000000E+00    5.091037E-04    1.240199E+00
    4.737000E+03    7.734140E-01    2.437806E+02    5.414787E+04    1.566865E-05    9.999598E-02    8.301362E+01    5.327060E+01    4.020183E+01    0.000000E+00    5.083317E-04    1.240538E+00
    4.740000E+03    7.731480E-01    2.437620E+02    5.412509E+04    1.566768E-05    9.999581E-02    8.299913E+01    5.317676E+01    4.012401E+01    0.000000E+00    5.075610E-04    1.240876E+00
    4.743000E+03    7.728820E-01    2.437434E+02    5.410232E+04    1.566671E-05    9.999598E-02    8.298467E+01    5.308306E+01    4.004633E+01    0.000000E+00    5.067914E-04    1.241212E+00
    4.746000E+03    7.726162E-01    2.437248E+02    5.407956E+04    1.566574E-05    9.999648E-02    8.297024E+01    5.298951E+01    3.996879E+01    0.000000E+00    5.060230E-04    1.241543E+00
    4.749000E+03    7.723504E-01    2.437062E+02    5.405680E+04    1.566476E-05    9.999732E-02    8.295584E+01    5.289611E+01    3.989138E+01    0.000000E+00    5.052557E-04    1.241874E+00
    4.752000E+03    7.720847E-01    2.436876E+02    5.403406E+04    1.566379E-05    9.999849E-02    8.294147E+01    5.280285E+01    3.981411E+01    0.000000E+00    5.044896E-04    1.242204E+00
    4.755000E+03    7.718191E-01    2.436690E+02    5.401132E+04    1.566282E-05    1.000000E-01    8.292713E+01    5.270975E+01    3.973698E+01    0.000000E+00    5.037247E-04    1.242535E+00
    4.758000E+03    7.715534E-01    2.436504E+02    5.398858E+04    1.566185E-05    9.999849E-02    8.291256E+01    5.261679E+01    3.965999E+01    0.000000E+00    5.029595E-04    1.242866E+00
    4.761000E+03    7.712878E-01    2.436318E+02    5.396585E+04    1.566088E-05    9.999731E-02    8.289802E+01    5.252398E+01    3.958313E+01    0.000000E+00    5.021956E-04    1.243189E+00
    4.764000E+03    7.710222E-01    2.436132E+02    5.394313E+04    1.565991E-05    9.999647E-02    8.288351E+01    5.243132E+01    3.950642E+01    0.000000E+00    5.014327E-04    1.243512E+00
    4.767000E+03    7.707568E-01    2.435946E+02    5.392041E+04    1.565894E-05    9.999597E-02    8.286903E+01    5.233880E+01    3.942983E+01    0.000000E+00    5.006711E-04    1.243835E+00
    4.770000E+03    7.704914E-01    2.435760E+02    5.389771E+04    1.565797E-05    9.999580E-02    8.285458E+01    5.224643E+01    3.935339E+01    0.000000E+00    4.999106E-04    1.244158E+00
    4.773000E+03    7.702262E-01    2.435574E+02    5.387501E+04    1.565700E-05    9.999597E-02    8.284016E+01    5.215421E+01    3.927708E+01    0.000000E+00    4.991512E-04    1.244481E+00
    4.776000E+03    7.699610E-01    2.435388E+02    5.385233E+04    1.565603E-05    9.999647E-02    8.282576E+01    5.206213E+01    3.920090E+01    0.000000E+00    4.983930E-04    1.244800E+00
    4.779000E+03    7.696959E-01    2.435202E+02    5.382965E+04    1.565506E-05    9.999731E-02    8.281140E+01    5.197020E+01    3.912486E+01    0.000000E+00    4.976360E-04    1.245115E+00
    4.782000E+03    7.694310E-01    2.435016E+02    5.380699E+04    1.565409E-05    9.999849E-02    8.279706E+01    5.187841E+01    3.904896E+01    0.000000E+00    4.968801E-04    1.245431E+00
    4.785000E+03    7.691661E-01    2.434830E+02    5.378433E+04    1.565312E-05    1.000000E-01    8.278275E+01    5.178677E+01    3.897319E+01    0.000000E+00    4.961253E-04    1.245746E+00
    4.788000E+03    7.689011E-01    2.434644E+02    5.376167E+04    1.565214E-05    9.999849E-02    8.276821E+01    5.169528E+01    3.889756E+01    0.000000E+00    4.953704E-04    1.246062E+00
    4.791000E+03    7.686361E-01    2.434458E+02    5.373901E+04    1.565117E-05    9.999731E-02    8.275371E+01    5.160393E+01    3.882207E+01    0.000000E+00    4.946165E-04    1.246375E+00
    4.794000E+03    7.683713E-01    2.434272E+02    5.371637E+04    1.565020E-05    9.999647E-02    8.273923E+01    5.151273E+01    3.874670E+01    0.000000E+00    4.938639E-04    1.246683E+00
    4.797000E+03    7.681066E-01    2.434086E+02    5.369373E+04    1.564923E-05    9.999596E-02    8.272479E+01    5.142167E+01    3.867147E+01    0.000000E+00    4.931124E-04    1.246991E+00
    4.800000E+03    7.678419E-01    2.433900E+02    5.367111E+04    1.564826E-05    9.999579E-02    8.271037E+01    5.133075E+01    3.859638E+01    0.000000E+00    4.923620E-04    1.247298E+00
    4.803000E+03    7.675774E-01    2.433714E+02    5.364849E+04    1.564729E-05    9.999596E-02    8.269598E+01    5.123999E+01    3.852142E+01    0.000000E+00    4.916128E-04    1.247606E+00
    4.806000E+03    7.673129E-01    2.433528E+02    5.362589E+04    1.564632E-05    9.999646E-02    8.268162E+01    5.114936E+01    3.844659E+01    0.000000E+00    4.908647E-04    1.247914E+00
    4.809000E+03    7.670486E-01    2.433342E+02    5.360329E+04    1.564535E-05    9.999731E-02    8.266728E+01    5.105888E+01    3.837190E+01    0.000000E+00    4.901177E-04    1.248215E+00
    4.812000E+03    7.667843E-01    2.433156E+02    5.358070E+04    1.564438E-05    9.999848E-02    8.265298E+01    5.096854E+01    3.829734E+01    0.000000E+00    4.893719E-04    1.248515E+00
    4.815000E+03    7.665201E-01    2.432970E+02    5.355812E+04    1.564341E-05    1.000000E-01    8.263870E+01    5.087835E+01    3.822292E+01    0.000000E+00    4.886272E-04    1.248815E+00
    4.818000E+03    7.662558E-01    2.432784E+02    5.353554E+04    1.564243E-05    9.999848E-02    8.262420E+01    5.078830E+01    3.814862E+01    0.000000E+00    4.878823E-04    1.249115E+00
    4.821000E+03    7.659916E-01    2.432598E+02    5.351296E+04    1.564146E-05    9.999730E-02    8.260973E+01    5.069839E+01    3.807446E+01    0.000000E+00    4.871386E-04    1.249415E+00
    4.824000E+03    7.657275E-01    2.432412E+02    5.349039E+04    1.564049E-05    9.999646E-02    8.259529E+01    5.060863E+01    3.800043E+01    0.000000E+00    4.863960E-04    1.249711E+00
    4.827000E+03    7.654634E-01    2.432226E+02    5.346784E+04    1.563952E-05    9.999595E-02    8.258088E+01    5.051901E+01    3.792654E+01    0.000000E+00    4.856545E-04    1.250003E+00
    4.830000E+03    7.651995E-01    2.432040E+02    5.344529E+04    1.563855E-05    9.999578E-02    8.256649E+01    5.042953E+01    3.785278E+01    0.000000E+00    4.849141E-04    1.250296E+00
    4.833000E+03    7.649357E-01    2.431854E+02    5.342275E+04    1.563758E-05    9.999595E-02    8.255214E+01    5.034019E+01    3.777914E+01    0.000000E+00    4.841749E-04    1.250588E+00
    4.836000E+03    7.646719E-01    2.431668E+02    5.340022E+04    1.563661E-05    9.999646E-02    8.253781E+01    5.025100E+01    3.770564E+01    0.000000E+00    4.834368E-04    1.250880E+00
    4.839000E+03    7.644083E-01    2.431482E+02    5.337770E+04    1.563563E-05    9.999730E-02    8.252351E+01    5.016195E+01    3.763227E+01    0.000000E+00    4.826998E-04    1.251144E+00
    4.842000E+03    7.641447E-01    2.431296E+02    5.335519E+04    1.563466E-05    9.999848E-02    8.250924E+01    5.007304E+01    3.755904E+01    0.000000E+00    4.819640E-04    1.251144E+00
    4.845000E+03    7.638812E-01    2.431110E+02    5.333269E+04    1.563369E-05    1.000000E-01    8.249500E+01    4.998427E+01    3.748593E+01    0.000000E+00    4.812292E-04    1.251144E+00
    4.848000E+03    7.636176E-01    2.430924E+02    5.331019E+04    1.563272E-05    9.999848E-02    8.248053E+01    4.989564E+01    3.741295E+01    0.000000E+00    4.804943E-04    1.251144E+00
    4.851000E+03    7.633541E-01    2.430738E+02    5.328769E+04    1.563175E-05    9.999729E-02    8.246610E+01    4.980716E+01    3.734011E+01    0.000000E+00    4.797605E-04    1.251144E+00
    4.854000E+03    7.630907E-01    2.430552E+02    5.326520E+04    1.563078E-05    9.999645E-02    8.245169E+01    4.971881E+01    3.726739E+01    0.000000E+00    4.790278E-04    1.251144E+00
    4.857000E+03    7.628273E-01    2.430366E+02    5.324272E+04    1.562980E-05    9.999594E-02    8.243731E+01    4.963061E+01    3.719481E+01    0.000000E+00    4.782962E-04    1.251144E+00
    4.860000E+03    7.625641E-01    2.430180E+02    5.322025E+04    1.562883E-05    9.999577E-02    8.242296E+01    4.954255E+01    3.712235E+01    0.000000E+00    4.775658E-04    1.251144E+00
    4.863000E+03    7.623010E-01    2.429994E+02    5.319779E+04    1.562786E-05    9.999594E-02    8.240863E+01    4.945463E+01    3.705003E+01    0.000000E+00    4.768364E-04    1.251144E+00
    4.866000E+03    7.620379E-01    2.429808E+02    5.317534E+04    1.562689E-05    9.999645E-02    8.239434E+01    4.936685E+01    3.697783E+01    0.000000E+00    4.761082E-04    1.251144E+00
    4.869000E+03    7.617750E-01    2.429622E+02    5.315290E+04    1.562592E-05    9.999729E-02    8.238007E+01    4.927920E+01    3.690577E+01    0.000000E+00    4.753811E-04    1.251144E+00
    4.872000E+03    7.615121E-01    2.429436E+02    5.313047E+04    1.562495E-05    9.999848E-02    8.236584E+01    4.919170E+01    3.683383E+01    0.000000E+00    4.746551E-04    1.251144E+00
    4.875000E+03    7.612494E-01    2.429250E+02    5.310804E+04    1.562397E-05    1.000000E-01    8.235163E+01    4.910434E+01    3.676202E+01    0.000000E+00    4.739302E-04    1.251144E+00
    4.878000E+03    7.609865E-01    2.429064E+02    5.308561E+04    1.562300E-05    9.999847E-02    8.233720E+01    4.901712E+01    3.669034E+01    0.000000E+00    4.732051E-04    1.251144E+00
    4.881000E+03    7.607236E-01    2.428878E+02    5.306319E+04    1.562203E-05    9.999729E-02    8.232279E+01    4.893003E+01    3.661879E+01    0.000000E+00    4.724811E-04    1.251144E+00
    4.884000E+03    7.604609E-01    2.428692E+02    5.304078E+04    1.562106E-05    9.999644E-02    8.230842E+01    4.884309E+01    3.654737E+01    0.000000E+00    4.717583E-04    1.251144E+00
    4.887000E+03    7.601983E-01    2.428506E+02    5.301838E+04    1.562009E-05    9.999593E-02    8.229407E+01    4.875628E+01    3.647607E+01    0.000000E+00    4.710365E-04    1.251144E+00
    4.890000E+03    7.599358E-01    2.428320E+02    5.299599E+04    1.561911E-05    9.999576E-02    8.227976E+01    4.866962E+01    3.640491E+01    0.000000E+00    4.703158E-04    1.251144E+00
    4.893000E+03    7.596733E-01    2.428134E+02    5.297361E+04    1.561814E-05    9.999593E-02    8.226547E+01    4.858309E+01    3.633387E+01    0.000000E+00    4.695963E-04    1.251144E+00
    4.896000E+03    7.594110E-01    2.427948E+02    5.295123E+04    1.561717E-05    9.999644E-02    8.225121E+01    4.849670E+01    3.626296E+01    0.000000E+00    4.688778E-04    1.251144E+00
    4.899000E+03    7.591488E-01    2.427762E+02    5.292887E+04    1.561620E-05    9.999729E-02    8.223698E+01    4.841045E+01    3.619217E+01    0.000000E+00    4.681605E-04    1.251144E+00
    4.902000E+03    7.588866E-01    2.427576E+02    5.290652E+04    1.561522E-05    9.999847E-02    8.222277E+01    4.832434E+01    3.612151E+01    0.000000E+00    4.674442E-04    1.251144E+00
    4.905000E+03    7.586245E-01    2.427390E+02    5.288417E+04    1.561425E-05    1.000000E-01    8.220860E+01    4.823836E+01    3.605098E+01    0.000000E+00    4.667290E-04    1.251144E+00
    4.908000E+03    7.583623E-01    2.427204E+02    5.286182E+04    1.561328E-05    9.999847E-02    8.219420E+01    4.815252E+01    3.598058E+01    0.000000E+00    4.660137E-04    1.251144E+00
    4.911000E+03    7.581002E-01    2.427018E+02    5.283948E+04    1.561231E-05    9.999728E-02    8.217983E+01    4.806682E+01    3.591030E+01    0.000000E+00    4.652994E-04    1.251144E+00
    4.914000E+03    7.578382E-01    2.426832E+02    5.281714E+04    1.561134E-05    9.999643E-02    8.216549E+01    4.798126E+01    3.584015E+01    0.000000E+00    4.645862E-04    1.251144E+00
    4.917000E+03    7.575763E-01    2.426646E+02    5.279482E+04    1.561036E-05    9.999592E-02    8.215118E+01    4.789583E+01    3.577012E+01    0.000000E+00    4.638741E-04    1.251144E+00
    4.920000E+03    7.573145E-01    2.426460E+02    5.277250E+04    1.560939E-05    9.999575E-02    8.213689E+01    4.781054E+01    3.570022E+01    0.000000E+00    4.631632E-04    1.251144E+00
    4.923000E+03    7.570527E-01    2.426274E+02    5.275020E+04    1.560842E-05    9.999592E-02    8.212264E+01    4.772539E+01    3.563045E+01    0.000000E+00    4.624533E-04    1.251144E+00
    4.926000E+03    7.567911E-01    2.426088E+02    5.272790E+04    1.560745E-05    9.999643E-02    8.210841E+01    4.764037E+01    3.556080E+01    0.000000E+00    4.617445E-04    1.251144E+00
    4.929000E+03    7.565295E-01    2.425902E+02    5.270562E+04    1.560647E-05    9.999728E-02    8.209422E+01    4.755549E+01    3.549127E+01    0.000000E+00    4.610367E-04    1.251144E+00
    4.932000E+03    7.562681E-01    2.425716E+02    5.268334E+04    1.560550E-05    9.999847E-02    8.208005E+01    4.747074E+01    3.542187E+01    0.000000E+00    4.603301E-04    1.251144E+00
    4.935000E+03    7.560067E-01    2.425530E+02    5.266107E+04    1.560453E-05    1.000000E-01    8.206591E+01    4.738613E+01    3.535260E+01    0.000000E+00    4.596245E-04    1.251144E+00
    4.938000E+03    7.557452E-01    2.425344E+02    5.263880E+04    1.560356E-05    9.999847E-02    8.205154E+01    4.730166E+01    3.528345E+01    0.000000E+00    4.589188E-04    1.251144E+00
    4.941000E+03    7.554838E-01    2.425158E+02    5.261653E+04    1.560258E-05    9.999727E-02    8.203721E+01    4.721732E+01    3.521443E+01    0.000000E+00    4.582141E-04    1.251144E+00
    4.944000E+03    7.552225E-01    2.424972E+02    5.259428E+04    1.560161E-05    9.999642E-02    8.202290E+01    4.713312E+01    3.514552E+01    0.000000E+00    4.575106E-04    1.251144E+00
    4.947000E+03    7.549613E-01    2.424786E+02    5.257203E+04    1.560064E-05    9.999591E-02    8.200862E+01    4.704905E+01    3.507675E+01    0.000000E+00    4.568081E-04    1.251144E+00
    4.950000E+03    7.547002E-01    2.424600E+02    5.254979E+04    1.559966E-05    9.999574E-02    8.199437E+01    4.696512E+01    3.500809E+01    0.000000E+00    4.561066E-04    1.251144E+00
    4.953000E+03    7.544391E-01    2.424414E+02    5.252756E+04    1.559869E-05    9.999591E-02    8.198015E+01    4.688132E+01    3.493956E+01    0.000000E+00    4.554063E-04    1.251144E+00
    4.956000E+03    7.541782E-01    2.424228E+02    5.250534E+04    1.559772E-05    9.999642E-02    8.196596E+01    4.679766E+01    3.487116E+01    0.000000E+00    4.547070E-04    1.251144E+00
    4.959000E+03    7.539173E-01    2.424042E+02    5.248314E+04    1.559675E-05    9.999727E-02    8.195179E+01    4.671413E+01    3.480287E+01    0.000000E+00    4.540088E-04    1.251144E+00
    4.962000E+03    7.536566E-01    2.423856E+02    5.246094E+04    1.559577E-05    9.999847E-02    8.193766E+01    4.663073E+01    3.473471E+01    0.000000E+00    4.533117E-04    1.251144E+00
    4.965000E+03    7.533959E-01    2.423670E+02    5.243875E+04    1.559480E-05    1.000000E-01    8.192355E+01    4.654747E+01    3.466667E+01    0.000000E+00    4.526156E-04    1.251144E+00
    4.968000E+03    7.531351E-01    2.423484E+02    5.241655E+04    1.559383E-05    9.999846E-02    8.190922E+01    4.646434E+01    3.459876E+01    0.000000E+00    4.519194E-04    1.251144E+00
    4.971000E+03    7.528744E-01    2.423298E+02    5.239436E+04    1.559285E-05    9.999727E-02    8.189492E+01    4.638135E+01    3.453096E+01    0.000000E+00    4.512242E-04    1.251144E+00
    4.974000E+03    7.526138E-01    2.423112E+02    5.237218E+04    1.559188E-05    9.999641E-02    8.188065E+01    4.629849E+01    3.446329E+01    0.000000E+00    4.505301E-04    1.251144E+00
    4.977000E+03    7.523533E-01    2.422926E+02    5.235001E+04    1.559091E-05    9.999590E-02    8.186640E+01    4.621576E+01    3.439574E+01    0.000000E+00    4.498371E-04    1.251144E+00
    4.980000E+03    7.520928E-01    2.422740E+02    5.232785E+04    1.558994E-05    9.999573E-02    8.185219E+01    4.613316E+01    3.432832E+01    0.000000E+00    4.491451E-04    1.251144E+00
    4.983000E+03    7.518325E-01    2.422554E+02    5.230570E+04    1.558896E-05    9.999590E-02    8.183800E+01    4.605070E+01    3.426101E+01    0.000000E+00    4.484542E-04    1.251144E+00
    4.986000E+03    7.515723E-01    2.422368E+02    5.228356E+04    1.558799E-05    9.999641E-02    8.182384E+01    4.596837E+01    3.419383E+01    0.000000E+00    4.477644E-04    1.251144E+00
    4.989000E+03    7.513121E-01    2.422182E+02    5.226143E+04    1.558702E-05    9.999727E-02    8.180971E+01    4.588617E+01    3.412676E+01    0.000000E+00    4.470756E-04    1.251144E+00
    4.992000E+03    7.510521E-01    2.421996E+02    5.223930E+04    1.558604E-05    9.999846E-02    8.179561E+01    4.580411E+01    3.405982E+01    0.000000E+00    4.463879E-04    1.251144E+00
    4.995000E+03    7.507921E-01    2.421810E+02    5.221719E+04    1.558507E-05    1.000000E-01    8.178154E+01    4.572218E+01    3.399300E+01    0.000000E+00    4.457013E-04    1.251144E+00
    4.998000E+03    7.505320E-01    2.421624E+02    5.219507E+04    1.558410E-05    9.999846E-02    8.176724E+01    4.564037E+01    3.392630E+01    0.000000E+00    4.450144E-04    1.251144E+00
    5.001000E+03    7.502720E-01    2.421438E+02    5.217296E+04    1.558312E-05    9.999726E-02    8.175297E+01    4.555870E+01    3.385972E+01    0.000000E+00    4.443286E-04    1.251144E+00
    5.004000E+03    7.500121E-01    2.421252E+02    5.215085E+04    1.558215E-05    9.999641E-02    8.173873E+01    4.547717E+01    3.379326E+01    0.000000E+00    4.436439E-04    1.251144E+00
    5.007000E+03    7.497523E-01    2.421066E+02    5.212876E+04    1.558118E-05    9.999589E-02    8.172452E+01    4.539576E+01    3.372691E+01    0.000000E+00    4.429602E-04    1.251144E+00
    5.010000E+03    7.494925E-01    2.420880E+02    5.210668E+04    1.558020E-05    9.999572E-02    8.171034E+01    4.531448E+01    3.366069E+01    0.000000E+00    4.422776E-04    1.251144E+00
    5.013000E+03    7.492329E-01    2.420694E+02    5.208460E+04    1.557923E-05    9.999589E-02    8.169619E+01    4.523334E+01    3.359459E+01    0.000000E+00    4.415960E-04    1.251144E+00
    5.016000E+03    7.489734E-01    2.420508E+02    5.206254E+04    1.557826E-05    9.999640E-02    8.168206E+01    4.515232E+01    3.352861E+01    0.000000E+00    4.409155E-04    1.251144E+00
    5.019000E+03    7.487139E-01    2.420322E+02    5.204048E+04    1.557728E-05    9.999726E-02    8.166797E+01    4.507144E+01    3.346275E+01    0.000000E+00    4.402360E-04    1.251144E+00
    5.022000E+03    7.484546E-01    2.420136E+02    5.201844E+04    1.557631E-05    9.999846E-02    8.165390E+01    4.499069E+01    3.339700E+01    0.000000E+00    4.395576E-04    1.251144E+00
    5.025000E+03    7.481953E-01    2.419950E+02    5.199640E+04    1.557533E-05    1.000000E-01    8.163986E+01    4.491006E+01    3.333138E+01    0.000000E+00    4.388803E-04    1.251144E+00
    5.028000E+03    7.479359E-01    2.419764E+02    5.197436E+04    1.557436E-05    9.999846E-02    8.162560E+01    4.482957E+01    3.326587E+01    0.000000E+00    4.382027E-04    1.251144E+00
    5.031000E+03    7.476766E-01    2.419578E+02    5.195232E+04    1.557339E-05    9.999725E-02    8.161136E+01    4.474921E+01    3.320048E+01    0.000000E+00    4.375262E-04    1.251144E+00
    5.034000E+03    7.474173E-01    2.419392E+02    5.193030E+04    1.557241E-05    9.999640E-02    8.159716E+01    4.466897E+01    3.313521E+01    0.000000E+00    4.368507E-04    1.251144E+00
    5.037000E+03    7.471582E-01    2.419206E+02    5.190828E+04    1.557144E-05    9.999588E-02    8.158298E+01    4.458887E+01    3.307006E+01    0.000000E+00    4.361763E-04    1.251144E+00
    5.040000E+03    7.468992E-01    2.419020E+02    5.188627E+04    1.557047E-05    9.999571E-02    8.156883E+01    4.450889E+01    3.300502E+01    0.000000E+00    4.355029E-04    1.251144E+00
    5.043000E+03    7.466402E-01    2.418834E+02    5.186428E+04    1.556949E-05    9.999588E-02    8.155471E+01    4.442905E+01    3.294011E+01    0.000000E+00    4.348306E-04    1.251144E+00
    5.046000E+03    7.463814E-01    2.418648E+02    5.184229E+04    1.556852E-05    9.999640E-02    8.154062E+01    4.434933E+01    3.287531E+01    0.000000E+00    4.341593E-04    1.251144E+00
    5.049000E+03    7.461227E-01    2.418462E+02    5.182031E+04    1.556754E-05    9.999725E-02    8.152656E+01    4.426974E+01    3.281063E+01    0.000000E+00    4.334890E-04    1.251144E+00
    5.052000E+03    7.458640E-01    2.418276E+02    5.179834E+04    1.556657E-05    9.999846E-02    8.151253E+01    4.419028E+01    3.274606E+01    0.000000E+00    4.328198E-04    1.251144E+00
    5.055000E+03    7.456054E-01    2.418090E+02    5.177638E+04    1.556560E-05    1.000000E-01    8.149852E+01    4.411095E+01    3.268161E+01    0.000000E+00    4.321516E-04    1.251144E+00
    5.058000E+03    7.453467E-01    2.417904E+02    5.175441E+04    1.556462E-05    9.999845E-02    8.148429E+01    4.403175E+01    3.261728E+01    0.000000E+00    4.314832E-04    1.251144E+00
    5.061000E+03    7.450881E-01    2.417718E+02    5.173245E+04    1.556365E-05    9.999725E-02    8.147009E+01    4.395267E+01    3.255306E+01    0.000000E+00    4.308159E-04    1.251144E+00
    5.064000E+03    7.448296E-01    2.417532E+02    5.171050E+04    1.556267E-05    9.999639E-02    8.145592E+01    4.387372E+01    3.248897E+01    0.000000E+00    4.301495E-04    1.251144E+00
    5.067000E+03    7.445711E-01    2.417346E+02    5.168856E+04    1.556170E-05    9.999587E-02    8.144178E+01    4.379490E+01    3.242498E+01    0.000000E+00    4.294843E-04    1.251144E+00
    5.070000E+03    7.443128E-01    2.417160E+02    5.166663E+04    1.556073E-05    9.999570E-02    8.142766E+01    4.371621E+01    3.236111E+01    0.000000E+00    4.288200E-04    1.251144E+00
    5.073000E+03    7.440546E-01    2.416974E+02    5.164471E+04    1.555975E-05    9.999587E-02    8.141358E+01    4.363764E+01    3.229736E+01    0.000000E+00    4.281568E-04    1.251144E+00
    5.076000E+03    7.437964E-01    2.416788E+02    5.162280E+04    1.555878E-05    9.999639E-02    8.139952E+01    4.355921E+01    3.223373E+01    0.000000E+00    4.274946E-04    1.251144E+00
    5.079000E+03    7.435384E-01    2.416602E+02    5.160090E+04    1.555780E-05    9.999725E-02    8.138549E+01    4.348089E+01    3.217021E+01    0.000000E+00    4.268334E-04    1.251144E+00
    5.082000E+03    7.432804E-01    2.416416E+02    5.157900E+04    1.555683E-05    9.999845E-02    8.137149E+01    4.340271E+01    3.210680E+01    0.000000E+00    4.261733E-04    1.251144E+00
    5.085000E+03    7.430225E-01    2.416230E+02    5.155712E+04    1.555586E-05    1.000000E-01    8.135752E+01    4.332465E+01    3.204351E+01    0.000000E+00    4.255141E-04    1.251144E+00
    5.088000E+03    7.427645E-01    2.416044E+02    5.153523E+04    1.555488E-05    9.999845E-02    8.134333E+01    4.324672E+01    3.198033E+01    0.000000E+00    4.248548E-04    1.251144E+00
    5.091000E+03    7.425066E-01    2.415858E+02    5.151335E+04    1.555391E-05    9.999724E-02    8.132916E+01    4.316891E+01    3.191727E+01    0.000000E+00    4.241965E-04    1.251144E+00
    5.094000E+03    7.422488E-01    2.415672E+02    5.149147E+04    1.555293E-05    9.999638E-02    8.131502E+01    4.309123E+01    3.185433E+01    0.000000E+00    4.235393E-04    1.251144E+00
    5.097000E+03    7.419910E-01    2.415486E+02    5.146961E+04    1.555196E-05    9.999586E-02    8.130091E+01    4.301368E+01    3.179149E+01    0.000000E+00    4.228830E-04    1.251144E+00
    5.100000E+03    7.417334E-01    2.415300E+02    5.144776E+04    1.555098E-05    9.999569E-02    8.128683E+01    4.293625E+01    3.172877E+01    0.000000E+00    4.222278E-04    1.251144E+00
    5.103000E+03    7.414758E-01    2.415114E+02    5.142591E+04    1.555001E-05    9.999586E-02    8.127278E+01    4.285894E+01    3.166617E+01    0.000000E+00    4.215736E-04    1.251144E+00
    5.106000E+03    7.412184E-01    2.414928E+02    5.140407E+04    1.554903E-05    9.999638E-02    8.125876E+01    4.278176E+01    3.160368E+01    0.000000E+00    4.209204E-04    1.251144E+00
    5.109000E+03    7.409610E-01    2.414742E+02    5.138225E+04    1.554806E-05    9.999724E-02    8.124476E+01    4.270471E+01    3.154130E+01    0.000000E+00    4.202682E-04    1.251144E+00
    5.112000E+03    7.407037E-01    2.414556E+02    5.136043E+04    1.554709E-05    9.999845E-02    8.123080E+01    4.262778E+01    3.147903E+01    0.000000E+00    4.196170E-04    1.251144E+00
    5.115000E+03    7.404466E-01    2.414370E+02    5.133862E+04    1.554611E-05    1.000000E-01    8.121686E+01    4.255098E+01    3.141688E+01    0.000000E+00    4.189669E-04    1.251144E+00
    5.118000E+03    7.401892E-01    2.414184E+02    5.131681E+04    1.554514E-05    9.999844E-02    8.120270E+01    4.247430E+01    3.135484E+01    0.000000E+00    4.183165E-04    1.251144E+00
    5.121000E+03    7.399320E-01    2.413998E+02    5.129500E+04    1.554416E-05    9.999724E-02    8.118857E+01    4.239775E+01    3.129292E+01    0.000000E+00    4.176672E-04    1.251144E+00
    5.124000E+03    7.396749E-01    2.413812E+02    5.127320E+04    1.554319E-05    9.999637E-02    8.117446E+01    4.232131E+01    3.123110E+01    0.000000E+00    4.170189E-04    1.251144E+00
    5.127000E+03    7.394178E-01    2.413626E+02    5.125142E+04    1.554221E-05    9.999585E-02    8.116039E+01    4.224501E+01    3.116940E+01    0.000000E+00    4.163716E-04    1.251144E+00
    5.130000E+03    7.391609E-01    2.413440E+02    5.122964E+04    1.554124E-05    9.999568E-02    8.114634E+01    4.216883E+01    3.110781E+01    0.000000E+00    4.157253E-04    1.251144E+00
    5.133000E+03    7.389040E-01    2.413254E+02    5.120787E+04    1.554026E-05    9.999585E-02    8.113232E+01    4.209277E+01    3.104633E+01    0.000000E+00    4.150800E-04    1.251144E+00
    5.136000E+03    7.386473E-01    2.413068E+02    5.118611E+04    1.553929E-05    9.999637E-02    8.111833E+01    4.201683E+01    3.098497E+01    0.000000E+00    4.144357E-04    1.251144E+00
    5.139000E+03    7.383906E-01    2.412882E+02    5.116436E+04    1.553831E-05    9.999723E-02    8.110437E+01    4.194102E+01    3.092371E+01    0.000000E+00    4.137924E-04    1.251144E+00
    5.142000E+03    7.381340E-01    2.412696E+02    5.114262E+04    1.553734E-05    9.999844E-02    8.109044E+01    4.186533E+01    3.086257E+01    0.000000E+00    4.131501E-04    1.251144E+00
    5.145000E+03    7.378775E-01    2.412510E+02    5.112089E+04    1.553636E-05    1.000000E-01    8.107654E+01    4.178976E+01    3.080154E+01    0.000000E+00    4.125087E-04    1.251144E+00
    5.148000E+03    7.376209E-01    2.412324E+02    5.109915E+04    1.553539E-05    9.999844E-02    8.106241E+01    4.171432E+01    3.074062E+01    0.000000E+00    4.118673E-04    1.251144E+00
    5.151000E+03    7.373644E-01    2.412138E+02    5.107742E+04    1.553441E-05    9.999723E-02    8.104831E+01    4.163900E+01    3.067981E+01    0.000000E+00    4.112268E-04    1.251144E+00
    5.154000E+03    7.371079E-01    2.411952E+02    5.105570E+04    1.553344E-05    9.999636E-02    8.103424E+01    4.156380E+01    3.061911E+01    0.000000E+00    4.105873E-04    1.251144E+00
    5.157000E+03    7.368516E-01    2.411766E+02    5.103398E+04    1.553246E-05    9.999584E-02    8.102020E+01    4.148872E+01    3.055852E+01    0.000000E+00    4.099488E-04    1.251144E+00
    5.160000E+03    7.365953E-01    2.411580E+02    5.101228E+04    1.553149E-05    9.999567E-02    8.100619E+01    4.141377E+01    3.049804E+01    0.000000E+00    4.093113E-04    1.251144E+00
    5.163000E+03    7.363391E-01    2.411394E+02    5.099059E+04    1.553051E-05    9.999584E-02    8.099220E+01    4.133893E+01    3.043767E+01    0.000000E+00    4.086748E-04    1.251144E+00
    5.166000E+03    7.360831E-01    2.411208E+02    5.096890E+04    1.552954E-05    9.999636E-02    8.097825E+01    4.126422E+01    3.037741E+01    0.000000E+00    4.080393E-04    1.251144E+00
    5.169000E+03    7.358271E-01    2.411022E+02    5.094723E+04    1.552856E-05    9.999723E-02    8.096432E+01    4.118963E+01    3.031727E+01    0.000000E+00    4.074048E-04    1.251144E+00
    5.172000E+03    7.355712E-01    2.410836E+02    5.092556E+04    1.552759E-05    9.999844E-02    8.095042E+01    4.111517E+01    3.025723E+01    0.000000E+00    4.067713E-04    1.251144E+00
    5.175000E+03    7.353154E-01    2.410650E+02    5.090391E+04    1.552661E-05    1.000000E-01    8.093656E+01    4.104082E+01    3.019730E+01    0.000000E+00    4.061387E-04    1.251144E+00
    5.178000E+03    7.350595E-01    2.410464E+02    5.088224E+04    1.552564E-05    9.999844E-02    8.092246E+01    4.096659E+01    3.013747E+01    0.000000E+00    4.055060E-04    1.251144E+00
    5.181000E+03    7.348036E-01    2.410278E+02    5.086059E+04    1.552466E-05    9.999722E-02    8.090840E+01    4.089249E+01    3.007776E+01    0.000000E+00    4.048743E-04    1.251144E+00
    5.184000E+03    7.345479E-01    2.410092E+02    5.083894E+04    1.552369E-05    9.999635E-02    8.089436E+01    4.081850E+01    3.001816E+01    0.000000E+00    4.042435E-04    1.251144E+00
    5.187000E+03    7.342922E-01    2.409906E+02    5.081731E+04    1.552271E-05    9.999583E-02    8.088035E+01    4.074464E+01    2.995867E+01    0.000000E+00    4.036137E-04    1.251144E+00
    5.190000E+03    7.340366E-01    2.409720E+02    5.079568E+04    1.552173E-05    9.999566E-02    8.086637E+01    4.067090E+01    2.989928E+01    0.000000E+00    4.029850E-04    1.251144E+00
    5.193000E+03    7.337812E-01    2.409534E+02    5.077406E+04    1.552076E-05    9.999583E-02    8.085242E+01    4.059727E+01    2.984000E+01    0.000000E+00    4.023572E-04    1.251144E+00
    5.196000E+03    7.335258E-01    2.409348E+02    5.075245E+04    1.551978E-05    9.999635E-02    8.083850E+01    4.052377E+01    2.978083E+01    0.000000E+00    4.017303E-04    1.251144E+00
    5.199000E+03    7.332705E-01    2.409162E+02    5.073085E+04    1.551881E-05    9.999722E-02    8.082461E+01    4.045038E+01    2.972177E+01    0.000000E+00    4.011045E-04    1.251144E+00
    5.202000E+03    7.330153E-01    2.408976E+02    5.070926E+04    1.551783E-05    9.999844E-02    8.081075E+01    4.037712E+01    2.966282E+01    0.000000E+00    4.004796E-04    1.251144E+00
    5.205000E+03    7.327602E-01    2.408790E+02    5.068768E+04    1.551686E-05    1.000000E-01    8.079691E+01    4.030398E+01    2.960397E+01    0.000000E+00    3.998557E-04    1.251144E+00
    5.208000E+03    7.325049E-01    2.408604E+02    5.066609E+04    1.551588E-05    9.999843E-02    8.078285E+01    4.023095E+01    2.954523E+01    0.000000E+00    3.992317E-04    1.251144E+00
    5.211000E+03    7.322498E-01    2.408418E+02    5.064452E+04    1.551491E-05    9.999721E-02    8.076882E+01    4.015804E+01    2.948660E+01    0.000000E+00    3.986086E-04    1.251144E+00
    5.214000E+03    7.319947E-01    2.408232E+02    5.062295E+04    1.551393E-05    9.999634E-02    8.075482E+01    4.008526E+01    2.942808E+01    0.000000E+00    3.979865E-04    1.251144E+00
    5.217000E+03    7.317398E-01    2.408046E+02    5.060139E+04    1.551295E-05    9.999582E-02    8.074085E+01    4.001259E+01    2.936966E+01    0.000000E+00    3.973653E-04    1.251144E+00
    5.220000E+03    7.314849E-01    2.407860E+02    5.057983E+04    1.551198E-05    9.999565E-02    8.072690E+01    3.994004E+01    2.931135E+01    0.000000E+00    3.967451E-04    1.251144E+00
    5.223000E+03    7.312301E-01    2.407674E+02    5.055829E+04    1.551100E-05    9.999582E-02    8.071298E+01    3.986760E+01    2.925314E+01    0.000000E+00    3.961259E-04    1.251144E+00
    5.226000E+03    7.309754E-01    2.407488E+02    5.053676E+04    1.551003E-05    9.999634E-02    8.069910E+01    3.979529E+01    2.919504E+01    0.000000E+00    3.955077E-04    1.251144E+00
    5.229000E+03    7.307208E-01    2.407302E+02    5.051523E+04    1.550905E-05    9.999721E-02    8.068524E+01    3.972310E+01    2.913705E+01    0.000000E+00    3.948904E-04    1.251144E+00
    5.232000E+03    7.304663E-01    2.407116E+02    5.049372E+04    1.550807E-05    9.999843E-02    8.067141E+01    3.965102E+01    2.907917E+01    0.000000E+00    3.942741E-04    1.251144E+00
    5.235000E+03    7.302119E-01    2.406930E+02    5.047221E+04    1.550710E-05    1.000000E-01    8.065761E+01    3.957906E+01    2.902138E+01    0.000000E+00    3.936588E-04    1.251144E+00
    5.238000E+03    7.299573E-01    2.406744E+02    5.045070E+04    1.550612E-05    9.999843E-02    8.064358E+01    3.950722E+01    2.896371E+01    0.000000E+00    3.930433E-04    1.251144E+00
    5.241000E+03    7.297028E-01    2.406558E+02    5.042920E+04    1.550515E-05    9.999721E-02    8.062959E+01    3.943549E+01    2.890614E+01    0.000000E+00    3.924287E-04    1.251144E+00
    5.244000E+03    7.294485E-01    2.406372E+02    5.040770E+04    1.550417E-05    9.999634E-02    8.061562E+01    3.936388E+01    2.884868E+01    0.000000E+00    3.918151E-04    1.251144E+00
    5.247000E+03    7.291942E-01    2.406186E+02    5.038622E+04    1.550319E-05    9.999581E-02    8.060168E+01    3.929239E+01    2.879132E+01    0.000000E+00    3.912025E-04    1.251144E+00
    5.250000E+03    7.289400E-01    2.406000E+02    5.036474E+04    1.550222E-05    9.999564E-02    8.058777E+01    3.922102E+01    2.873406E+01    0.000000E+00    3.905909E-04    1.251144E+00
    5.253000E+03    7.286859E-01    2.405814E+02    5.034327E+04    1.550124E-05    9.999581E-02    8.057389E+01    3.914976E+01    2.867691E+01    0.000000E+00    3.899801E-04    1.251144E+00
    5.256000E+03    7.284319E-01    2.405628E+02    5.032181E+04    1.550027E-05    9.999633E-02    8.056003E+01    3.907862E+01    2.861987E+01    0.000000E+00    3.893704E-04    1.251144E+00
    5.259000E+03    7.281780E-01    2.405442E+02    5.030037E+04    1.549929E-05    9.999721E-02    8.054621E+01    3.900760E+01    2.856293E+01    0.000000E+00    3.887616E-04    1.251144E+00
    5.262000E+03    7.279242E-01    2.405256E+02    5.027893E+04    1.549831E-05    9.999843E-02    8.053241E+01    3.893669E+01    2.850609E+01    0.000000E+00    3.881537E-04    1.251144E+00
    5.265000E+03    7.276704E-01    2.405070E+02    5.025750E+04    1.549734E-05    1.000000E-01    8.051865E+01    3.886590E+01    2.844936E+01    0.000000E+00    3.875468E-04    1.251144E+00
    5.268000E+03    7.274166E-01    2.404884E+02    5.023606E+04    1.549636E-05    9.999843E-02    8.050466E+01    3.879522E+01    2.839273E+01    0.000000E+00    3.869398E-04    1.251144E+00
    5.271000E+03    7.271628E-01    2.404698E+02    5.021463E+04    1.549538E-05    9.999720E-02    8.049069E+01    3.872466E+01    2.833621E+01    0.000000E+00    3.863337E-04    1.251144E+00
    5.274000E+03    7.269091E-01    2.404512E+02    5.019321E+04    1.549441E-05    9.999633E-02    8.047676E+01    3.865422E+01    2.827979E+01    0.000000E+00    3.857285E-04    1.251144E+00
    5.277000E+03    7.266555E-01    2.404326E+02    5.017180E+04    1.549343E-05    9.999580E-02    8.046285E+01    3.858389E+01    2.822347E+01    0.000000E+00    3.851243E-04    1.251144E+00
    5.280000E+03    7.264020E-01    2.404140E+02    5.015040E+04    1.549246E-05    9.999563E-02    8.044897E+01    3.851367E+01    2.816725E+01    0.000000E+00    3.845211E-04    1.251144E+00
    5.283000E+03    7.261486E-01    2.403954E+02    5.012900E+04    1.549148E-05    9.999580E-02    8.043513E+01    3.844358E+01    2.811114E+01    0.000000E+00    3.839188E-04    1.251144E+00
    5.286000E+03    7.258953E-01    2.403768E+02    5.010762E+04    1.549050E-05    9.999633E-02    8.042131E+01    3.837359E+01    2.805513E+01    0.000000E+00    3.833174E-04    1.251144E+00
    5.289000E+03    7.256420E-01    2.403582E+02    5.008625E+04    1.548953E-05    9.999720E-02    8.040752E+01    3.830372E+01    2.799923E+01    0.000000E+00    3.827170E-04    1.251144E+00
    5.292000E+03    7.253889E-01    2.403396E+02    5.006488E+04    1.548855E-05    9.999842E-02    8.039376E+01    3.823397E+01    2.794342E+01    0.000000E+00    3.821175E-04    1.251144E+00
    5.295000E+03    7.251359E-01    2.403210E+02    5.004353E+04    1.548757E-05    1.000000E-01    8.038003E+01    3.816433E+01    2.788772E+01    0.000000E+00    3.815189E-04    1.251144E+00
    5.298000E+03    7.248827E-01    2.403024E+02    5.002216E+04    1.548660E-05    9.999842E-02    8.036607E+01    3.809480E+01    2.783212E+01    0.000000E+00    3.809202E-04    1.251144E+00
    5.301000E+03    7.246296E-01    2.402838E+02    5.000081E+04    1.548562E-05    9.999719E-02    8.035214E+01    3.802539E+01    2.777663E+01    0.000000E+00    3.803225E-04    1.251144E+00
    5.304000E+03    7.243766E-01    2.402652E+02    4.997946E+04    1.548464E-05    9.999632E-02    8.033824E+01    3.795609E+01    2.772123E+01    0.000000E+00    3.797257E-04    1.251144E+00
    5.307000E+03    7.241237E-01    2.402466E+02    4.995813E+04    1.548367E-05    9.999579E-02    8.032436E+01    3.788690E+01    2.766594E+01    0.000000E+00    3.791298E-04    1.251144E+00
    5.310000E+03    7.238709E-01    2.402280E+02    4.993680E+04    1.548269E-05    9.999562E-02    8.031052E+01    3.781783E+01    2.761075E+01    0.000000E+00    3.785348E-04    1.251144E+00
    5.313000E+03    7.236181E-01    2.402094E+02    4.991548E+04    1.548171E-05    9.999579E-02    8.029671E+01    3.774887E+01    2.755565E+01    0.000000E+00    3.779408E-04    1.251144E+00
    5.316000E+03    7.233655E-01    2.401908E+02    4.989418E+04    1.548073E-05    9.999632E-02    8.028292E+01    3.768003E+01    2.750066E+01    0.000000E+00    3.773477E-04    1.251144E+00
    5.319000E+03    7.231130E-01    2.401722E+02    4.987288E+04    1.547976E-05    9.999719E-02    8.026917E+01    3.761130E+01    2.744578E+01    0.000000E+00    3.767556E-04    1.251144E+00
    5.322000E+03    7.228605E-01    2.401536E+02    4.985159E+04    1.547878E-05    9.999842E-02    8.025544E+01    3.754268E+01    2.739099E+01    0.000000E+00    3.761643E-04    1.251144E+00
    5.325000E+03    7.226081E-01    2.401350E+02    4.983031E+04    1.547780E-05    1.000000E-01    8.024174E+01    3.747417E+01    2.733630E+01    0.000000E+00    3.755740E-04    1.251144E+00
    5.328000E+03    7.223556E-01    2.401164E+02    4.980902E+04    1.547683E-05    9.999842E-02    8.022782E+01    3.740578E+01    2.728171E+01    0.000000E+00    3.749836E-04    1.251144E+00
    5.331000E+03    7.221032E-01    2.400978E+02    4.978774E+04    1.547585E-05    9.999719E-02    8.021392E+01    3.733750E+01    2.722723E+01    0.000000E+00    3.743941E-04    1.251144E+00
    5.334000E+03    7.218509E-01    2.400792E+02    4.976647E+04    1.547487E-05    9.999631E-02    8.020005E+01    3.726933E+01    2.717284E+01    0.000000E+00    3.738055E-04    1.251144E+00
    5.337000E+03    7.215987E-01    2.400606E+02    4.974521E+04    1.547390E-05    9.999578E-02    8.018622E+01    3.720127E+01    2.711855E+01    0.000000E+00    3.732178E-04    1.251144E+00
    5.340000E+03    7.213466E-01    2.400420E+02    4.972395E+04    1.547292E-05    9.999560E-02    8.017241E+01    3.713333E+01    2.706437E+01    0.000000E+00    3.726311E-04    1.251144E+00
    5.343000E+03    7.210945E-01    2.400234E+02    4.970271E+04    1.547194E-05    9.999578E-02    8.015863E+01    3.706550E+01    2.701028E+01    0.000000E+00    3.720453E-04    1.251144E+00
    5.346000E+03    7.208426E-01    2.400048E+02    4.968148E+04    1.547096E-05    9.999631E-02    8.014488E+01    3.699778E+01    2.695629E+01    0.000000E+00    3.714604E-04    1.251144E+00
    5.349000E+03    7.205907E-01    2.399862E+02    4.966025E+04    1.546999E-05    9.999719E-02    8.013116E+01    3.693017E+01    2.690240E+01    0.000000E+00    3.708764E-04    1.251144E+00
    5.352000E+03    7.203389E-01    2.399676E+02    4.963904E+04    1.546901E-05    9.999842E-02    8.011746E+01    3.686267E+01    2.684861E+01    0.000000E+00    3.702933E-04    1.251144E+00
    5.355000E+03    7.200873E-01    2.399490E+02    4.961783E+04    1.546803E-05    1.000000E-01    8.010380E+01    3.679528E+01    2.679492E+01    0.000000E+00    3.697112E-04    1.251144E+00
    5.358000E+03    7.198355E-01    2.399304E+02    4.959662E+04    1.546705E-05    9.999841E-02    8.008991E+01    3.672800E+01    2.674133E+01    0.000000E+00    3.691289E-04    1.251144E+00
    5.361000E+03    7.195837E-01    2.399118E+02    4.957541E+04    1.546608E-05    9.999718E-02    8.007605E+01    3.666084E+01    2.668784E+01    0.000000E+00    3.685475E-04    1.251144E+00
    5.364000E+03    7.193321E-01    2.398932E+02    4.955421E+04    1.546510E-05    9.999630E-02    8.006221E+01    3.659378E+01    2.663445E+01    0.000000E+00    3.679671E-04    1.251144E+00
    5.367000E+03    7.190805E-01    2.398746E+02    4.953303E+04    1.546412E-05    9.999577E-02    8.004841E+01    3.652684E+01    2.658115E+01    0.000000E+00    3.673876E-04    1.251144E+00
    5.370000E+03    7.188291E-01    2.398560E+02    4.951185E+04    1.546315E-05    9.999559E-02    8.003464E+01    3.646000E+01    2.652795E+01    0.000000E+00    3.668089E-04    1.251144E+00
    5.373000E+03    7.185777E-01    2.398374E+02    4.949068E+04    1.546217E-05    9.999577E-02    8.002089E+01    3.639328E+01    2.647485E+01    0.000000E+00    3.662312E-04    1.251144E+00
    5.376000E+03    7.183265E-01    2.398188E+02    4.946952E+04    1.546119E-05    9.999630E-02    8.000717E+01    3.632666E+01    2.642185E+01    0.000000E+00    3.656544E-04    1.251144E+00
    5.379000E+03    7.180753E-01    2.398002E+02    4.944837E+04    1.546021E-05    9.999718E-02    7.999349E+01    3.626016E+01    2.636894E+01    0.000000E+00    3.650785E-04    1.251144E+00
    5.382000E+03    7.178242E-01    2.397816E+02    4.942723E+04    1.545923E-05    9.999841E-02    7.997983E+01    3.619376E+01    2.631614E+01    0.000000E+00    3.645035E-04    1.251144E+00
    5.385000E+03    7.175732E-01    2.397630E+02    4.940610E+04    1.545826E-05    1.000000E-01    7.996620E+01    3.612748E+01    2.626343E+01    0.000000E+00    3.639294E-04    1.251144E+00
    5.388000E+03    7.173221E-01    2.397444E+02    4.938496E+04    1.545728E-05    9.999841E-02    7.995234E+01    3.606130E+01    2.621082E+01    0.000000E+00    3.633552E-04    1.251144E+00
    5.391000E+03    7.170710E-01    2.397258E+02    4.936383E+04    1.545630E-05    9.999717E-02    7.993851E+01    3.599524E+01    2.615830E+01    0.000000E+00    3.627819E-04    1.251144E+00
    5.394000E+03    7.168201E-01    2.397072E+02    4.934270E+04    1.545532E-05    9.999629E-02    7.992472E+01    3.592928E+01    2.610588E+01    0.000000E+00    3.622095E-04    1.251144E+00
    5.397000E+03    7.165692E-01    2.396886E+02    4.932159E+04    1.545435E-05    9.999576E-02    7.991095E+01    3.586343E+01    2.605356E+01    0.000000E+00    3.616380E-04    1.251144E+00
    5.400000E+03    7.163185E-01    2.396700E+02    4.930049E+04    1.545337E-05    9.999558E-02    7.989720E+01    3.579769E+01    2.600133E+01    0.000000E+00    3.610673E-04    1.251144E+00
    5.403000E+03    7.160678E-01    2.396514E+02    4.927939E+04    1.545239E-05    9.999576E-02    7.988349E+01    3.573206E+01    2.594920E+01    0.000000E+00    3.604976E-04    1.251144E+00
    5.406000E+03    7.158172E-01    2.396328E+02    4.925831E+04    1.545141E-05    9.999629E-02    7.986981E+01    3.566653E+01    2.589717E+01    0.000000E+00    3.599288E-04    1.251144E+00
    5.409000E+03    7.155667E-01    2.396142E+02    4.923723E+04    1.545043E-05    9.999717E-02    7.985616E+01    3.560112E+01    2.584523E+01    0.000000E+00    3.593609E-04    1.251144E+00
    5.412000E+03    7.153163E-01    2.395956E+02    4.921616E+04    1.544946E-05    9.999841E-02    7.984253E+01    3.553581E+01    2.579339E+01    0.000000E+00    3.587939E-04    1.251144E+00
    5.415000E+03    7.150660E-01    2.395770E+02    4.919511E+04    1.544848E-05    1.000000E-01    7.982894E+01    3.547061E+01    2.574165E+01    0.000000E+00    3.582278E-04    1.251144E+00
    5.418000E+03    7.148155E-01    2.395584E+02    4.917404E+04    1.544750E-05    9.999841E-02    7.981512E+01    3.540552E+01    2.569000E+01    0.000000E+00    3.576615E-04    1.251144E+00
    5.421000E+03    7.145652E-01    2.395398E+02    4.915298E+04    1.544652E-05    9.999717E-02    7.980132E+01    3.534054E+01    2.563844E+01    0.000000E+00    3.570961E-04    1.251144E+00
    5.424000E+03    7.143149E-01    2.395212E+02    4.913194E+04    1.544554E-05    9.999628E-02    7.978756E+01    3.527566E+01    2.558698E+01    0.000000E+00    3.565317E-04    1.251144E+00
    5.427000E+03    7.140647E-01    2.395026E+02    4.911090E+04    1.544457E-05    9.999575E-02    7.977382E+01    3.521089E+01    2.553562E+01    0.000000E+00    3.559681E-04    1.251144E+00
    5.430000E+03    7.138146E-01    2.394840E+02    4.908987E+04    1.544359E-05    9.999557E-02    7.976011E+01    3.514623E+01    2.548435E+01    0.000000E+00    3.554054E-04    1.251144E+00
    5.433000E+03    7.135646E-01    2.394654E+02    4.906885E+04    1.544261E-05    9.999575E-02    7.974644E+01    3.508167E+01    2.543317E+01    0.000000E+00    3.548436E-04    1.251144E+00
    5.436000E+03    7.133147E-01    2.394468E+02    4.904784E+04    1.544163E-05    9.999628E-02    7.973279E+01    3.501722E+01    2.538209E+01    0.000000E+00    3.542827E-04    1.251144E+00
    5.439000E+03    7.130649E-01    2.394282E+02    4.902683E+04    1.544065E-05    9.999717E-02    7.971917E+01    3.495288E+01    2.533111E+01    0.000000E+00    3.537226E-04    1.251144E+00
    5.442000E+03    7.128152E-01    2.394096E+02    4.900584E+04    1.543967E-05    9.999841E-02    7.970558E+01    3.488865E+01    2.528022E+01    0.000000E+00    3.531635E-04    1.251144E+00
    5.445000E+03    7.125656E-01    2.393910E+02    4.898485E+04    1.543870E-05    1.000000E-01    7.969202E+01    3.482452E+01    2.522942E+01    0.000000E+00    3.526052E-04    1.251144E+00
    5.448000E+03    7.123158E-01    2.393724E+02    4.896386E+04    1.543772E-05    9.999840E-02    7.967823E+01    3.476050E+01    2.517872E+01    0.000000E+00    3.520469E-04    1.251144E+00
    5.451000E+03    7.120661E-01    2.393538E+02    4.894288E+04    1.543674E-05    9.999716E-02    7.966447E+01    3.469658E+01    2.512811E+01    0.000000E+00    3.514893E-04    1.251144E+00
    5.454000E+03    7.118165E-01    2.393352E+02    4.892191E+04    1.543576E-05    9.999627E-02    7.965074E+01    3.463277E+01    2.507759E+01    0.000000E+00    3.509327E-04    1.251144E+00
    5.457000E+03    7.115670E-01    2.393166E+02    4.890094E+04    1.543478E-05    9.999574E-02    7.963704E+01    3.456906E+01    2.502717E+01    0.000000E+00    3.503770E-04    1.251144E+00
    5.460000E+03    7.113176E-01    2.392980E+02    4.887998E+04    1.543380E-05    9.999556E-02    7.962337E+01    3.450546E+01    2.497684E+01    0.000000E+00    3.498221E-04    1.251144E+00
    5.463000E+03    7.110683E-01    2.392794E+02    4.885904E+04    1.543283E-05    9.999574E-02    7.960972E+01    3.444197E+01    2.492660E+01    0.000000E+00    3.492681E-04    1.251144E+00
    5.466000E+03    7.108191E-01    2.392608E+02    4.883810E+04    1.543185E-05    9.999627E-02    7.959611E+01    3.437858E+01    2.487646E+01    0.000000E+00    3.487150E-04    1.251144E+00
    5.469000E+03    7.105699E-01    2.392422E+02    4.881717E+04    1.543087E-05    9.999716E-02    7.958252E+01    3.431530E+01    2.482641E+01    0.000000E+00    3.481628E-04    1.251144E+00
    5.472000E+03    7.103209E-01    2.392236E+02    4.879625E+04    1.542989E-05    9.999840E-02    7.956897E+01    3.425212E+01    2.477645E+01    0.000000E+00    3.476114E-04    1.251144E+00
    5.475000E+03    7.100719E-01    2.392050E+02    4.877534E+04    1.542891E-05    1.000000E-01    7.955544E+01    3.418905E+01    2.472659E+01    0.000000E+00    3.470609E-04    1.251144E+00
    5.478000E+03    7.098228E-01    2.391864E+02    4.875442E+04    1.542793E-05    9.999840E-02    7.954169E+01    3.412608E+01    2.467681E+01    0.000000E+00    3.465103E-04    1.251144E+00
    5.481000E+03    7.095738E-01    2.391678E+02    4.873351E+04    1.542695E-05    9.999715E-02    7.952796E+01    3.406321E+01    2.462713E+01    0.000000E+00    3.459606E-04    1.251144E+00
    5.484000E+03    7.093249E-01    2.391492E+02    4.871261E+04    1.542597E-05    9.999626E-02    7.951426E+01    3.400045E+01    2.457755E+01    0.000000E+00    3.454117E-04    1.251144E+00
    5.487000E+03    7.090761E-01    2.391306E+02    4.869172E+04    1.542500E-05    9.999573E-02    7.950060E+01    3.393779E+01    2.452805E+01    0.000000E+00    3.448637E-04    1.251144E+00
    5.490000E+03    7.088274E-01    2.391120E+02    4.867084E+04    1.542402E-05    9.999555E-02    7.948696E+01    3.387524E+01    2.447864E+01    0.000000E+00    3.443166E-04    1.251144E+00
    5.493000E+03    7.085787E-01    2.390934E+02    4.864997E+04    1.542304E-05    9.999573E-02    7.947335E+01    3.381279E+01    2.442933E+01    0.000000E+00    3.437703E-04    1.251144E+00
    5.496000E+03    7.083302E-01    2.390748E+02    4.862910E+04    1.542206E-05    9.999626E-02    7.945977E+01    3.375045E+01    2.438011E+01    0.000000E+00    3.432249E-04    1.251144E+00
    5.499000E+03    7.080817E-01    2.390562E+02    4.860825E+04    1.542108E-05    9.999715E-02    7.944622E+01    3.368821E+01    2.433098E+01    0.000000E+00    3.426804E-04    1.251144E+00
    5.502000E+03    7.078333E-01    2.390376E+02    4.858740E+04    1.542010E-05    9.999840E-02    7.943270E+01    3.362607E+01    2.428194E+01    0.000000E+00    3.421367E-04    1.251144E+00
    5.505000E+03    7.075851E-01    2.390190E+02    4.856656E+04    1.541912E-05    1.000000E-01    7.941920E+01    3.356404E+01    2.423299E+01    0.000000E+00    3.415939E-04    1.251144E+00
    5.508000E+03    7.073366E-01    2.390004E+02    4.854572E+04    1.541814E-05    9.999839E-02    7.940548E+01    3.350210E+01    2.418413E+01    0.000000E+00    3.410510E-04    1.251144E+00
    5.511000E+03    7.070883E-01    2.389818E+02    4.852488E+04    1.541716E-05    9.999715E-02    7.939179E+01    3.344028E+01    2.413537E+01    0.000000E+00    3.405089E-04    1.251144E+00
    5.514000E+03    7.068401E-01    2.389632E+02    4.850405E+04    1.541619E-05    9.999625E-02    7.937813E+01    3.337855E+01    2.408669E+01    0.000000E+00    3.399677E-04    1.251144E+00
    5.517000E+03    7.065919E-01    2.389446E+02    4.848324E+04    1.541521E-05    9.999572E-02    7.936450E+01    3.331693E+01    2.403810E+01    0.000000E+00    3.394273E-04    1.251144E+00
    5.520000E+03    7.063439E-01    2.389260E+02    4.846243E+04    1.541423E-05    9.999554E-02    7.935089E+01    3.325541E+01    2.398961E+01    0.000000E+00    3.388878E-04    1.251144E+00
    5.523000E+03    7.060959E-01    2.389074E+02    4.844163E+04    1.541325E-05    9.999572E-02    7.933732E+01    3.319399E+01    2.394120E+01    0.000000E+00    3.383492E-04    1.251144E+00
    5.526000E+03    7.058480E-01    2.388888E+02    4.842084E+04    1.541227E-05    9.999625E-02    7.932377E+01    3.313267E+01    2.389289E+01    0.000000E+00    3.378114E-04    1.251144E+00
    5.529000E+03    7.056003E-01    2.388702E+02    4.840005E+04    1.541129E-05    9.999715E-02    7.931025E+01    3.307146E+01    2.384466E+01    0.000000E+00    3.372745E-04    1.251144E+00
    5.532000E+03    7.053526E-01    2.388516E+02    4.837928E+04    1.541031E-05    9.999839E-02    7.929677E+01    3.301035E+01    2.379652E+01    0.000000E+00    3.367384E-04    1.251144E+00
    5.535000E+03    7.051050E-01    2.388330E+02    4.835852E+04    1.540933E-05    1.000000E-01    7.928331E+01    3.294934E+01    2.374848E+01    0.000000E+00    3.362032E-04    1.251144E+00
    5.538000E+03    7.048572E-01    2.388144E+02    4.833774E+04    1.540835E-05    9.999839E-02    7.926962E+01    3.288843E+01    2.370052E+01    0.000000E+00    3.356678E-04    1.251144E+00
    5.541000E+03    7.046096E-01    2.387958E+02    4.831698E+04    1.540737E-05    9.999714E-02    7.925596E+01    3.282762E+01    2.365265E+01    0.000000E+00    3.351333E-04    1.251144E+00
    5.544000E+03    7.043620E-01    2.387772E+02    4.829623E+04    1.540639E-05    9.999625E-02    7.924234E+01    3.276692E+01    2.360487E+01    0.000000E+00    3.345997E-04    1.251144E+00
    5.547000E+03    7.041145E-01    2.387586E+02    4.827548E+04    1.540541E-05    9.999571E-02    7.922874E+01    3.270631E+01    2.355718E+01    0.000000E+00    3.340669E-04    1.251144E+00
    5.550000E+03    7.038672E-01    2.387400E+02    4.825475E+04    1.540443E-05    9.999553E-02    7.921517E+01    3.264581E+01    2.350958E+01    0.000000E+00    3.335350E-04    1.251144E+00
    5.553000E+03    7.036199E-01    2.387214E+02    4.823402E+04    1.540345E-05    9.999571E-02    7.920163E+01    3.258541E+01    2.346207E+01    0.000000E+00    3.330039E-04    1.251144E+00
    5.556000E+03    7.033727E-01    2.387028E+02    4.821330E+04    1.540247E-05    9.999624E-02    7.918811E+01    3.252510E+01    2.341464E+01    0.000000E+00    3.324736E-04    1.251144E+00
    5.559000E+03    7.031256E-01    2.386842E+02    4.819259E+04    1.540149E-05    9.999714E-02    7.917463E+01    3.246490E+01    2.336730E+01    0.000000E+00    3.319442E-04    1.251144E+00
    5.562000E+03    7.028785E-01    2.386656E+02    4.817189E+04    1.540051E-05    9.999839E-02    7.916118E+01    3.240480E+01    2.332006E+01    0.000000E+00    3.314156E-04    1.251144E+00
    5.565000E+03    7.026316E-01    2.386470E+02    4.815120E+04    1.539953E-05    1.000000E-01    7.914775E+01    3.234480E+01    2.327289E+01    0.000000E+00    3.308879E-04    1.251144E+00
    5.568000E+03    7.023846E-01    2.386284E+02    4.813050E+04    1.539855E-05    9.999839E-02    7.913410E+01    3.228490E+01    2.322582E+01    0.000000E+00    3.303600E-04    1.251144E+00
    5.571000E+03    7.021376E-01    2.386098E+02    4.810981E+04    1.539757E-05    9.999713E-02    7.912048E+01    3.222510E+01    2.317884E+01    0.000000E+00    3.298330E-04    1.251144E+00
    5.574000E+03    7.018907E-01    2.385912E+02    4.808913E+04    1.539660E-05    9.999624E-02    7.910688E+01    3.216540E+01    2.313194E+01    0.000000E+00    3.293069E-04    1.251144E+00
    5.577000E+03    7.016439E-01    2.385726E+02    4.806846E+04    1.539562E-05    9.999570E-02    7.909332E+01    3.210580E+01    2.308513E+01    0.000000E+00    3.287815E-04    1.251144E+00
    5.580000E+03    7.013972E-01    2.385540E+02    4.804780E+04    1.539464E-05    9.999552E-02    7.907978E+01    3.204630E+01    2.303841E+01    0.000000E+00    3.282571E-04    1.251144E+00
    5.583000E+03    7.011506E-01    2.385354E+02    4.802714E+04    1.539366E-05    9.999570E-02    7.906628E+01    3.198689E+01    2.299177E+01    0.000000E+00    3.277334E-04    1.251144E+00
    5.586000E+03    7.009041E-01    2.385168E+02    4.800650E+04    1.539268E-05    9.999623E-02    7.905280E+01    3.192759E+01    2.294522E+01    0.000000E+00    3.272106E-04    1.251144E+00
    5.589000E+03    7.006576E-01    2.384982E+02    4.798586E+04    1.539170E-05    9.999713E-02    7.903935E+01    3.186839E+01    2.289876E+01    0.000000E+00    3.266886E-04    1.251144E+00
    5.592000E+03    7.004113E-01    2.384796E+02    4.796523E+04    1.539072E-05    9.999839E-02    7.902593E+01    3.180928E+01    2.285238E+01    0.000000E+00    3.261674E-04    1.251144E+00
    5.595000E+03    7.001650E-01    2.384610E+02    4.794462E+04    1.538974E-05    1.000000E-01    7.901254E+01    3.175028E+01    2.280609E+01    0.000000E+00    3.256471E-04    1.251144E+00
    5.598000E+03    6.999186E-01    2.384424E+02    4.792399E+04    1.538876E-05    9.999838E-02    7.899893E+01    3.169137E+01    2.275989E+01    0.000000E+00    3.251267E-04    1.251144E+00
    5.601000E+03    6.996723E-01    2.384238E+02    4.790337E+04    1.538778E-05    9.999713E-02    7.898534E+01    3.163256E+01    2.271377E+01    0.000000E+00    3.246071E-04    1.251144E+00
    5.604000E+03    6.994261E-01    2.384052E+02    4.788277E+04    1.538680E-05    9.999623E-02    7.897178E+01    3.157385E+01    2.266774E+01    0.000000E+00    3.240883E-04    1.251144E+00
    5.607000E+03    6.991800E-01    2.383866E+02    4.786217E+04    1.538581E-05    9.999569E-02    7.895825E+01    3.151524E+01    2.262180E+01    0.000000E+00    3.235703E-04    1.251144E+00
    5.610000E+03    6.989340E-01    2.383680E+02    4.784158E+04    1.538483E-05    9.999551E-02    7.894474E+01    3.145672E+01    2.257594E+01    0.000000E+00    3.230532E-04    1.251144E+00
    5.613000E+03    6.986880E-01    2.383494E+02    4.782099E+04    1.538385E-05    9.999569E-02    7.893127E+01    3.139831E+01    2.253016E+01    0.000000E+00    3.225369E-04    1.251144E+00
    5.616000E+03    6.984422E-01    2.383308E+02    4.780042E+04    1.538287E-05    9.999623E-02    7.891783E+01    3.133999E+01    2.248448E+01    0.000000E+00    3.220215E-04    1.251144E+00
    5.619000E+03    6.981964E-01    2.383122E+02    4.777986E+04    1.538189E-05    9.999712E-02    7.890441E+01    3.128177E+01    2.243887E+01    0.000000E+00    3.215068E-04    1.251144E+00
    5.622000E+03    6.979507E-01    2.382936E+02    4.775930E+04    1.538091E-05    9.999838E-02    7.889103E+01    3.122364E+01    2.239335E+01    0.000000E+00    3.209930E-04    1.251144E+00
    5.625000E+03    6.977051E-01    2.382750E+02    4.773876E+04    1.537993E-05    1.000000E-01    7.887767E+01    3.116562E+01    2.234792E+01    0.000000E+00    3.204800E-04    1.251144E+00
    5.628000E+03    6.974594E-01    2.382564E+02    4.771820E+04    1.537895E-05    9.999838E-02    7.886409E+01    3.110769E+01    2.230257E+01    0.000000E+00    3.199668E-04    1.251144E+00
    5.631000E+03    6.972138E-01    2.382378E+02    4.769766E+04    1.537797E-05    9.999712E-02    7.885054E+01    3.104986E+01    2.225731E+01    0.000000E+00    3.194545E-04    1.251144E+00
    5.634000E+03    6.969683E-01    2.382192E+02    4.767713E+04    1.537699E-05    9.999622E-02    7.883701E+01    3.099212E+01    2.221213E+01    0.000000E+00    3.189431E-04    1.251144E+00
    5.637000E+03    6.967228E-01    2.382006E+02    4.765660E+04    1.537601E-05    9.999568E-02    7.882351E+01    3.093448E+01    2.216704E+01    0.000000E+00    3.184324E-04    1.251144E+00
    5.640000E+03    6.964774E-01    2.381820E+02    4.763608E+04    1.537503E-05    9.999550E-02    7.881005E+01    3.087694E+01    2.212203E+01    0.000000E+00    3.179226E-04    1.251144E+00
    5.643000E+03    6.962322E-01    2.381634E+02    4.761557E+04    1.537405E-05    9.999568E-02    7.879661E+01    3.081950E+01    2.207710E+01    0.000000E+00    3.174135E-04    1.251144E+00
    5.646000E+03    6.959870E-01    2.381448E+02    4.759507E+04    1.537307E-05    9.999622E-02    7.878320E+01    3.076215E+01    2.203226E+01    0.000000E+00    3.169053E-04    1.251144E+00
    5.649000E+03    6.957419E-01    2.381262E+02    4.757458E+04    1.537209E-05    9.999712E-02    7.876982E+01    3.070490E+01    2.198750E+01    0.000000E+00    3.163979E-04    1.251144E+00
    5.652000E+03    6.954969E-01    2.381076E+02    4.755410E+04    1.537111E-05    9.999838E-02    7.875647E+01    3.064774E+01    2.194283E+01    0.000000E+00    3.158913E-04    1.251144E+00
    5.655000E+03    6.952520E-01    2.380890E+02    4.753362E+04    1.537013E-05    1.000000E-01    7.874315E+01    3.059068E+01    2.189824E+01    0.000000E+00    3.153855E-04    1.251144E+00
    5.658000E+03    6.950069E-01    2.380704E+02    4.751314E+04    1.536915E-05    9.999838E-02    7.872960E+01    3.053371E+01    2.185373E+01    0.000000E+00    3.148796E-04    1.251144E+00
    5.661000E+03    6.947620E-01    2.380518E+02    4.749267E+04    1.536817E-05    9.999711E-02    7.871608E+01    3.047684E+01    2.180931E+01    0.000000E+00    3.143746E-04    1.251144E+00
    5.664000E+03    6.945171E-01    2.380332E+02    4.747221E+04    1.536718E-05    9.999621E-02    7.870259E+01    3.042007E+01    2.176497E+01    0.000000E+00    3.138703E-04    1.251144E+00
    5.667000E+03    6.942723E-01    2.380146E+02    4.745176E+04    1.536620E-05    9.999567E-02    7.868912E+01    3.036339E+01    2.172071E+01    0.000000E+00    3.133668E-04    1.251144E+00
    5.670000E+03    6.940276E-01    2.379960E+02    4.743131E+04    1.536522E-05    9.999549E-02    7.867569E+01    3.030681E+01    2.167654E+01    0.000000E+00    3.128642E-04    1.251144E+00
    5.673000E+03    6.937830E-01    2.379774E+02    4.741087E+04    1.536424E-05    9.999567E-02    7.866229E+01    3.025032E+01    2.163244E+01    0.000000E+00    3.123623E-04    1.251144E+00
    5.676000E+03    6.935385E-01    2.379588E+02    4.739045E+04    1.536326E-05    9.999621E-02    7.864891E+01    3.019393E+01    2.158843E+01    0.000000E+00    3.118613E-04    1.251144E+00
    5.679000E+03    6.932941E-01    2.379402E+02    4.737003E+04    1.536228E-05    9.999711E-02    7.863557E+01    3.013763E+01    2.154451E+01    0.000000E+00    3.113610E-04    1.251144E+00
    5.682000E+03    6.930498E-01    2.379216E+02    4.734962E+04    1.536130E-05    9.999837E-02    7.862225E+01    3.008143E+01    2.150066E+01    0.000000E+00    3.108616E-04    1.251144E+00
    5.685000E+03    6.928055E-01    2.379030E+02    4.732922E+04    1.536032E-05    1.000000E-01    7.860896E+01    3.002532E+01    2.145690E+01    0.000000E+00    3.103629E-04    1.251144E+00
    5.688000E+03    6.925611E-01    2.378844E+02    4.730881E+04    1.535934E-05    9.999837E-02    7.859545E+01    2.996930E+01    2.141322E+01    0.000000E+00    3.098642E-04    1.251144E+00
    5.691000E+03    6.923169E-01    2.378658E+02    4.728841E+04    1.535836E-05    9.999710E-02    7.858196E+01    2.991338E+01    2.136962E+01    0.000000E+00    3.093662E-04    1.251144E+00
    5.694000E+03    6.920727E-01    2.378472E+02    4.726802E+04    1.535737E-05    9.999620E-02    7.856851E+01    2.985755E+01    2.132610E+01    0.000000E+00    3.088691E-04    1.251144E+00
    5.697000E+03    6.918285E-01    2.378286E+02    4.724763E+04    1.535639E-05    9.999566E-02    7.855508E+01    2.980182E+01    2.128267E+01    0.000000E+00    3.083727E-04    1.251144E+00
    5.700000E+03    6.915845E-01    2.378100E+02    4.722726E+04    1.535541E-05    9.999547E-02    7.854168E+01    2.974618E+01    2.123932E+01    0.000000E+00    3.078772E-04    1.251144E+00
    5.703000E+03    6.913406E-01    2.377914E+02    4.720690E+04    1.535443E-05    9.999566E-02    7.852831E+01    2.969064E+01    2.119604E+01    0.000000E+00    3.073824E-04    1.251144E+00
    5.706000E+03    6.910967E-01    2.377728E+02    4.718654E+04    1.535345E-05    9.999620E-02    7.851497E+01    2.963518E+01    2.115285E+01    0.000000E+00    3.068885E-04    1.251144E+00
    5.709000E+03    6.908530E-01    2.377542E+02    4.716619E+04    1.535247E-05    9.999710E-02    7.850166E+01    2.957983E+01    2.110974E+01    0.000000E+00    3.063953E-04    1.251144E+00
    5.712000E+03    6.906093E-01    2.377356E+02    4.714586E+04    1.535149E-05    9.999837E-02    7.848838E+01    2.952456E+01    2.106671E+01    0.000000E+00    3.059029E-04    1.251144E+00
    5.715000E+03    6.903658E-01    2.377170E+02    4.712553E+04    1.535050E-05    1.000000E-01    7.847512E+01    2.946939E+01    2.102376E+01    0.000000E+00    3.054113E-04    1.251144E+00
    5.718000E+03    6.901221E-01    2.376984E+02    4.710519E+04    1.534952E-05    9.999837E-02    7.846164E+01    2.941431E+01    2.098090E+01    0.000000E+00    3.049196E-04    1.251144E+00
    5.721000E+03    6.898784E-01    2.376798E+02    4.708486E+04    1.534854E-05    9.999710E-02    7.844819E+01    2.935932E+01    2.093811E+01    0.000000E+00    3.044287E-04    1.251144E+00
    5.724000E+03    6.896349E-01    2.376612E+02    4.706454E+04    1.534756E-05    9.999619E-02    7.843477E+01    2.930443E+01    2.089540E+01    0.000000E+00    3.039386E-04    1.251144E+00
    5.727000E+03    6.893915E-01    2.376426E+02    4.704423E+04    1.534658E-05    9.999565E-02    7.842137E+01    2.924963E+01    2.085277E+01    0.000000E+00    3.034493E-04    1.251144E+00
    5.730000E+03    6.891481E-01    2.376240E+02    4.702393E+04    1.534560E-05    9.999546E-02    7.840801E+01    2.919492E+01    2.081023E+01    0.000000E+00    3.029607E-04    1.251144E+00
    5.733000E+03    6.889048E-01    2.376054E+02    4.700364E+04    1.534462E-05    9.999564E-02    7.839467E+01    2.914030E+01    2.076776E+01    0.000000E+00    3.024730E-04    1.251144E+00
    5.736000E+03    6.886617E-01    2.375868E+02    4.698336E+04    1.534363E-05    9.999619E-02    7.838137E+01    2.908578E+01    2.072537E+01    0.000000E+00    3.019860E-04    1.251144E+00
    5.739000E+03    6.884186E-01    2.375682E+02    4.696308E+04    1.534265E-05    9.999710E-02    7.836809E+01    2.903135E+01    2.068307E+01    0.000000E+00    3.014998E-04    1.251144E+00
    5.742000E+03    6.881756E-01    2.375496E+02    4.694282E+04    1.534167E-05    9.999837E-02    7.835484E+01    2.897701E+01    2.064084E+01    0.000000E+00    3.010144E-04    1.251144E+00
    5.745000E+03    6.879327E-01    2.375310E+02    4.692256E+04    1.534069E-05    1.000000E-01    7.834163E+01    2.892276E+01    2.059869E+01    0.000000E+00    3.005298E-04    1.251144E+00
    5.748000E+03    6.876896E-01    2.375124E+02    4.690229E+04    1.533971E-05    9.999836E-02    7.832818E+01    2.886860E+01    2.055662E+01    0.000000E+00    3.000451E-04    1.251144E+00
    5.751000E+03    6.874467E-01    2.374938E+02    4.688204E+04    1.533872E-05    9.999709E-02    7.831476E+01    2.881454E+01    2.051463E+01    0.000000E+00    2.995611E-04    1.251144E+00
    5.754000E+03    6.872038E-01    2.374752E+02    4.686179E+04    1.533774E-05    9.999618E-02    7.830137E+01    2.876056E+01    2.047272E+01    0.000000E+00    2.990779E-04    1.251144E+00
    5.757000E+03    6.869610E-01    2.374566E+02    4.684155E+04    1.533676E-05    9.999563E-02    7.828801E+01    2.870668E+01    2.043089E+01    0.000000E+00    2.985956E-04    1.251144E+00
    5.760000E+03    6.867183E-01    2.374380E+02    4.682132E+04    1.533578E-05    9.999545E-02    7.827468E+01    2.865289E+01    2.038914E+01    0.000000E+00    2.981139E-04    1.251144E+00
    5.763000E+03    6.864757E-01    2.374194E+02    4.680110E+04    1.533480E-05    9.999563E-02    7.826138E+01    2.859919E+01    2.034746E+01    0.000000E+00    2.976331E-04    1.251144E+00
    5.766000E+03    6.862332E-01    2.374008E+02    4.678089E+04    1.533382E-05    9.999618E-02    7.824811E+01    2.854557E+01    2.030586E+01    0.000000E+00    2.971531E-04    1.251144E+00
    5.769000E+03    6.859908E-01    2.373822E+02    4.676069E+04    1.533283E-05    9.999709E-02    7.823487E+01    2.849206E+01    2.026435E+01    0.000000E+00    2.966738E-04    1.251144E+00
    5.772000E+03    6.857485E-01    2.373636E+02    4.674049E+04    1.533185E-05    9.999836E-02    7.822166E+01    2.843863E+01    2.022291E+01    0.000000E+00    2.961953E-04    1.251144E+00
    5.775000E+03    6.855062E-01    2.373450E+02    4.672031E+04    1.533087E-05    1.000000E-01    7.820847E+01    2.838529E+01    2.018154E+01    0.000000E+00    2.957175E-04    1.251144E+00
    5.778000E+03    6.852639E-01    2.373264E+02    4.670011E+04    1.532989E-05    9.999836E-02    7.819506E+01    2.833204E+01    2.014026E+01    0.000000E+00    2.952397E-04    1.251144E+00
    5.781000E+03    6.850216E-01    2.373078E+02    4.667993E+04    1.532890E-05    9.999708E-02    7.818168E+01    2.827888E+01    2.009905E+01    0.000000E+00    2.947626E-04    1.251144E+00
    5.784000E+03    6.847794E-01    2.372892E+02    4.665975E+04    1.532792E-05    9.999617E-02    7.816832E+01    2.822581E+01    2.005793E+01    0.000000E+00    2.942863E-04    1.251144E+00
    5.787000E+03    6.845373E-01    2.372706E+02    4.663959E+04    1.532694E-05    9.999562E-02    7.815500E+01    2.817283E+01    2.001688E+01    0.000000E+00    2.938108E-04    1.251144E+00
    5.790000E+03    6.842952E-01    2.372520E+02    4.661943E+04    1.532596E-05    9.999544E-02    7.814170E+01    2.811994E+01    1.997590E+01    0.000000E+00    2.933360E-04    1.251144E+00
    5.793000E+03    6.840533E-01    2.372334E+02    4.659928E+04    1.532498E-05    9.999562E-02    7.812843E+01    2.806714E+01    1.993501E+01    0.000000E+00    2.928620E-04    1.251144E+00
    5.796000E+03    6.838115E-01    2.372148E+02    4.657914E+04    1.532399E-05    9.999617E-02    7.811520E+01    2.801443E+01    1.989419E+01    0.000000E+00    2.923888E-04    1.251144E+00
    5.799000E+03    6.835697E-01    2.371962E+02    4.655901E+04    1.532301E-05    9.999708E-02    7.810199E+01    2.796181E+01    1.985344E+01    0.000000E+00    2.919163E-04    1.251144E+00
    5.802000E+03    6.833280E-01    2.371776E+02    4.653888E+04    1.532203E-05    9.999836E-02    7.808881E+01    2.790928E+01    1.981278E+01    0.000000E+00    2.914446E-04    1.251144E+00
    5.805000E+03    6.830865E-01    2.371590E+02    4.651877E+04    1.532105E-05    1.000000E-01    7.807566E+01    2.785684E+01    1.977219E+01    0.000000E+00    2.909736E-04    1.251144E+00
    5.808000E+03    6.828448E-01    2.371404E+02    4.649865E+04    1.532006E-05    9.999836E-02    7.806228E+01    2.780448E+01    1.973168E+01    0.000000E+00    2.905026E-04    1.251144E+00
    5.811000E+03    6.826031E-01    2.371218E+02    4.647854E+04    1.531908E-05    9.999708E-02    7.804893E+01    2.775222E+01    1.969124E+01    0.000000E+00    2.900323E-04    1.251144E+00
    5.814000E+03    6.823616E-01    2.371032E+02    4.645843E+04    1.531810E-05    9.999616E-02    7.803561E+01    2.770004E+01    1.965088E+01    0.000000E+00    2.895628E-04    1.251144E+00
    5.817000E+03    6.821201E-01    2.370846E+02    4.643834E+04    1.531712E-05    9.999561E-02    7.802232E+01    2.764795E+01    1.961060E+01    0.000000E+00    2.890940E-04    1.251144E+00
    5.820000E+03    6.818788E-01    2.370660E+02    4.641825E+04    1.531613E-05    9.999543E-02    7.800906E+01    2.759595E+01    1.957039E+01    0.000000E+00    2.886260E-04    1.251144E+00
    5.823000E+03    6.816375E-01    2.370474E+02    4.639817E+04    1.531515E-05    9.999561E-02    7.799583E+01    2.754404E+01    1.953026E+01    0.000000E+00    2.881588E-04    1.251144E+00
    5.826000E+03    6.813963E-01    2.370288E+02    4.637810E+04    1.531417E-05    9.999616E-02    7.798263E+01    2.749222E+01    1.949021E+01    0.000000E+00    2.876923E-04    1.251144E+00
    5.829000E+03    6.811553E-01    2.370102E+02    4.635804E+04    1.531318E-05    9.999707E-02    7.796945E+01    2.744048E+01    1.945023E+01    0.000000E+00    2.872265E-04    1.251144E+00
    5.832000E+03    6.809143E-01    2.369916E+02    4.633799E+04    1.531220E-05    9.999835E-02    7.795631E+01    2.738883E+01    1.941032E+01    0.000000E+00    2.867615E-04    1.251144E+00
    5.835000E+03    6.806733E-01    2.369730E+02    4.631795E+04    1.531122E-05    1.000000E-01    7.794319E+01    2.733727E+01    1.937050E+01    0.000000E+00    2.862973E-04    1.251144E+00
    5.838000E+03    6.804323E-01    2.369544E+02    4.629790E+04    1.531024E-05    9.999835E-02    7.792985E+01    2.728580E+01    1.933074E+01    0.000000E+00    2.858330E-04    1.251144E+00
    5.841000E+03    6.801913E-01    2.369358E+02    4.627786E+04    1.530925E-05    9.999707E-02    7.791654E+01    2.723442E+01    1.929106E+01    0.000000E+00    2.853694E-04    1.251144E+00
    5.844000E+03    6.799505E-01    2.369172E+02    4.625782E+04    1.530827E-05    9.999615E-02    7.790325E+01    2.718312E+01    1.925146E+01    0.000000E+00    2.849066E-04    1.251144E+00
    5.847000E+03    6.797097E-01    2.368986E+02    4.623780E+04    1.530729E-05    9.999560E-02    7.788999E+01    2.713191E+01    1.921193E+01    0.000000E+00    2.844445E-04    1.251144E+00
    5.850000E+03    6.794690E-01    2.368800E+02    4.621778E+04    1.530630E-05    9.999542E-02    7.787677E+01    2.708078E+01    1.917248E+01    0.000000E+00    2.839832E-04    1.251144E+00
    5.853000E+03    6.792284E-01    2.368614E+02    4.619778E+04    1.530532E-05    9.999560E-02    7.786357E+01    2.702975E+01    1.913310E+01    0.000000E+00    2.835226E-04    1.251144E+00
    5.856000E+03    6.789878E-01    2.368428E+02    4.617778E+04    1.530434E-05    9.999615E-02    7.785040E+01    2.697880E+01    1.909380E+01    0.000000E+00    2.830628E-04    1.251144E+00
    5.859000E+03    6.787474E-01    2.368242E+02    4.615779E+04    1.530336E-05    9.999707E-02    7.783726E+01    2.692793E+01    1.905457E+01    0.000000E+00    2.826037E-04    1.251144E+00
    5.862000E+03    6.785071E-01    2.368056E+02    4.613781E+04    1.530237E-05    9.999835E-02    7.782415E+01    2.687716E+01    1.901541E+01    0.000000E+00    2.821453E-04    1.251144E+00
    5.865000E+03    6.782668E-01    2.367870E+02    4.611784E+04    1.530139E-05    1.000000E-01    7.781107E+01    2.682647E+01    1.897633E+01    0.000000E+00    2.816877E-04    1.251144E+00
    5.868000E+03    6.780264E-01    2.367684E+02    4.609786E+04    1.530041E-05    9.999835E-02    7.779776E+01    2.677586E+01    1.893732E+01    0.000000E+00    2.812300E-04    1.251144E+00
    5.871000E+03    6.777861E-01    2.367498E+02    4.607789E+04    1.529942E-05    9.999706E-02    7.778448E+01    2.672535E+01    1.889839E+01    0.000000E+00    2.807731E-04    1.251144E+00
    5.874000E+03    6.775459E-01    2.367312E+02    4.605792E+04    1.529844E-05    9.999614E-02    7.777123E+01    2.667491E+01    1.885953E+01    0.000000E+00    2.803169E-04    1.251144E+00
    5.877000E+03    6.773058E-01    2.367126E+02    4.603797E+04    1.529746E-05    9.999559E-02    7.775801E+01    2.662457E+01    1.882074E+01    0.000000E+00    2.798614E-04    1.251144E+00
    5.880000E+03    6.770658E-01    2.366940E+02    4.601803E+04    1.529647E-05    9.999541E-02    7.774482E+01    2.657431E+01    1.878203E+01    0.000000E+00    2.794066E-04    1.251144E+00
    5.883000E+03    6.768258E-01    2.366754E+02    4.599809E+04    1.529549E-05    9.999559E-02    7.773165E+01    2.652413E+01    1.874339E+01    0.000000E+00    2.789527E-04    1.251144E+00
    5.886000E+03    6.765860E-01    2.366568E+02    4.597816E+04    1.529451E-05    9.999614E-02    7.771852E+01    2.647404E+01    1.870482E+01    0.000000E+00    2.784994E-04    1.251144E+00
    5.889000E+03    6.763462E-01    2.366382E+02    4.595824E+04    1.529352E-05    9.999706E-02    7.770541E+01    2.642404E+01    1.866633E+01    0.000000E+00    2.780469E-04    1.251144E+00
    5.892000E+03    6.761065E-01    2.366196E+02    4.593833E+04    1.529254E-05    9.999835E-02    7.769234E+01    2.637412E+01    1.862791E+01    0.000000E+00    2.775951E-04    1.251144E+00
    5.895000E+03    6.758669E-01    2.366010E+02    4.591843E+04    1.529156E-05    1.000000E-01    7.767929E+01    2.632429E+01    1.858956E+01    0.000000E+00    2.771440E-04    1.251144E+00
    5.898000E+03    6.756272E-01    2.365824E+02    4.589852E+04    1.529057E-05    9.999834E-02    7.766602E+01    2.627454E+01    1.855129E+01    0.000000E+00    2.766929E-04    1.251144E+00
    5.901000E+03    6.753876E-01    2.365638E+02    4.587863E+04    1.528959E-05    9.999705E-02    7.765277E+01    2.622487E+01    1.851309E+01    0.000000E+00    2.762425E-04    1.251144E+00
    5.904000E+03    6.751480E-01    2.365452E+02    4.585873E+04    1.528861E-05    9.999613E-02    7.763955E+01    2.617529E+01    1.847496E+01    0.000000E+00    2.757928E-04    1.251144E+00
    5.907000E+03    6.749086E-01    2.365266E+02    4.583885E+04    1.528762E-05    9.999558E-02    7.762637E+01    2.612580E+01    1.843690E+01    0.000000E+00    2.753438E-04    1.251144E+00
    5.910000E+03    6.746692E-01    2.365080E+02    4.581898E+04    1.528664E-05    9.999540E-02    7.761321E+01    2.607639E+01    1.839891E+01    0.000000E+00    2.748956E-04    1.251144E+00
    5.913000E+03    6.744299E-01    2.364894E+02    4.579911E+04    1.528565E-05    9.999558E-02    7.760008E+01    2.602706E+01    1.836100E+01    0.000000E+00    2.744481E-04    1.251144E+00
    5.916000E+03    6.741907E-01    2.364708E+02    4.577926E+04    1.528467E-05    9.999613E-02    7.758698E+01    2.597782E+01    1.832316E+01    0.000000E+00    2.740014E-04    1.251144E+00
    5.919000E+03    6.739516E-01    2.364522E+02    4.575941E+04    1.528369E-05    9.999705E-02    7.757391E+01    2.592866E+01    1.828539E+01    0.000000E+00    2.735553E-04    1.251144E+00
    5.922000E+03    6.737126E-01    2.364336E+02    4.573957E+04    1.528270E-05    9.999834E-02    7.756087E+01    2.587959E+01    1.824769E+01    0.000000E+00    2.731100E-04    1.251144E+00
    5.925000E+03    6.734736E-01    2.364150E+02    4.571974E+04    1.528172E-05    1.000000E-01    7.754786E+01    2.583060E+01    1.821007E+01    0.000000E+00    2.726655E-04    1.251144E+00
    5.928000E+03    6.732346E-01    2.363964E+02    4.569990E+04    1.528073E-05    9.999834E-02    7.753462E+01    2.578169E+01    1.817252E+01    0.000000E+00    2.722208E-04    1.251144E+00
    5.931000E+03    6.729956E-01    2.363778E+02    4.568007E+04    1.527975E-05    9.999705E-02    7.752141E+01    2.573287E+01    1.813503E+01    0.000000E+00    2.717768E-04    1.251144E+00
    5.934000E+03    6.727567E-01    2.363592E+02    4.566025E+04    1.527877E-05    9.999612E-02    7.750822E+01    2.568413E+01    1.809762E+01    0.000000E+00    2.713336E-04    1.251144E+00
    5.937000E+03    6.725179E-01    2.363406E+02    4.564044E+04    1.527778E-05    9.999557E-02    7.749507E+01    2.563547E+01    1.806028E+01    0.000000E+00    2.708911E-04    1.251144E+00
    5.940000E+03    6.722792E-01    2.363220E+02    4.562064E+04    1.527680E-05    9.999538E-02    7.748195E+01    2.558690E+01    1.802301E+01    0.000000E+00    2.704493E-04    1.251144E+00
    5.943000E+03    6.720406E-01    2.363034E+02    4.560084E+04    1.527581E-05    9.999557E-02    7.746885E+01    2.553841E+01    1.798581E+01    0.000000E+00    2.700082E-04    1.251144E+00
    5.946000E+03    6.718020E-01    2.362848E+02    4.558106E+04    1.527483E-05    9.999612E-02    7.745579E+01    2.549000E+01    1.794868E+01    0.000000E+00    2.695679E-04    1.251144E+00
    5.949000E+03    6.715636E-01    2.362662E+02    4.556128E+04    1.527385E-05    9.999705E-02    7.744275E+01    2.544168E+01    1.791163E+01    0.000000E+00    2.691283E-04    1.251144E+00
    5.952000E+03    6.713252E-01    2.362476E+02    4.554151E+04    1.527286E-05    9.999834E-02    7.742975E+01    2.539344E+01    1.787464E+01    0.000000E+00    2.686893E-04    1.251144E+00
    5.955000E+03    6.710869E-01    2.362290E+02    4.552175E+04    1.527188E-05    1.000000E-01    7.741677E+01    2.534528E+01    1.783772E+01    0.000000E+00    2.682512E-04    1.251144E+00
    5.958000E+03    6.708485E-01    2.362104E+02    4.550198E+04    1.527089E-05    9.999833E-02    7.740356E+01    2.529720E+01    1.780088E+01    0.000000E+00    2.678129E-04    1.251144E+00
    5.961000E+03    6.706102E-01    2.361918E+02    4.548222E+04    1.526991E-05    9.999704E-02    7.739039E+01    2.524921E+01    1.776410E+01    0.000000E+00    2.673753E-04    1.251144E+00
    5.964000E+03    6.703720E-01    2.361732E+02    4.546247E+04    1.526893E-05    9.999611E-02    7.737724E+01    2.520130E+01    1.772740E+01    0.000000E+00    2.669384E-04    1.251144E+00
    5.967000E+03    6.701338E-01    2.361546E+02    4.544273E+04    1.526794E-05    9.999556E-02    7.736412E+01    2.515347E+01    1.769076E+01    0.000000E+00    2.665023E-04    1.251144E+00
    5.970000E+03    6.698958E-01    2.361360E+02    4.542300E+04    1.526696E-05    9.999537E-02    7.735103E+01    2.510572E+01    1.765419E+01    0.000000E+00    2.660669E-04    1.251144E+00
    5.973000E+03    6.696578E-01    2.361174E+02    4.540327E+04    1.526597E-05    9.999556E-02    7.733797E+01    2.505805E+01    1.761770E+01    0.000000E+00    2.656321E-04    1.251144E+00
    5.976000E+03    6.694199E-01    2.360988E+02    4.538356E+04    1.526499E-05    9.999611E-02    7.732494E+01    2.501047E+01    1.758127E+01    0.000000E+00    2.651981E-04    1.251144E+00
    5.979000E+03    6.691821E-01    2.360802E+02    4.536385E+04    1.526400E-05    9.999704E-02    7.731194E+01    2.496296E+01    1.754491E+01    0.000000E+00    2.647648E-04    1.251144E+00
    5.982000E+03    6.689444E-01    2.360616E+02    4.534415E+04    1.526302E-05    9.999833E-02    7.729897E+01    2.491554E+01    1.750862E+01    0.000000E+00    2.643322E-04    1.251144E+00
    5.985000E+03    6.687068E-01    2.360430E+02    4.532446E+04    1.526203E-05    1.000000E-01    7.728603E+01    2.486820E+01    1.747240E+01    0.000000E+00    2.639003E-04    1.251144E+00
    5.988000E+03    6.684693E-01    2.360244E+02    4.530478E+04    1.526105E-05    1.000020E-01    7.727311E+01    2.482094E+01    1.743625E+01    0.000000E+00    2.634692E-04    1.251144E+00
    5.991000E+03    6.682318E-01    2.360058E+02    4.528511E+04    1.526007E-05    1.000044E-01    7.726023E+01    2.477376E+01    1.740017E+01    0.000000E+00    2.630387E-04    1.251144E+00
    5.994000E+03    6.679945E-01    2.359872E+02    4.526544E+04    1.525908E-05    1.000072E-01    7.724738E+01    2.472667E+01    1.736416E+01    0.000000E+00    2.626089E-04    1.251144E+00
    5.997000E+03    6.677572E-01    2.359686E+02    4.524579E+04    1.525810E-05    1.000104E-01    7.723455E+01    2.467965E+01    1.732822E+01    0.000000E+00    2.621798E-04    1.251144E+00
    6.000000E+03    6.675201E-01    2.359500E+02    4.522614E+04    1.525711E-05    1.000139E-01    7.722176E+01    2.463271E+01    1.729234E+01    0.000000E+00    2.617515E-04    1.251144E+00
